-- MySQL dump 10.13  Distrib 8.0.13, for Win64 (x86_64)
--
-- Host: localhost    Database: learning-management-system
-- ------------------------------------------------------
-- Server version	8.0.13

/*!40101 SET @OLD_CHARACTER_SET_CLIENT=@@CHARACTER_SET_CLIENT */;
/*!40101 SET @OLD_CHARACTER_SET_RESULTS=@@CHARACTER_SET_RESULTS */;
/*!40101 SET @OLD_COLLATION_CONNECTION=@@COLLATION_CONNECTION */;
 SET NAMES utf8 ;
/*!40103 SET @OLD_TIME_ZONE=@@TIME_ZONE */;
/*!40103 SET TIME_ZONE='+00:00' */;
/*!40014 SET @OLD_UNIQUE_CHECKS=@@UNIQUE_CHECKS, UNIQUE_CHECKS=0 */;
/*!40014 SET @OLD_FOREIGN_KEY_CHECKS=@@FOREIGN_KEY_CHECKS, FOREIGN_KEY_CHECKS=0 */;
/*!40101 SET @OLD_SQL_MODE=@@SQL_MODE, SQL_MODE='NO_AUTO_VALUE_ON_ZERO' */;
/*!40111 SET @OLD_SQL_NOTES=@@SQL_NOTES, SQL_NOTES=0 */;

--
-- Table structure for table `assignment`
--

DROP TABLE IF EXISTS `assignment`;
/*!40101 SET @saved_cs_client     = @@character_set_client */;
 SET character_set_client = utf8 ;
CREATE TABLE `assignment` (
  `ass_id` bigint(20) NOT NULL AUTO_INCREMENT,
  `ass_body` varchar(255) DEFAULT NULL,
  `eval_weight` varchar(255) DEFAULT NULL,
  `is_on_going` bit(1) DEFAULT NULL,
  `is_team_work` bit(1) DEFAULT NULL,
  `status` varchar(255) DEFAULT NULL,
  `title` varchar(255) DEFAULT NULL,
  `subject_id` bigint(20) DEFAULT NULL,
  `created_by` varchar(255) DEFAULT NULL,
  `created_date` datetime(6) DEFAULT NULL,
  `modified_by` varchar(255) DEFAULT NULL,
  `modified_date` datetime(6) DEFAULT NULL,
  PRIMARY KEY (`ass_id`),
  KEY `FKp1gsvxfhi4e5ek8pubhmnh6ol` (`subject_id`),
  CONSTRAINT `FKp1gsvxfhi4e5ek8pubhmnh6ol` FOREIGN KEY (`subject_id`) REFERENCES `subject` (`subject_id`)
) ENGINE=InnoDB DEFAULT CHARSET=utf8;
/*!40101 SET character_set_client = @saved_cs_client */;

--
-- Dumping data for table `assignment`
--

LOCK TABLES `assignment` WRITE;
/*!40000 ALTER TABLE `assignment` DISABLE KEYS */;
/*!40000 ALTER TABLE `assignment` ENABLE KEYS */;
UNLOCK TABLES;

--
-- Table structure for table `class`
--

DROP TABLE IF EXISTS `class`;
/*!40101 SET @saved_cs_client     = @@character_set_client */;
 SET character_set_client = utf8 ;
CREATE TABLE `class` (
  `class_id` bigint(20) NOT NULL AUTO_INCREMENT,
  `created_by` varchar(255) DEFAULT NULL,
  `created_date` datetime(6) DEFAULT NULL,
  `modified_by` varchar(255) DEFAULT NULL,
  `modified_date` datetime(6) DEFAULT NULL,
  `code` varchar(255) NOT NULL,
  `description` varchar(255) DEFAULT NULL,
  `status` varchar(255) DEFAULT NULL,
  `setting_branch_setting_id` bigint(20) DEFAULT NULL,
  `setting_term_setting_id` bigint(20) DEFAULT NULL,
  `subject_id` bigint(20) DEFAULT NULL,
  `user_supporter_user_id` bigint(20) DEFAULT NULL,
  `user_trainer_user_id` bigint(20) DEFAULT NULL,
  PRIMARY KEY (`class_id`),
  UNIQUE KEY `UK_mtq71nmcpoqpxqvgklo7v06na` (`code`),
  KEY `FKa0huwpllqdwlr8qhtr7n9wvn` (`setting_branch_setting_id`),
  KEY `FKeflmvnyoj9c88otvv12q6snum` (`setting_term_setting_id`),
  KEY `FKh0eyrgvqpfux7dvr8elhhdaf6` (`subject_id`),
  KEY `FKidldf3knwm4u7q56g8cbm8dp1` (`user_supporter_user_id`),
  KEY `FK2nhu6kke1w1cumqbgp62r0x09` (`user_trainer_user_id`),
  CONSTRAINT `FK2nhu6kke1w1cumqbgp62r0x09` FOREIGN KEY (`user_trainer_user_id`) REFERENCES `user` (`user_id`),
  CONSTRAINT `FKa0huwpllqdwlr8qhtr7n9wvn` FOREIGN KEY (`setting_branch_setting_id`) REFERENCES `setting` (`setting_id`),
  CONSTRAINT `FKeflmvnyoj9c88otvv12q6snum` FOREIGN KEY (`setting_term_setting_id`) REFERENCES `setting` (`setting_id`),
  CONSTRAINT `FKh0eyrgvqpfux7dvr8elhhdaf6` FOREIGN KEY (`subject_id`) REFERENCES `subject` (`subject_id`),
  CONSTRAINT `FKidldf3knwm4u7q56g8cbm8dp1` FOREIGN KEY (`user_supporter_user_id`) REFERENCES `user` (`user_id`)
) ENGINE=InnoDB AUTO_INCREMENT=15 DEFAULT CHARSET=utf8 COLLATE=utf8_general_ci;
/*!40101 SET character_set_client = @saved_cs_client */;

--
-- Dumping data for table `class`
--

LOCK TABLES `class` WRITE;
/*!40000 ALTER TABLE `class` DISABLE KEYS */;
INSERT INTO `class` VALUES (1,NULL,NULL,NULL,NULL,'SE1230','Lop SE1230','1',84,54,1,24,1),(2,NULL,NULL,NULL,NULL,'IA1410','Lop IA1410','1',84,54,3,24,1),(3,NULL,NULL,NULL,NULL,'SE1208','Lop SE1208','1',74,44,1,2,5),(4,NULL,NULL,NULL,NULL,'SB1222','Lop SB1222','1',84,64,7,6,24),(5,NULL,NULL,NULL,NULL,'IA1502','Lop IA1502','1',74,54,3,24,5),(7,NULL,NULL,NULL,NULL,'HM1505','Lop HE1511','1',94,54,2,6,24),(8,NULL,NULL,NULL,NULL,'HE1511','Lop HE1511','0',84,64,1,2,1),(9,NULL,NULL,NULL,NULL,'SE1501','Lop SE1501','1',94,64,7,3,6),(10,NULL,NULL,NULL,NULL,'SB1411','Lop SB1411','1',84,54,2,3,5),(11,NULL,NULL,NULL,NULL,'SE1428','Lop SE1428','1',74,54,1,2,14),(12,NULL,NULL,NULL,NULL,'SE1506','Lop SE1506','1',84,44,2,24,5),(14,'quan1@doivl.com','2022-10-16 20:28:47.412000','quan1@doivl.com','2022-10-16 20:28:47.412000','VQ1222','Lop SE1425','1',84,44,NULL,6,14);
/*!40000 ALTER TABLE `class` ENABLE KEYS */;
UNLOCK TABLES;

--
-- Table structure for table `class_user`
--

DROP TABLE IF EXISTS `class_user`;
/*!40101 SET @saved_cs_client     = @@character_set_client */;
 SET character_set_client = utf8 ;
CREATE TABLE `class_user` (
  `class_id` bigint(20) NOT NULL,
  `user_id` bigint(20) NOT NULL,
  `dropout_date` date DEFAULT NULL,
  `final_eval` varchar(255) DEFAULT NULL,
  `note` varchar(255) DEFAULT NULL,
  `ongoing_eval` varchar(255) DEFAULT NULL,
  `status` varchar(255) DEFAULT NULL,
  `topic_eval` varchar(255) DEFAULT NULL,
  PRIMARY KEY (`class_id`,`user_id`),
  KEY `FKt965l5m9twycbgm4wc88x5tlb` (`user_id`),
  CONSTRAINT `FKmxw4wosuc6cmjt76so5c7hmto` FOREIGN KEY (`class_id`) REFERENCES `class` (`class_id`),
  CONSTRAINT `FKt965l5m9twycbgm4wc88x5tlb` FOREIGN KEY (`user_id`) REFERENCES `user` (`user_id`)
) ENGINE=InnoDB DEFAULT CHARSET=utf8 COLLATE=utf8_general_ci;
/*!40101 SET character_set_client = @saved_cs_client */;

--
-- Dumping data for table `class_user`
--

LOCK TABLES `class_user` WRITE;
/*!40000 ALTER TABLE `class_user` DISABLE KEYS */;
INSERT INTO `class_user` VALUES (1,1,'2022-10-12','','note 1','','-1',''),(1,14,NULL,'','note 2','','1',''),(1,24,NULL,'','note 3','','1',''),(1,34,NULL,'','note 4','','1',''),(1,44,NULL,'','note 5','','1',''),(2,1,NULL,'','note 6','','1',''),(2,4,NULL,'','note 7','','0',''),(2,6,NULL,'','note 8','','1',''),(2,14,NULL,'','note 9','','1',''),(2,44,NULL,'','note 10','','1',''),(3,1,NULL,'','note 11','','1',''),(3,4,NULL,'','note 12','','1',''),(3,6,NULL,'','note 13','','1',''),(3,14,NULL,'','note 14','','1',''),(3,34,NULL,'','note 15','','1',''),(4,44,NULL,'','note 16','','1','');
/*!40000 ALTER TABLE `class_user` ENABLE KEYS */;
UNLOCK TABLES;

--
-- Table structure for table `permission`
--

DROP TABLE IF EXISTS `permission`;
/*!40101 SET @saved_cs_client     = @@character_set_client */;
 SET character_set_client = utf8 ;
CREATE TABLE `permission` (
  `role_id` bigint(20) NOT NULL,
  `screen_id` bigint(20) NOT NULL,
  `can_add` bit(1) DEFAULT NULL,
  `can_delete` bit(1) DEFAULT NULL,
  `can_edit` bit(1) DEFAULT NULL,
  `get_all_data` bit(1) DEFAULT NULL,
  PRIMARY KEY (`role_id`,`screen_id`),
  KEY `FKq08sawwu420t1x8w1d9ri9nyq` (`screen_id`),
  CONSTRAINT `FKn3pl49a555fbcdhl5nhbdtfo7` FOREIGN KEY (`role_id`) REFERENCES `setting` (`setting_id`),
  CONSTRAINT `FKq08sawwu420t1x8w1d9ri9nyq` FOREIGN KEY (`screen_id`) REFERENCES `setting` (`setting_id`)
) ENGINE=InnoDB DEFAULT CHARSET=utf8;
/*!40101 SET character_set_client = @saved_cs_client */;

--
-- Dumping data for table `permission`
--

LOCK TABLES `permission` WRITE;
/*!40000 ALTER TABLE `permission` DISABLE KEYS */;
INSERT INTO `permission` VALUES (4,24,_binary '\0',_binary '\0',_binary '',_binary ''),(4,25,_binary '\0',_binary '\0',_binary '',_binary ''),(4,26,_binary '\0',_binary '\0',_binary '',_binary ''),(4,27,_binary '\0',_binary '\0',_binary '',_binary ''),(4,28,_binary '\0',_binary '\0',_binary '',_binary ''),(4,29,_binary '\0',_binary '\0',_binary '',_binary ''),(5,24,_binary '\0',_binary '\0',_binary '\0',_binary '\0'),(5,25,_binary '\0',_binary '\0',_binary '\0',_binary '\0'),(5,26,_binary '\0',_binary '\0',_binary '\0',_binary '\0'),(5,27,_binary '\0',_binary '\0',_binary '\0',_binary '\0'),(5,28,_binary '\0',_binary '\0',_binary '\0',_binary '\0'),(6,24,_binary '\0',_binary '\0',_binary '\0',_binary '\0'),(6,25,_binary '\0',_binary '\0',_binary '\0',_binary '\0'),(6,26,_binary '\0',_binary '\0',_binary '\0',_binary '\0'),(6,27,_binary '\0',_binary '\0',_binary '\0',_binary '\0'),(6,28,_binary '\0',_binary '\0',_binary '',_binary ''),(6,29,_binary '\0',_binary '\0',_binary '',_binary ''),(6,30,_binary '\0',_binary '\0',_binary '',_binary ''),(6,31,_binary '\0',_binary '\0',_binary '',_binary ''),(7,24,_binary '\0',_binary '\0',_binary '\0',_binary '\0'),(7,25,_binary '\0',_binary '\0',_binary '\0',_binary '\0'),(7,26,_binary '\0',_binary '\0',_binary '\0',_binary '\0'),(7,27,_binary '\0',_binary '\0',_binary '\0',_binary '\0'),(7,28,_binary '\0',_binary '\0',_binary '\0',_binary '\0'),(7,30,_binary '\0',_binary '\0',_binary '',_binary ''),(7,244,_binary '\0',_binary '\0',_binary '',_binary ''),(7,254,_binary '\0',_binary '\0',_binary '\0',_binary ''),(8,24,_binary '\0',_binary '\0',_binary '\0',_binary '\0'),(8,25,_binary '\0',_binary '\0',_binary '\0',_binary '\0'),(8,26,_binary '\0',_binary '\0',_binary '\0',_binary '\0'),(8,27,_binary '\0',_binary '\0',_binary '\0',_binary '\0'),(8,28,_binary '\0',_binary '\0',_binary '\0',_binary '\0'),(8,30,_binary '\0',_binary '\0',_binary '\0',_binary '');
/*!40000 ALTER TABLE `permission` ENABLE KEYS */;
UNLOCK TABLES;

--
-- Table structure for table `setting`
--

DROP TABLE IF EXISTS `setting`;
/*!40101 SET @saved_cs_client     = @@character_set_client */;
 SET character_set_client = utf8 ;
CREATE TABLE `setting` (
  `setting_id` bigint(20) NOT NULL AUTO_INCREMENT,
  `created_by` varchar(255) DEFAULT NULL,
  `created_date` datetime(6) DEFAULT NULL,
  `modified_by` varchar(255) DEFAULT NULL,
  `modified_date` datetime(6) DEFAULT NULL,
  `description` varchar(255) DEFAULT NULL,
  `display_order` varchar(255) DEFAULT NULL,
  `setting_title` varchar(255) DEFAULT NULL,
  `setting_value` varchar(255) DEFAULT NULL,
  `status` varchar(255) DEFAULT NULL,
  `screen_id` bigint(20) DEFAULT NULL,
  `type_id` bigint(20) DEFAULT NULL,
  PRIMARY KEY (`setting_id`),
  UNIQUE KEY `UK_3e4tk32iq98it81o0q40h5r1d` (`setting_value`),
  KEY `FKf0djegitn7cetorr7upxwc3vt` (`screen_id`),
  KEY `FKgd88q3lg873hfpg9vkjew3dvr` (`type_id`),
  CONSTRAINT `FKf0djegitn7cetorr7upxwc3vt` FOREIGN KEY (`screen_id`) REFERENCES `setting` (`setting_id`),
  CONSTRAINT `FKgd88q3lg873hfpg9vkjew3dvr` FOREIGN KEY (`type_id`) REFERENCES `setting` (`setting_id`)
) ENGINE=InnoDB AUTO_INCREMENT=278 DEFAULT CHARSET=utf8;
/*!40101 SET character_set_client = @saved_cs_client */;

--
-- Dumping data for table `setting`
--

LOCK TABLES `setting` WRITE;
/*!40000 ALTER TABLE `setting` DISABLE KEYS */;
INSERT INTO `setting` VALUES (1,NULL,'2022-10-07 23:15:03.000000',NULL,'2022-10-07 23:15:03.000000','contain setting for each screen in system',NULL,'System Screen','TYPE_SCREEN',NULL,NULL,NULL),(2,NULL,'2022-10-07 23:15:03.000000',NULL,'2022-10-07 23:15:03.000000','contain api link',NULL,'API','TYPE_API',NULL,NULL,NULL),(3,NULL,'2022-10-07 23:15:03.000000',NULL,'2022-10-07 23:15:03.000000','contain settings relate to user role',NULL,'User Role','TYPE_ROLE',NULL,NULL,NULL),(4,NULL,'2022-10-07 23:15:03.000000',NULL,'2022-10-09 05:25:19.000000','admin12','2','admin','ROLE_ADMIN','1',NULL,3),(5,NULL,'2022-10-07 23:15:03.000000',NULL,'2022-10-09 05:52:04.000000','trainee','1000000000000000000000000000000000000000000000000','trainee','ROLE_TRAINEE','1',NULL,3),(6,NULL,'2022-10-07 23:15:03.000000',NULL,'2022-10-07 23:15:03.000000','description for manager','1','manager','ROLE_MANAGER','1',NULL,3),(7,NULL,'2022-10-07 23:15:03.000000',NULL,'2022-10-08 14:29:14.000000','description for supporter','1','supporter','ROLE_SUPPORTER','1',NULL,3),(8,NULL,'2022-10-07 23:15:03.000000',NULL,'2022-10-07 23:15:03.000000','description for trainer','1','trainer','ROLE_TRAINER','1',NULL,3),(9,NULL,'2022-10-07 23:15:03.000000',NULL,'2022-10-07 23:15:03.000000','description for expert','1','expert','ROLE_EXPERT','1',NULL,3),(10,NULL,'2022-10-07 23:15:03.000000',NULL,'2022-10-07 23:15:03.000000','type for test',NULL,'Test','TYPE_TEST',NULL,NULL,NULL),(11,NULL,'2022-10-07 23:15:03.000000',NULL,'2022-10-07 23:15:03.000000','description','1','Setting List ','/api/setting','1',24,2),(12,NULL,'2022-10-07 23:15:03.000000',NULL,'2022-10-07 23:15:03.000000','description ','1','Setting Filter','/api/setting-filter','1',24,2),(13,NULL,'2022-10-07 23:15:03.000000',NULL,'2022-10-07 23:15:03.000000','description ','1','Setting Status','/api/setting-status','1',24,2),(14,NULL,'2022-10-07 23:15:03.000000',NULL,'2022-10-07 23:15:03.000000','description ','1','Subject List','/api/subjects','1',28,2),(15,NULL,'2022-10-07 23:15:03.000000',NULL,'2022-10-07 23:15:03.000000','description ','1','Subject Status','/api/subjects-status','1',28,2),(16,NULL,'2022-10-07 23:15:03.000000',NULL,'2022-10-07 23:15:03.000000','description ','1','User List','/api/user','1',27,2),(17,NULL,'2022-10-07 23:15:03.000000',NULL,'2022-10-07 23:15:03.000000','description ','1','User Filter','/api/user-filter','1',27,2),(18,NULL,'2022-10-07 23:15:03.000000',NULL,'2022-10-07 23:15:03.000000','description ','1','User Status','/api/user-status','1',27,2),(19,NULL,'2022-10-07 23:15:03.000000','hoangnhhe141380@fpt.edu.vn','2022-10-12 18:39:59.166000','description for test','2','test3','TEST3','0',NULL,10),(20,NULL,'2022-10-07 23:15:03.000000','xucxichbo@doivl.com','2022-10-12 15:45:25.514000','dfsfdfsfs','2','GRRRR 3','TEEST','0',NULL,10),(21,NULL,'2022-10-07 23:15:03.000000',NULL,'2022-10-07 23:15:03.000000','description','1','Dashboard ','/dashboard','1',NULL,1),(22,NULL,'2022-10-07 23:15:03.000000',NULL,'2022-10-07 23:15:03.000000','description','1','Profile  ','/profile','1',NULL,1),(23,NULL,'2022-10-07 23:15:03.000000',NULL,'2022-10-07 23:15:03.000000','description','1','ChangePassword   ','/change-password','1',NULL,1),(24,NULL,'2022-10-07 23:15:03.000000',NULL,'2022-10-07 23:15:03.000000','description','1','SettingList ','/setting-list','1',NULL,1),(25,NULL,'2022-10-07 23:15:03.000000',NULL,'2022-10-07 23:15:03.000000','description','1','SettingDetail','/setting-detail/:id','1',NULL,1),(26,NULL,'2022-10-07 23:15:03.000000',NULL,'2022-10-07 23:15:03.000000','description','1','UserDetail ','/user-detail/:id','1',NULL,1),(27,NULL,'2022-10-07 23:15:03.000000',NULL,'2022-10-08 14:45:23.000000','description','1','UserList','/user-list','1',NULL,1),(28,NULL,'2022-10-07 23:15:03.000000',NULL,'2022-10-07 23:15:03.000000','description','1','SubjectList','/subject-list','1',NULL,1),(29,NULL,'2022-10-07 23:15:03.000000',NULL,'2022-10-07 23:15:03.000000','description','1','SubjectDetail','/subject-detail/:id','1',NULL,1),(30,NULL,'2022-10-07 23:15:03.000000',NULL,'2022-10-07 23:15:03.000000','description','1','ClassList','/class-list','1',NULL,1),(31,NULL,'2022-10-07 23:15:03.000000',NULL,'2022-10-07 23:15:03.000000','description','1','ClassDetail','/class-detail/:id','1',NULL,1),(32,NULL,NULL,NULL,NULL,'API setting details','1','ApiSettingDetails','/api/setting-detail','1',25,2),(33,NULL,NULL,NULL,NULL,'API subject details','1','ApiSubjectDetail','/api/subjects-detail','1',29,2),(34,NULL,NULL,NULL,NULL,'API for user detail','1','ApiUserDetail','/api/user-detail','1',26,2),(35,NULL,NULL,NULL,NULL,'API for class','1','APIClasslist','/api/class','1',30,2),(36,NULL,NULL,NULL,NULL,'API for class detail','1','APIClassDetail','/api/class-detail','1',31,2),(37,NULL,NULL,NULL,NULL,'API for class-status','1','API class status','/api/class-status','1',30,2),(38,NULL,NULL,NULL,NULL,'term for classes','1','Term','TYPE_TERM','1',NULL,NULL),(39,NULL,NULL,NULL,NULL,'branch of classes','1','Branch','TYPE_BRANCH','1',NULL,NULL),(40,NULL,NULL,NULL,NULL,'contain different type of web contact','1','Contact Category','TYPE_CONTACT','1',NULL,NULL),(44,NULL,NULL,NULL,NULL,'term spring','3','Spring','TERM_SPRING','1',NULL,38),(54,NULL,NULL,NULL,NULL,'term summer','3','Summer','TERM_SUMMER','1',NULL,38),(64,NULL,NULL,NULL,NULL,'term fall','3','Fall','TERM_FALL','1',NULL,38),(74,NULL,NULL,NULL,NULL,'branch Ho Chi Minh','4','HCM','BRANCH_HCM','1',NULL,39),(84,NULL,NULL,NULL,NULL,'branch Ha Noi','4','Ha Noi','BRANCH_HN','1',NULL,39),(94,NULL,NULL,NULL,'2022-10-09 07:25:00.000000','','1','Da Nang','BRANCH_DN','1',NULL,39),(104,NULL,NULL,NULL,NULL,'question about account','1','Account and billing','CONTACT_ACCOUNT','1',NULL,40),(114,NULL,NULL,NULL,NULL,'general question','1','General','CONTACT_GENERAL','1',NULL,40),(124,NULL,NULL,NULL,NULL,'report a bug , problem','1','Report a problem, bugs','CONTACT_PROBLEM','1',NULL,40),(164,'xucxichbo@doivl.com','2022-10-11 10:24:21.456000','xucxichbo@doivl.com','2022-10-11 10:42:49.006000','asdfasdfasdf','2','aabc','a','0',NULL,10),(174,'xucxichbo@doivl.com','2022-10-11 10:25:00.389000','xucxichbo@doivl.com','2022-10-11 10:25:00.389000','vailonluondesciption','2','vailonluon','vailonluonvalue','0',NULL,10),(184,'xucxichbo@doivl.com','2022-10-11 14:16:11.437000','xucxichbo@doivl.com','2022-10-11 16:47:02.565000','termtest12','1','termtest12','123123','1',NULL,38),(194,'xucxichbo@doivl.com','2022-10-11 16:13:35.047000','hoangnhhe141380@fpt.edu.vn','2022-10-12 18:39:28.578000','termtest','1','termtest','123','1',NULL,38),(204,NULL,NULL,NULL,NULL,'API for webcontact list','1','Web Contact List','/api/contact','1',244,2),(214,NULL,NULL,NULL,NULL,'API for webcontact detail','1','Web Contact Detail','/api/contact-detail','1',254,2),(224,NULL,NULL,NULL,NULL,'API for webcontact add','1','Web Contact add','/api/contact-add','1',NULL,2),(234,NULL,NULL,NULL,NULL,'API for webcontact subject','1','Web Contact subject','/api/contact-subjects','1',NULL,2),(244,NULL,NULL,NULL,NULL,'Screen for contact list','1','ContactList ','/contact-list','1',NULL,1),(254,NULL,NULL,NULL,NULL,'Screen for contact detail','1','ContactDetail ','/contact-detail/:id','1',NULL,1),(264,'xucxichbo@doivl.com','2022-10-13 01:30:22.335000','xucxichbo@doivl.com','2022-10-13 01:30:22.335000','GRRRR 3','2','GRRRR 3','TEST444','1',NULL,10),(275,NULL,NULL,NULL,NULL,'Setting for subject complexity','1','Subject complexity','TYPE_COMPLEXITY','1',NULL,NULL),(276,NULL,NULL,NULL,NULL,'Setting for subject quality','1','Subject quality','TYPE_QUALITY','1',NULL,NULL),(277,NULL,NULL,NULL,NULL,'Setting for subject slots','1','Subject slots','TYPE_SLOT','1',NULL,NULL);
/*!40000 ALTER TABLE `setting` ENABLE KEYS */;
UNLOCK TABLES;

--
-- Table structure for table `subject`
--

DROP TABLE IF EXISTS `subject`;
/*!40101 SET @saved_cs_client     = @@character_set_client */;
 SET character_set_client = utf8 ;
CREATE TABLE `subject` (
  `subject_id` bigint(20) NOT NULL AUTO_INCREMENT,
  `created_by` varchar(255) DEFAULT NULL,
  `created_date` datetime(6) DEFAULT NULL,
  `modified_by` varchar(255) DEFAULT NULL,
  `modified_date` datetime(6) DEFAULT NULL,
  `body` varchar(255) DEFAULT NULL,
  `subject_code` varchar(255) DEFAULT NULL,
  `subject_name` varchar(255) DEFAULT NULL,
  `subject_status` varchar(255) DEFAULT NULL,
  `expert_id` bigint(20) DEFAULT NULL,
  `manager_id` bigint(20) DEFAULT NULL,
  PRIMARY KEY (`subject_id`),
  UNIQUE KEY `UK_bqn0dl9ld0wcq9na8amhhramm` (`subject_code`),
  KEY `FK3q2ooejviwaxfhel0gs1cdgrw` (`expert_id`),
  KEY `FKnymjcv6wa4jysqsm7sw9trxiv` (`manager_id`),
  CONSTRAINT `FK3q2ooejviwaxfhel0gs1cdgrw` FOREIGN KEY (`expert_id`) REFERENCES `user` (`user_id`),
  CONSTRAINT `FKnymjcv6wa4jysqsm7sw9trxiv` FOREIGN KEY (`manager_id`) REFERENCES `user` (`user_id`)
) ENGINE=InnoDB AUTO_INCREMENT=54 DEFAULT CHARSET=utf8;
/*!40101 SET character_set_client = @saved_cs_client */;

--
-- Dumping data for table `subject`
--

LOCK TABLES `subject` WRITE;
/*!40000 ALTER TABLE `subject` DISABLE KEYS */;
INSERT INTO `subject` VALUES (1,NULL,NULL,'Some thing hêre','2022-10-11 14:36:52.796000','','LAB101','Lab Java','1',1,2),(2,NULL,NULL,'hoangnhhe141380@fpt.edu.vn','2022-10-12 18:34:22.560000','sadasdasd','MAE203','Math','0',1,24),(3,NULL,NULL,NULL,NULL,'','PRF192','Programming Fundamentals','1',NULL,6),(4,NULL,NULL,'hoangnhhe141380@fpt.edu.vn','2022-10-12 18:28:55.954000','','JAV69','Japan for beginner123','0',6,6),(5,NULL,NULL,'xucxichbo@doivl.com','2022-10-11 16:28:50.230000','','CODE_B','Subject B','0',NULL,2),(6,'Some thing hêre','2022-10-11 14:39:22.599000','hoangnhhe141380@fpt.edu.vn','2022-10-12 18:43:06.783000',NULL,'CODE_A112','qqqqq','1',2,NULL),(7,'null','2022-10-11 16:01:43.108000','null','2022-10-11 16:01:43.108000',NULL,'CODE_A12','qqqqq','0',1,2),(14,'hoangnhhe141380@fpt.edu.vn','2022-10-12 18:52:34.406000','hoangnhhe141380@fpt.edu.vn','2022-10-12 18:52:47.155000',NULL,'HNG123','hoansdgasdgasdg','1',6,6),(24,'hoangnhhe141380@fpt.edu.vn','2022-10-13 04:12:22.487000','hoangnhhe141380@fpt.edu.vn','2022-10-13 04:12:22.487000','','ASB123','safasdfasdf','0',7,6),(34,'hoangnhhe141380@fpt.edu.vn','2022-10-13 04:13:46.786000','hoangnhhe141380@fpt.edu.vn','2022-10-13 04:13:46.786000','','ASC123','safasdfasdf','0',7,2),(44,'hoangnhhe141380@fpt.edu.vn','2022-10-13 04:18:18.150000','hoangnhhe141380@fpt.edu.vn','2022-10-13 04:18:18.150000','bcvsdfe','QRE321','bcvbrer qứad','1',24,4);
/*!40000 ALTER TABLE `subject` ENABLE KEYS */;
UNLOCK TABLES;

--
-- Table structure for table `subject_setting`
--

DROP TABLE IF EXISTS `subject_setting`;
/*!40101 SET @saved_cs_client     = @@character_set_client */;
 SET character_set_client = utf8 ;
CREATE TABLE `subject_setting` (
  `subject_setting_id` bigint(20) NOT NULL AUTO_INCREMENT,
  `created_by` varchar(255) DEFAULT NULL,
  `created_date` datetime(6) DEFAULT NULL,
  `modified_by` varchar(255) DEFAULT NULL,
  `modified_date` datetime(6) DEFAULT NULL,
  `description` varchar(255) DEFAULT NULL,
  `display_order` varchar(255) DEFAULT NULL,
  `setting_title` varchar(255) DEFAULT NULL,
  `setting_value` varchar(255) DEFAULT NULL,
  `status` varchar(255) DEFAULT NULL,
  `subject_id` bigint(20) NOT NULL,
  `type_id` bigint(20) NOT NULL,
  PRIMARY KEY (`subject_setting_id`),
  KEY `FKe2c0cr1iyuls138jgg70waqaj` (`subject_id`),
  KEY `FKg268byjfs9pf1h1gb23ic55p7` (`type_id`),
  CONSTRAINT `FKe2c0cr1iyuls138jgg70waqaj` FOREIGN KEY (`subject_id`) REFERENCES `subject` (`subject_id`),
  CONSTRAINT `FKg268byjfs9pf1h1gb23ic55p7` FOREIGN KEY (`type_id`) REFERENCES `setting` (`setting_id`)
) ENGINE=InnoDB AUTO_INCREMENT=5 DEFAULT CHARSET=utf8 COLLATE=utf8_general_ci;
/*!40101 SET character_set_client = @saved_cs_client */;

--
-- Dumping data for table `subject_setting`
--

LOCK TABLES `subject_setting` WRITE;
/*!40000 ALTER TABLE `subject_setting` DISABLE KEYS */;
INSERT INTO `subject_setting` VALUES (1,NULL,NULL,NULL,NULL,'Description','1','Lab 101 complexity','Complex','1',1,275),(2,NULL,NULL,NULL,NULL,'Description','1','Lab 101 quality','Medium','1',1,276),(3,NULL,NULL,NULL,NULL,'Description','1','Slot 01 : Title here','Slot 01 content','1',1,277),(4,NULL,NULL,NULL,NULL,'Description','1','Slot 02 : Title here','Slot 02 content','1',1,277);
/*!40000 ALTER TABLE `subject_setting` ENABLE KEYS */;
UNLOCK TABLES;

--
-- Table structure for table `user`
--

DROP TABLE IF EXISTS `user`;
/*!40101 SET @saved_cs_client     = @@character_set_client */;
 SET character_set_client = utf8 ;
CREATE TABLE `user` (
  `user_id` bigint(20) NOT NULL AUTO_INCREMENT,
  `created_by` varchar(255) DEFAULT NULL,
  `created_date` datetime(6) DEFAULT NULL,
  `modified_by` varchar(255) DEFAULT NULL,
  `modified_date` datetime(6) DEFAULT NULL,
  `username` varchar(255) DEFAULT NULL,
  `avatar_url` varchar(255) DEFAULT NULL,
  `email` varchar(40) DEFAULT NULL,
  `full_name` varchar(255) DEFAULT NULL,
  `mail_token` varchar(255) DEFAULT NULL,
  `mobile` varchar(255) DEFAULT NULL,
  `note` varchar(255) DEFAULT NULL,
  `password` varchar(255) DEFAULT NULL,
  `status` varchar(255) DEFAULT NULL,
  PRIMARY KEY (`user_id`),
  UNIQUE KEY `UK_sb8bbouer5wak8vyiiy4pf2bx` (`username`),
  UNIQUE KEY `UK_ob8kqyqqgmefl0aco34akdtpe` (`email`)
) ENGINE=InnoDB AUTO_INCREMENT=104 DEFAULT CHARSET=utf8;
/*!40101 SET character_set_client = @saved_cs_client */;

--
-- Dumping data for table `user`
--

LOCK TABLES `user` WRITE;
/*!40000 ALTER TABLE `user` DISABLE KEYS */;
INSERT INTO `user` VALUES (1,'','2022-10-07 23:15:04.000000','vietnqhe140773@gmail.com','2022-10-13 11:31:54.531000','xucxixh','https://g23-lms.s3.ap-southeast-1.amazonaws.com/xucxichbo','xucxichbo@doivl.com','xucxichbo','','0123123123',NULL,'$2a$10$EaRMMJf70xsA8dr5fguwxOjMwMBzG5NMBFLGtWcYgdY.uvTwnopye','1'),(2,'','2022-10-07 23:15:04.000000','hoangnhhe141380@fpt.edu.vn','2022-10-15 14:23:33.230000','quan1','https://g23-lms.s3.ap-southeast-1.amazonaws.com/quan1','quan1@doivl.com','a',NULL,'01235454321',NULL,'$2a$10$ABGaqbzKvTujlckdm2L20uPesiaNhnTOua0FB75wW4WIWZGabnJEu','0'),(3,'','2022-10-07 23:15:04.000000','','2022-10-07 23:15:04.000000','quan22','','quan22@doivl.com','','','','','$2a$10$V2knZSxoDgNhCFv9KSp/q.wQ5KWMITUduSCbCvmjrPinvJVncMI1O','1'),(4,'','2022-10-07 23:15:04.000000','vietnqhe140773@gmail.com','2022-10-13 10:44:53.741000','quan3','','quan3@doivl.com','','','','abc','$2a$10$sCybsiL5KbDTlNQ4uhvu5OLlFDhzpq2E6obsbjd1DjOkb6Keog8pS','1'),(5,'','2022-10-07 23:15:04.000000','hoangnhhe141380@fpt.edu.vn','2022-10-14 02:38:17.493000','quan4','','quan4@doivl.com','','','','abcccedfadsfasd','$2a$10$GcGHU7u/hxqASlTmjIVnyeznmq6H.ahh88U.v8NwOsqW4pQHEnGii','0'),(6,'','2022-10-07 23:15:04.000000','','2022-10-09 05:42:30.000000','hoangnh','','hoangnhhe141380@fpt.edu.vn','','','','','$2a$10$.lzyRua4zLzBfPUssazey.rBZFFFW6MdoNt7n32tZsMRFKECNu1JC','1'),(7,'','2022-10-07 23:15:04.000000','','2022-10-07 23:15:04.000000','quan6','','quan6@doivl.com','','','','','$2a$10$/hwQssrnlxDprjFKo9129e6Jpv31/GNnRTUEJ5NBp.AERD5eIx7xe','1'),(14,'','2022-10-09 01:38:48.000000','anonymousUser','2022-10-16 21:17:43.345000','gepiwqeeee','','gepiwe9397@dineroa.com','Duong Vu Viet Quan123',NULL,'0123123123','abc','$2a$10$ZBDeQwZzWE/ZWh0B2554deNleW9xXDWkg1j49xWvl03ScMstS8hZi','1'),(24,'','2022-10-09 04:28:18.000000','','2022-10-09 05:47:02.000000','vietnq','https://lh3.googleusercontent.com/a/ALm5wu3ZuZCBJPMKDMaoG4ZW8Dl5rCM1Qqf8sNKpSaQV=s96-c','vietnqhe140773@gmail.com','Việt Nguyễn','wY3JAv5h7z59VRbgQHubR87u1tpJmo','','','$2a$10$Jk9iCGGvBq6zp0vsgaVcfeU.MdXplWwt1oabmtOiD1EZZs0/MkFry','1'),(34,'','2022-10-09 08:15:52.000000','','2022-10-09 08:23:41.000000','hoang','https://g23-lms.s3.ap-southeast-1.amazonaws.com/hoangdiudang3','hoangdiudang3@gmail.com','','','','','$2a$10$ox8C3.znPezZo5Py1GgEeeJ53C0vXdeUvACatsR8TT/Y.hYN37LIm','1'),(44,'','2022-10-09 08:32:09.000000','vietnqhe140773@gmail.com','2022-10-13 14:02:05.687000','hoang131','','hoang131231235@gmail.com','','YVovlP9043DC997l84TftwGf44d44e','','','$2a$10$FN94yEiUGrIXx2UlxMRZ8OwjnreFfmwcwp6bLYnMCW3ldI6fY5RoK','1'),(54,'anonymousUser','2022-10-12 03:04:03.185000','vietnqhe140773@gmail.com','2022-10-15 15:31:05.779000','ggg','https://lh3.googleusercontent.com/a/ALm5wu3qe0FKwwGSzAygriaOQ7PC8iFyrPGONj1T7GT8=s96-c','hoangdiudang1@gmail.com','',NULL,'1234567899','','$2a$10$YuiCeMy..v.p3CDlfzbqfuoRBx0wNKckwwJEt7I586zUAfN084eYW','1'),(64,'anonymousUser','2022-10-12 08:42:06.431000','anonymousUser','2022-10-12 08:42:06.431000','name2',NULL,'blahblah@dineroa.com','Duong Vu Viet Quan','IcyPMEC3QEZY4fx6HMUGezYTOft9N4',NULL,NULL,'$2a$10$mt8UJUmBD47tocb480JnS.K5DKogy1CEA/rUkf8DShe7SAC147Jqa','-1'),(74,'anonymousUser','2022-10-12 08:53:34.927000','anonymousUser','2022-10-12 08:53:34.927000','nmae3',NULL,'hoangasdf@gmail.com',NULL,'7BWsDb6FxewfHFRQlVNjLHQZ2Y9TFE',NULL,NULL,'$2a$10$4eNxA46b3Ve7sEJN89.fde1/wh3GfIQw4cLMDVPlwVC9phYWT.oJS','-1'),(84,'anonymousUser','2022-10-12 09:17:10.166000','anonymousUser','2022-10-12 09:17:32.096000','name4',NULL,'hoangasldfkasdf@gmail.com','hoang',NULL,NULL,NULL,'$2a$10$nJTElntpyWADM5hFDV2lMObaA.UMcqMAXiHEydQ/LaA1.iQe48aIa','1'),(94,'xucxichbo@doivl.com','2022-10-12 10:18:24.955000','xucxichbo@doivl.com','2022-10-12 16:48:24.660000','ưeeeeeeeeeeeeeeee',NULL,'hoansdgasdfas@doivl.com','Duong ',NULL,'0343218830','tao la ma','$2a$10$jIo5kolMeIA19Kt1llaFJey0KJAMjByZsPKoNnvxTTrCQH3FVPZJW','0');
/*!40000 ALTER TABLE `user` ENABLE KEYS */;
UNLOCK TABLES;

--
-- Table structure for table `user_role`
--

DROP TABLE IF EXISTS `user_role`;
/*!40101 SET @saved_cs_client     = @@character_set_client */;
 SET character_set_client = utf8 ;
CREATE TABLE `user_role` (
  `role_id` bigint(20) NOT NULL,
  `user_id` bigint(20) NOT NULL,
  `created_by` varchar(255) DEFAULT NULL,
  `created_date` datetime(6) DEFAULT NULL,
  `modified_by` varchar(255) DEFAULT NULL,
  `modified_date` datetime(6) DEFAULT NULL,
  `is_leader` bit(1) DEFAULT NULL,
  PRIMARY KEY (`role_id`,`user_id`),
  KEY `FK859n2jvi8ivhui0rl0esws6o` (`user_id`),
  CONSTRAINT `FK1sc2g2ox9c5m3j7k2horvcsmy` FOREIGN KEY (`role_id`) REFERENCES `setting` (`setting_id`),
  CONSTRAINT `FK859n2jvi8ivhui0rl0esws6o` FOREIGN KEY (`user_id`) REFERENCES `user` (`user_id`)
) ENGINE=InnoDB DEFAULT CHARSET=utf8 COLLATE=utf8_general_ci;
/*!40101 SET character_set_client = @saved_cs_client */;

--
-- Dumping data for table `user_role`
--

LOCK TABLES `user_role` WRITE;
/*!40000 ALTER TABLE `user_role` DISABLE KEYS */;
INSERT INTO `user_role` VALUES (4,1,NULL,NULL,NULL,NULL,NULL),(4,2,NULL,NULL,NULL,NULL,NULL),(4,6,NULL,NULL,NULL,NULL,NULL),(4,24,NULL,NULL,NULL,NULL,NULL),(5,1,NULL,NULL,NULL,NULL,NULL),(5,4,NULL,NULL,NULL,NULL,NULL),(5,6,NULL,NULL,NULL,NULL,NULL),(5,14,NULL,NULL,NULL,NULL,NULL),(5,24,NULL,NULL,NULL,NULL,NULL),(5,34,NULL,NULL,NULL,NULL,NULL),(5,44,NULL,NULL,NULL,NULL,NULL),(6,1,NULL,NULL,NULL,NULL,NULL),(6,2,NULL,NULL,NULL,NULL,NULL),(6,4,NULL,NULL,NULL,NULL,NULL),(6,6,NULL,NULL,NULL,NULL,NULL),(6,24,NULL,NULL,NULL,NULL,NULL),(7,1,NULL,NULL,NULL,NULL,NULL),(7,2,NULL,NULL,NULL,NULL,NULL),(7,3,NULL,NULL,NULL,NULL,_binary '\0'),(7,6,NULL,NULL,NULL,NULL,_binary '\0'),(7,24,NULL,NULL,NULL,NULL,_binary '\0'),(8,1,NULL,NULL,NULL,NULL,_binary '\0'),(8,5,NULL,NULL,NULL,NULL,_binary '\0'),(8,6,NULL,NULL,NULL,NULL,_binary '\0'),(8,24,NULL,NULL,NULL,NULL,_binary '\0'),(9,1,NULL,NULL,NULL,NULL,_binary '\0'),(9,6,NULL,NULL,NULL,NULL,_binary '\0'),(9,7,NULL,NULL,NULL,NULL,_binary '\0'),(9,24,NULL,NULL,NULL,NULL,_binary '\0');
/*!40000 ALTER TABLE `user_role` ENABLE KEYS */;
UNLOCK TABLES;

--
-- Table structure for table `user_roles`
--

DROP TABLE IF EXISTS `user_roles`;
/*!40101 SET @saved_cs_client     = @@character_set_client */;
 SET character_set_client = utf8 ;
CREATE TABLE `user_roles` (
  `user_id` bigint(20) NOT NULL,
  `role_id` bigint(20) NOT NULL,
  KEY `FK7so15cfdoxfy1w9e9o8spfrdy` (`role_id`),
  KEY `FK55itppkw3i07do3h7qoclqd4k` (`user_id`),
  CONSTRAINT `FK55itppkw3i07do3h7qoclqd4k` FOREIGN KEY (`user_id`) REFERENCES `user` (`user_id`),
  CONSTRAINT `FK7so15cfdoxfy1w9e9o8spfrdy` FOREIGN KEY (`role_id`) REFERENCES `setting` (`setting_id`)
) ENGINE=InnoDB DEFAULT CHARSET=utf8;
/*!40101 SET character_set_client = @saved_cs_client */;

--
-- Dumping data for table `user_roles`
--

LOCK TABLES `user_roles` WRITE;
/*!40000 ALTER TABLE `user_roles` DISABLE KEYS */;
INSERT INTO `user_roles` VALUES (3,7),(7,9),(6,4),(6,5),(6,6),(6,7),(6,8),(6,9),(24,5),(24,4),(24,6),(24,7),(24,8),(24,9),(34,5),(44,5),(14,5),(14,7),(14,8),(64,5),(74,5),(84,5),(1,4),(4,5),(4,6),(5,8),(5,4),(5,5),(5,6),(5,7),(5,9),(2,6),(54,4),(54,5);
/*!40000 ALTER TABLE `user_roles` ENABLE KEYS */;
UNLOCK TABLES;

--
-- Table structure for table `web_contact`
--

DROP TABLE IF EXISTS `web_contact`;
/*!40101 SET @saved_cs_client     = @@character_set_client */;
 SET character_set_client = utf8 ;
CREATE TABLE `web_contact` (
  `contact_id` bigint(20) NOT NULL AUTO_INCREMENT,
  `created_by` varchar(255) DEFAULT NULL,
  `created_date` datetime DEFAULT NULL,
  `modified_by` varchar(255) DEFAULT NULL,
  `modified_date` datetime DEFAULT NULL,
  `email` varchar(40) DEFAULT NULL,
  `full_name` varchar(255) DEFAULT NULL,
  `message` text,
  `mobile` varchar(255) DEFAULT NULL,
  `response` varchar(255) DEFAULT NULL,
  `status` varchar(255) DEFAULT NULL,
  `category_id` bigint(20) DEFAULT NULL,
  `staff_id` bigint(20) DEFAULT NULL,
  PRIMARY KEY (`contact_id`),
  KEY `FK5vib470hmeexgdgrm8hpi1sqn` (`category_id`),
  KEY `FK75it2sei0l4vtj7cobflr7q4h` (`staff_id`),
  CONSTRAINT `FK5vib470hmeexgdgrm8hpi1sqn` FOREIGN KEY (`category_id`) REFERENCES `setting` (`setting_id`),
  CONSTRAINT `FK75it2sei0l4vtj7cobflr7q4h` FOREIGN KEY (`staff_id`) REFERENCES `user` (`user_id`)
) ENGINE=InnoDB AUTO_INCREMENT=104 DEFAULT CHARSET=utf8;
/*!40101 SET character_set_client = @saved_cs_client */;

--
-- Dumping data for table `web_contact`
--

LOCK TABLES `web_contact` WRITE;
/*!40000 ALTER TABLE `web_contact` DISABLE KEYS */;
INSERT INTO `web_contact` VALUES (4,'xucxichbo@doivl.com','2022-10-12 10:13:10','hoangnhhe141380@fpt.edu.vn','2022-10-14 14:06:01','random123@gmail.com',NULL,'Lorem ipsum dolor sit amet, consectetur adipiscing elit. Sed nec nisl in libero posuere dapibus eget nec neque. Maecenas venenatis elit sed nunc volutpat efficitur. Donec at iaculis sapien. Nam eget turpis pulvinar','0123456789','ok nhe','0',104,6),(14,'anonymousUser','2022-10-12 14:34:29','hoangnhhe141380@fpt.edu.vn','2022-10-14 01:24:00','hoangnguyen@gmail.com',NULL,'asdfasdfasdfasdfasdfasdfasdfasdfasdfasdfasdfasdfasdfasdfasdfasdfasdfasdfasdfasdfasdfasdfasdfasdfasdfasdfasdfasdfasdfasdfasdfasdfasdfasdfasdfasdfasdfasdfasdfasdfasdfasdfasdfasdfasdfasdfasdfasdfasdfasdfasdfasdfasdfasdfasdfasdfasdfasdfasdfasdfasdfasdfasdfasdfasdfasdfasdfasdfasdfasdfasdfasdfasdfasdfasdfasdfasdfasdfasdfasdfasdfasdfasdfasdfasdfasdfasdfasdfasdfasdfasdfasdfasdfasdfasdfasdfasdfasdfasdfasdfasdfasdfasdfasdfasdfasdfasdfasdfasdfasdfasdfasdfasdfasdfasdfasdfasdfasdfasdfasdfasdfasdfasdfasdfasdfasdfasdfasdfasdfasdfasdfasdfasdfasdfasdfasdfasdfasdfasdfasdfasdfasdfasdfasdfasdfasdfasdfasdfasdfasdfasdfasdfasdfasdfasdfasdfasdfasdfasdfasdfasdfasdfasdfasdfasdfasdfasdfasdfasdfasdfasdfasdfasdfasdfasdfasdfasdfasdfasdfasdfasdfasdfasdfasdfasdfasdfasdfasdfasdfasdfasdfasdfasdfasdfasdfasdfasdfasdfasdfasdfasdfasdfasdfasdf','0123123123','ádasdasd','1',104,6),(24,'anonymousUser','2022-10-12 14:34:48','hoangnhhe141380@fpt.edu.vn','2022-10-14 01:27:32','hoang3232nguyen@gmail.com',NULL,'rtwetertwetertwetertwetertwetertwetertwetertwetertwetertwetertwetertwetertwetertwetertwetertwetertwetertwetertwetertwetertwetertwetertwete','0123123323','ok ban nhe','0',104,6),(34,'xucxichbo@doivl.com','2022-10-12 15:14:46','hoangnhhe141380@fpt.edu.vn','2022-10-14 02:54:43','random123@gmail.com',NULL,'Lorem ipsum dolor sit amet, consectetur adipiscing elit. Sed nec nisl in libero posuere dapibus eget nec neque. Maecenas venenatis elit sed nunc volutpat efficitur. Donec at iaculis sapien. Nam eget turpis pulvinar','0123456789','oke anh nhe','0',104,6),(44,'xucxichbo@doivl.com','2022-10-12 15:15:06','xucxichbo@doivl.com','2022-10-12 15:15:06','random123@gmail.com',NULL,'Lorem ipsum dolor sit amet, consectetur adipiscing elit. Sed nec nisl in libero posuere dapibus eget nec neque. Maecenas venenatis elit sed nunc volutpat efficitur. Donec at iaculis sapien. Nam eget turpis pulvinar','0123456789',NULL,'1',104,NULL),(74,'quan22@doivl.com','2022-10-13 01:27:03','quan22@doivl.com','2022-10-13 01:29:33','hehe@gmail.com','CuMeo2000xx','something something something','0123456789','uk thi sao','0',114,3),(84,'anonymousUser','2022-10-13 16:29:32','anonymousUser','2022-10-13 16:29:32','hoansgasdf@xyz.com','hoang','bug ne','054583213',NULL,'1',124,NULL),(94,'anonymousUser','2022-10-14 02:56:41','hoangnhhe141380@fpt.edu.vn','2022-10-14 02:57:37','asdfawer@vzcv.xzx','asdfasdfas dpfasdf','dm web nhu cl','0124234434','deo tra loi','0',124,6);
/*!40000 ALTER TABLE `web_contact` ENABLE KEYS */;
UNLOCK TABLES;
/*!40103 SET TIME_ZONE=@OLD_TIME_ZONE */;

/*!40101 SET SQL_MODE=@OLD_SQL_MODE */;
/*!40014 SET FOREIGN_KEY_CHECKS=@OLD_FOREIGN_KEY_CHECKS */;
/*!40014 SET UNIQUE_CHECKS=@OLD_UNIQUE_CHECKS */;
/*!40101 SET CHARACTER_SET_CLIENT=@OLD_CHARACTER_SET_CLIENT */;
/*!40101 SET CHARACTER_SET_RESULTS=@OLD_CHARACTER_SET_RESULTS */;
/*!40101 SET COLLATION_CONNECTION=@OLD_COLLATION_CONNECTION */;
/*!40111 SET SQL_NOTES=@OLD_SQL_NOTES */;

-- Dump completed on 2022-10-17  9:20:38
