-- MySQL dump 10.13  Distrib 5.6.50, for Linux (x86_64)
--
-- Host: localhost    Database: heroku_740a305870b5dd6
-- ------------------------------------------------------
-- Server version	5.6.50-log

/*!40101 SET @OLD_CHARACTER_SET_CLIENT=@@CHARACTER_SET_CLIENT */;
/*!40101 SET @OLD_CHARACTER_SET_RESULTS=@@CHARACTER_SET_RESULTS */;
/*!40101 SET @OLD_COLLATION_CONNECTION=@@COLLATION_CONNECTION */;
/*!40101 SET NAMES utf8 */;
/*!40103 SET @OLD_TIME_ZONE=@@TIME_ZONE */;
/*!40103 SET TIME_ZONE='+00:00' */;
/*!40014 SET @OLD_UNIQUE_CHECKS=@@UNIQUE_CHECKS, UNIQUE_CHECKS=0 */;
/*!40014 SET @OLD_FOREIGN_KEY_CHECKS=@@FOREIGN_KEY_CHECKS, FOREIGN_KEY_CHECKS=0 */;
/*!40101 SET @OLD_SQL_MODE=@@SQL_MODE, SQL_MODE='NO_AUTO_VALUE_ON_ZERO' */;
/*!40111 SET @OLD_SQL_NOTES=@@SQL_NOTES, SQL_NOTES=0 */;

--
-- Table structure for table `assignment`
--

DROP TABLE IF EXISTS `assignment`;
/*!40101 SET @saved_cs_client     = @@character_set_client */;
/*!40101 SET character_set_client = utf8 */;
CREATE TABLE `assignment` (
  `ass_id` bigint(20) NOT NULL AUTO_INCREMENT,
  `eval_weight` varchar(255) DEFAULT NULL,
  `is_on_going` bit(1) DEFAULT NULL,
  `is_team_work` bit(1) DEFAULT NULL,
  `status` varchar(255) DEFAULT NULL,
  `title` varchar(255) DEFAULT NULL,
  `subject_id` bigint(20) DEFAULT NULL,
  `created_by` varchar(255) DEFAULT NULL,
  `created_date` datetime(6) DEFAULT NULL,
  `modified_by` varchar(255) DEFAULT NULL,
  `modified_date` datetime(6) DEFAULT NULL,
  `is_final` bit(1) DEFAULT NULL,
  `ass_body` text,
  PRIMARY KEY (`ass_id`),
  KEY `FKp1gsvxfhi4e5ek8pubhmnh6ol` (`subject_id`),
  CONSTRAINT `FKp1gsvxfhi4e5ek8pubhmnh6ol` FOREIGN KEY (`subject_id`) REFERENCES `subject` (`subject_id`)
) ENGINE=InnoDB AUTO_INCREMENT=615 DEFAULT CHARSET=utf8;
/*!40101 SET character_set_client = @saved_cs_client */;

--
-- Dumping data for table `assignment`
--

LOCK TABLES `assignment` WRITE;
/*!40000 ALTER TABLE `assignment` DISABLE KEYS */;
INSERT INTO `assignment` VALUES (384,'20%','','\0','1','1. Develop Product Vision and Scope',14,'chungmanager3@gmail.com','2022-12-05 10:31:26.634000','duynvtrainer3@gmail.com','2022-12-11 15:25:03.850000','\0','Select one product and then identify business requirements\n1. Develop production vision and scope for the  assigned project \n2. List all possible functions for the software'),(394,'35%','','\0','1','2. Two UC Specification',14,'chungmanager3@gmail.com','2022-12-05 10:34:47.818000','duynvtrainer3@gmail.com','2022-12-15 06:22:07.881000','','Each member develop 2 UC - Specification for the software : (requirements)\n - Cover all section - Screen Design, Screen Definition, UC Diagram, UC Specification, Business rules,'),(404,'30%','','','1','3. Draw a business process',14,'chungmanager3@gmail.com','2022-12-05 10:37:32.054000','duynvtrainer3@gmail.com','2022-12-09 14:24:17.913000','\0','1. Each member must develop at least one business process\n2. Use Astah Professsional for build diagram'),(414,'15%','','','1','4. Develop SRS for the system',14,'chungmanager3@gmail.com','2022-12-05 10:40:22.039000','duynvtrainer3@gmail.com','2022-12-09 14:48:37.638000','','1. Based on the UC document in assignment 1. \nEach member in the group must develop specification at least 10 UCs'),(424,'20%','\0','','1','List the subsystems of a computer and describe the role of these components',44,'vietmanager@gmail.com','2022-12-05 12:26:28.931000','vietmanager@gmail.com','2022-12-05 12:26:28.931000','\0','\"Students must attend more than 80% of contact sessions in order to be accepted to the final examination.\n- Students are responsible to do all exercises, assignments and labs given by instructor in class or at home and submit on time\n- Use laptop in class only for learning purpose\n- Promptly access to the http://cms.fpt.edu.vn for up-to-date course information\"'),(434,'15%','\0','','0','Distinguish between text file and binary file and access methods',44,'vietmanager@gmail.com','2022-12-05 12:36:45.125000','vietmanager@gmail.com','2022-12-13 13:56:36.003000','\0','Describe and explain operations within a relational database'),(454,'10%','','\0','1','Assignment 1: Unit testing',64,'vietmanager@gmail.com','2022-12-10 16:21:02.726000','viettrainer@gmail.com','2022-12-10 17:58:59.140000','\0','Assignment 1: Unit testing'),(464,'15%','','','1','Assignment 2: Preparing & writing test cases',64,'vietmanager@gmail.com','2022-12-10 16:22:49.043000','viettrainer@gmail.com','2022-12-13 11:17:16.892000','\0','Assignment 2: Preparing & writing test cases'),(474,'15%','','','1','Assignment 3: Automation testing',64,'vietmanager@gmail.com','2022-12-10 16:24:18.926000','viettrainer@gmail.com','2022-12-24 17:10:40.451000','\0','Assignment 3: Automation testing'),(484,'15%','\0','','1','Assignment 4: Performing test reports',64,'vietmanager@gmail.com','2022-12-10 16:24:46.584000','vietmanager@gmail.com','2022-12-10 16:24:46.584000','\0','Assignment 4: Performing test reports'),(494,'15%','\0','','1','Presentation',64,'vietmanager@gmail.com','2022-12-10 16:25:09.340000','vietmanager@gmail.com','2022-12-10 16:27:24.365000','\0','Presentation'),(504,'30%','','','1','Final Report',64,'vietmanager@gmail.com','2022-12-10 16:27:52.301000','viettrainer@gmail.com','2022-12-23 11:11:38.869000','','Final Report'),(514,'20%','\0','','1','Complete SRS 1',14,'chungmanager3@gmail.com','2022-12-15 11:04:15.676000','chungmanager3@gmail.com','2022-12-15 11:04:15.676000','\0','Complete SRS 1'),(524,'15%','\0','','1','Prepare to write introduction',34,'vietmanager@gmail.com','2022-12-21 08:26:04.897000','vietmanager@gmail.com','2022-12-21 08:26:04.897000','\0','Prepare to write introduction'),(534,'20%','','','1','	apply MVC architech to create a java web application',74,'vietmanager@gmail.com','2022-12-24 15:11:29.546000','viettrainer@gmail.com','2022-12-24 15:58:43.157000','\0','-Teacher gives a short requirements\n-Student implements a web application based on the requirements'),(544,'20%','','\0','1','Basic feature of javaweb',74,'vietmanager@gmail.com','2022-12-24 15:11:58.923000','viettrainer@gmail.com','2022-12-24 16:57:51.070000','\0','-Teacher gives a short requirements\n-Student implements a web application based on the requirements'),(554,'20%','','','1','Front end , back end development (presentation)',74,'vietmanager@gmail.com','2022-12-24 15:12:14.541000','viettrainer@gmail.com','2022-12-24 19:43:24.143000','\0','-Trainer give a list of topic , trainees then form group and pick 1 topic , analyze the topic and determine the requirement\n-Presentation required'),(564,'40%','','','1','Front end , back end development (coding)',74,'vietmanager@gmail.com','2022-12-24 15:12:37.714000','viettrainer@gmail.com','2022-12-27 23:42:30.535000','','-Student implements a web application based on the requirements presented in preparation phase. The application must consider the aspects of uses (not only back-end but also front-end)'),(574,'20%','','','1','Welcome to Object-Oriented',84,'chungmanager3@gmail.com','2022-12-27 14:12:54.915000','duynvtrainer3@gmail.com','2022-12-27 15:27:20.277000','\0','Understand the concepts of object oriented (OO) programs to solve problems and fundamentals of object-oriented programming in Java'),(584,'20%','','\0','1','Basic Java language',84,'chungmanager3@gmail.com','2022-12-27 14:14:22.417000','duynvtrainer3@gmail.com','2022-12-27 15:27:24.543000','\0','Basic Java language: Variable, data type'),(594,'20%','','','1','Abstract class - Interface',84,'chungmanager3@gmail.com','2022-12-27 14:15:35.142000','duynvtrainer3@gmail.com','2022-12-27 15:28:31.408000','\0','Discuss the principles and the use of abstract classes and interfaces in java'),(604,'40%','\0','','1','Collections in Java',84,'chungmanager3@gmail.com','2022-12-27 14:16:52.362000','chungmanager3@gmail.com','2022-12-27 14:16:52.362000','','Explain the principles and the use of some (java collections) abstract data types (list, set, map)'),(614,'30%','\0','','1','Final Assignment Submission',84,'chungmanager3@gmail.com','2022-12-27 15:54:03.316000','chungmanager3@gmail.com','2022-12-27 15:54:03.316000','','Trainee must submit final Assignment');
/*!40000 ALTER TABLE `assignment` ENABLE KEYS */;
UNLOCK TABLES;

--
-- Table structure for table `assignment_eval_criteria_list`
--

DROP TABLE IF EXISTS `assignment_eval_criteria_list`;
/*!40101 SET @saved_cs_client     = @@character_set_client */;
/*!40101 SET character_set_client = utf8 */;
CREATE TABLE `assignment_eval_criteria_list` (
  `assignment_ass_id` bigint(20) NOT NULL,
  `eval_criteria_list_criteria_id` bigint(20) NOT NULL,
  UNIQUE KEY `UK_k09f6kr2kue6rn7je91hqd4ph` (`eval_criteria_list_criteria_id`),
  KEY `FKcub617ucli4jrcp1wcd74wkok` (`assignment_ass_id`),
  CONSTRAINT `FKcub617ucli4jrcp1wcd74wkok` FOREIGN KEY (`assignment_ass_id`) REFERENCES `assignment` (`ass_id`),
  CONSTRAINT `FKtqxb89rtvopnp1a7lxejabfai` FOREIGN KEY (`eval_criteria_list_criteria_id`) REFERENCES `eval_criteria` (`criteria_id`)
) ENGINE=InnoDB DEFAULT CHARSET=utf8;
/*!40101 SET character_set_client = @saved_cs_client */;

--
-- Dumping data for table `assignment_eval_criteria_list`
--

LOCK TABLES `assignment_eval_criteria_list` WRITE;
/*!40000 ALTER TABLE `assignment_eval_criteria_list` DISABLE KEYS */;
/*!40000 ALTER TABLE `assignment_eval_criteria_list` ENABLE KEYS */;
UNLOCK TABLES;

--
-- Table structure for table `attendance`
--

DROP TABLE IF EXISTS `attendance`;
/*!40101 SET @saved_cs_client     = @@character_set_client */;
/*!40101 SET character_set_client = utf8 */;
CREATE TABLE `attendance` (
  `class_id` bigint(20) NOT NULL,
  `schedule_id` bigint(20) NOT NULL,
  `trainee_id` bigint(20) NOT NULL,
  `created_by` varchar(255) DEFAULT NULL,
  `created_date` datetime DEFAULT NULL,
  `modified_by` varchar(255) DEFAULT NULL,
  `modified_date` datetime DEFAULT NULL,
  `comment` varchar(255) DEFAULT NULL,
  `status` bit(1) DEFAULT NULL,
  PRIMARY KEY (`class_id`,`schedule_id`,`trainee_id`),
  KEY `FK8vmank1w6trx3p5pff0a530uv` (`class_id`,`trainee_id`),
  KEY `FK3ubfa45l2ve7k80jlxkwh5ht5` (`schedule_id`),
  CONSTRAINT `FK3ubfa45l2ve7k80jlxkwh5ht5` FOREIGN KEY (`schedule_id`) REFERENCES `schedule` (`schedule_id`),
  CONSTRAINT `FK8vmank1w6trx3p5pff0a530uv` FOREIGN KEY (`class_id`, `trainee_id`) REFERENCES `class_user` (`class_id`, `user_id`)
) ENGINE=InnoDB DEFAULT CHARSET=utf8;
/*!40101 SET character_set_client = @saved_cs_client */;

--
-- Dumping data for table `attendance`
--

LOCK TABLES `attendance` WRITE;
/*!40000 ALTER TABLE `attendance` DISABLE KEYS */;
INSERT INTO `attendance` VALUES (44,24,64,'viettrainer@gmail.com','2022-12-14 09:29:00','viettrainer@gmail.com','2022-12-14 09:29:00',NULL,''),(44,24,74,'viettrainer@gmail.com','2022-12-14 09:29:00','viettrainer@gmail.com','2022-12-14 09:29:00',NULL,''),(44,24,84,'viettrainer@gmail.com','2022-12-14 09:29:00','viettrainer@gmail.com','2022-12-14 09:29:00',NULL,''),(44,24,94,'viettrainer@gmail.com','2022-12-14 09:29:00','viettrainer@gmail.com','2022-12-14 09:29:00',NULL,''),(44,24,104,'viettrainer@gmail.com','2022-12-14 09:29:00','viettrainer@gmail.com','2022-12-14 09:29:00',NULL,''),(44,24,114,'viettrainer@gmail.com','2022-12-14 09:29:00','viettrainer@gmail.com','2022-12-14 09:29:00',NULL,NULL),(44,24,124,'viettrainer@gmail.com','2022-12-14 09:29:00','viettrainer@gmail.com','2022-12-14 09:29:00',NULL,''),(44,24,134,'viettrainer@gmail.com','2022-12-14 09:29:00','viettrainer@gmail.com','2022-12-14 09:29:00',NULL,'\0'),(44,24,144,'viettrainer@gmail.com','2022-12-14 09:29:00','viettrainer@gmail.com','2022-12-14 09:29:00',NULL,''),(44,24,154,'viettrainer@gmail.com','2022-12-14 09:29:00','viettrainer@gmail.com','2022-12-14 09:29:00',NULL,''),(44,24,164,'viettrainer@gmail.com','2022-12-14 09:29:00','viettrainer@gmail.com','2022-12-14 09:29:00',NULL,''),(44,34,64,'vietsupporter@gmail.com','2022-12-14 09:31:04','vietsupporter@gmail.com','2022-12-14 09:31:04',NULL,''),(44,34,74,'vietsupporter@gmail.com','2022-12-14 09:31:04','vietsupporter@gmail.com','2022-12-14 09:31:04',NULL,'\0'),(44,34,84,'vietsupporter@gmail.com','2022-12-14 09:31:04','vietsupporter@gmail.com','2022-12-14 09:31:04',NULL,NULL),(44,34,94,'vietsupporter@gmail.com','2022-12-14 09:31:04','vietsupporter@gmail.com','2022-12-14 09:31:04',NULL,''),(44,34,104,'vietsupporter@gmail.com','2022-12-14 09:31:04','vietsupporter@gmail.com','2022-12-14 09:31:04',NULL,''),(44,34,114,'vietsupporter@gmail.com','2022-12-14 09:31:04','vietsupporter@gmail.com','2022-12-14 09:31:04',NULL,''),(44,34,124,'vietsupporter@gmail.com','2022-12-14 09:31:04','vietsupporter@gmail.com','2022-12-14 09:31:04',NULL,''),(44,34,134,'vietsupporter@gmail.com','2022-12-14 09:31:04','vietsupporter@gmail.com','2022-12-14 09:31:04',NULL,NULL),(44,34,144,'vietsupporter@gmail.com','2022-12-14 09:31:04','vietsupporter@gmail.com','2022-12-14 09:31:04',NULL,'\0'),(44,34,154,'vietsupporter@gmail.com','2022-12-14 09:31:04','vietsupporter@gmail.com','2022-12-14 09:31:04',NULL,'\0'),(44,34,164,'vietsupporter@gmail.com','2022-12-14 09:31:04','vietsupporter@gmail.com','2022-12-14 09:31:04',NULL,''),(44,44,64,'vietsupporter@gmail.com','2022-12-14 13:35:24','vietsupporter@gmail.com','2022-12-14 13:35:24',NULL,''),(44,44,74,'vietsupporter@gmail.com','2022-12-14 13:35:24','vietsupporter@gmail.com','2022-12-14 13:35:24',NULL,''),(44,44,84,'vietsupporter@gmail.com','2022-12-14 13:35:24','vietsupporter@gmail.com','2022-12-14 13:35:24',NULL,''),(44,44,94,'vietsupporter@gmail.com','2022-12-14 13:35:24','vietsupporter@gmail.com','2022-12-14 13:35:24',NULL,''),(44,44,104,'vietsupporter@gmail.com','2022-12-14 13:35:24','vietsupporter@gmail.com','2022-12-14 13:35:24',NULL,''),(44,44,114,'vietsupporter@gmail.com','2022-12-14 13:35:24','vietsupporter@gmail.com','2022-12-14 13:35:24',NULL,''),(44,44,124,'vietsupporter@gmail.com','2022-12-14 13:35:24','vietsupporter@gmail.com','2022-12-14 13:35:24',NULL,''),(44,44,134,'vietsupporter@gmail.com','2022-12-14 13:35:24','vietsupporter@gmail.com','2022-12-14 13:35:24',NULL,''),(44,44,144,'vietsupporter@gmail.com','2022-12-14 13:35:24','vietsupporter@gmail.com','2022-12-14 13:35:24',NULL,''),(44,44,154,'vietsupporter@gmail.com','2022-12-14 13:35:24','vietsupporter@gmail.com','2022-12-14 13:35:24',NULL,''),(44,44,164,'vietsupporter@gmail.com','2022-12-14 13:35:24','vietsupporter@gmail.com','2022-12-14 13:35:24',NULL,'\0'),(64,144,64,'vietsupporter@gmail.com','2022-12-24 18:37:38','vietsupporter@gmail.com','2022-12-24 18:37:38',NULL,''),(64,144,74,'vietsupporter@gmail.com','2022-12-24 18:37:38','vietsupporter@gmail.com','2022-12-24 18:37:38',NULL,''),(64,144,84,'vietsupporter@gmail.com','2022-12-24 18:37:38','vietsupporter@gmail.com','2022-12-24 18:37:38',NULL,''),(64,144,94,'vietsupporter@gmail.com','2022-12-24 18:37:38','vietsupporter@gmail.com','2022-12-24 18:37:38',NULL,''),(64,144,104,'vietsupporter@gmail.com','2022-12-24 18:37:38','vietsupporter@gmail.com','2022-12-24 18:37:38',NULL,'\0'),(64,144,114,'vietsupporter@gmail.com','2022-12-24 18:37:38','vietsupporter@gmail.com','2022-12-24 18:37:38',NULL,''),(64,144,124,'vietsupporter@gmail.com','2022-12-24 18:37:38','vietsupporter@gmail.com','2022-12-24 18:37:38',NULL,''),(64,144,134,'vietsupporter@gmail.com','2022-12-24 18:37:38','vietsupporter@gmail.com','2022-12-24 18:37:38',NULL,''),(64,144,144,'vietsupporter@gmail.com','2022-12-24 18:37:38','vietsupporter@gmail.com','2022-12-24 18:37:38',NULL,''),(64,144,154,'vietsupporter@gmail.com','2022-12-24 18:37:38','vietsupporter@gmail.com','2022-12-24 18:37:38',NULL,''),(64,144,164,'vietsupporter@gmail.com','2022-12-24 18:37:38','vietsupporter@gmail.com','2022-12-24 18:37:38',NULL,''),(64,154,64,'vietsupporter@gmail.com','2022-12-24 18:38:03','vietsupporter@gmail.com','2022-12-24 18:38:03',NULL,''),(64,154,74,'vietsupporter@gmail.com','2022-12-24 18:38:03','vietsupporter@gmail.com','2022-12-24 18:38:03',NULL,''),(64,154,84,'vietsupporter@gmail.com','2022-12-24 18:38:03','vietsupporter@gmail.com','2022-12-24 18:38:03',NULL,''),(64,154,94,'vietsupporter@gmail.com','2022-12-24 18:38:03','vietsupporter@gmail.com','2022-12-24 18:38:03',NULL,NULL),(64,154,104,'vietsupporter@gmail.com','2022-12-24 18:38:03','vietsupporter@gmail.com','2022-12-24 18:38:03',NULL,''),(64,154,114,'vietsupporter@gmail.com','2022-12-24 18:38:03','vietsupporter@gmail.com','2022-12-24 18:38:03',NULL,''),(64,154,124,'vietsupporter@gmail.com','2022-12-24 18:38:03','vietsupporter@gmail.com','2022-12-24 18:38:03',NULL,''),(64,154,134,'vietsupporter@gmail.com','2022-12-24 18:38:03','vietsupporter@gmail.com','2022-12-24 18:38:03',NULL,''),(64,154,144,'vietsupporter@gmail.com','2022-12-24 18:38:03','vietsupporter@gmail.com','2022-12-24 18:38:03',NULL,''),(64,154,154,'vietsupporter@gmail.com','2022-12-24 18:38:03','vietsupporter@gmail.com','2022-12-24 18:38:03',NULL,''),(64,154,164,'vietsupporter@gmail.com','2022-12-24 18:38:03','vietsupporter@gmail.com','2022-12-24 18:38:03',NULL,''),(64,164,64,'vietsupporter@gmail.com','2022-12-24 18:38:24','vietsupporter@gmail.com','2022-12-24 18:38:24',NULL,''),(64,164,74,'vietsupporter@gmail.com','2022-12-24 18:38:24','vietsupporter@gmail.com','2022-12-24 18:38:24',NULL,''),(64,164,84,'vietsupporter@gmail.com','2022-12-24 18:38:24','vietsupporter@gmail.com','2022-12-24 18:38:24',NULL,''),(64,164,94,'vietsupporter@gmail.com','2022-12-24 18:38:24','vietsupporter@gmail.com','2022-12-24 18:38:24',NULL,''),(64,164,104,'vietsupporter@gmail.com','2022-12-24 18:38:24','vietsupporter@gmail.com','2022-12-24 18:38:24',NULL,''),(64,164,114,'vietsupporter@gmail.com','2022-12-24 18:38:24','vietsupporter@gmail.com','2022-12-24 18:38:24',NULL,''),(64,164,124,'vietsupporter@gmail.com','2022-12-24 18:38:24','vietsupporter@gmail.com','2022-12-24 18:38:24',NULL,''),(64,164,134,'vietsupporter@gmail.com','2022-12-24 18:38:24','vietsupporter@gmail.com','2022-12-24 18:38:24',NULL,NULL),(64,164,144,'vietsupporter@gmail.com','2022-12-24 18:38:24','vietsupporter@gmail.com','2022-12-24 18:38:24',NULL,'\0'),(64,164,154,'vietsupporter@gmail.com','2022-12-24 18:38:24','vietsupporter@gmail.com','2022-12-24 18:38:24',NULL,''),(64,164,164,'vietsupporter@gmail.com','2022-12-24 18:38:24','vietsupporter@gmail.com','2022-12-24 18:38:24',NULL,''),(64,214,64,'viettrainer@gmail.com','2022-12-28 02:04:15','viettrainer@gmail.com','2022-12-28 02:04:15',NULL,''),(64,214,74,'viettrainer@gmail.com','2022-12-28 02:04:15','viettrainer@gmail.com','2022-12-28 02:04:15',NULL,''),(64,214,84,'viettrainer@gmail.com','2022-12-28 02:04:15','viettrainer@gmail.com','2022-12-28 02:04:15',NULL,''),(64,214,94,'viettrainer@gmail.com','2022-12-28 02:04:15','viettrainer@gmail.com','2022-12-28 02:04:15',NULL,''),(64,214,104,'viettrainer@gmail.com','2022-12-28 02:04:15','viettrainer@gmail.com','2022-12-28 02:04:15',NULL,''),(64,214,114,'viettrainer@gmail.com','2022-12-28 02:04:15','viettrainer@gmail.com','2022-12-28 02:04:15',NULL,''),(64,214,124,'viettrainer@gmail.com','2022-12-28 02:04:15','viettrainer@gmail.com','2022-12-28 02:04:15',NULL,'\0'),(64,214,134,'viettrainer@gmail.com','2022-12-28 02:04:15','viettrainer@gmail.com','2022-12-28 02:04:15',NULL,''),(64,214,144,'viettrainer@gmail.com','2022-12-28 02:04:15','viettrainer@gmail.com','2022-12-28 02:04:15',NULL,'\0'),(64,214,154,'viettrainer@gmail.com','2022-12-28 02:04:15','viettrainer@gmail.com','2022-12-28 02:04:15',NULL,''),(64,214,164,'viettrainer@gmail.com','2022-12-28 02:04:15','viettrainer@gmail.com','2022-12-28 02:04:15',NULL,NULL);
/*!40000 ALTER TABLE `attendance` ENABLE KEYS */;
UNLOCK TABLES;

--
-- Table structure for table `class`
--

DROP TABLE IF EXISTS `class`;
/*!40101 SET @saved_cs_client     = @@character_set_client */;
/*!40101 SET character_set_client = utf8 */;
CREATE TABLE `class` (
  `class_id` bigint(20) NOT NULL AUTO_INCREMENT,
  `created_by` varchar(255) DEFAULT NULL,
  `created_date` datetime DEFAULT NULL,
  `modified_by` varchar(255) DEFAULT NULL,
  `modified_date` datetime DEFAULT NULL,
  `code` varchar(255) NOT NULL,
  `status` varchar(255) DEFAULT NULL,
  `setting_branch_setting_id` bigint(20) DEFAULT NULL,
  `setting_term_setting_id` bigint(20) DEFAULT NULL,
  `subject_id` bigint(20) DEFAULT NULL,
  `user_supporter_user_id` bigint(20) DEFAULT NULL,
  `user_trainer_user_id` bigint(20) DEFAULT NULL,
  `description` text,
  PRIMARY KEY (`class_id`),
  UNIQUE KEY `UK_mtq71nmcpoqpxqvgklo7v06na` (`code`),
  KEY `FKa0huwpllqdwlr8qhtr7n9wvn` (`setting_branch_setting_id`),
  KEY `FKeflmvnyoj9c88otvv12q6snum` (`setting_term_setting_id`),
  KEY `FKh0eyrgvqpfux7dvr8elhhdaf6` (`subject_id`),
  KEY `FKidldf3knwm4u7q56g8cbm8dp1` (`user_supporter_user_id`),
  KEY `FK2nhu6kke1w1cumqbgp62r0x09` (`user_trainer_user_id`),
  CONSTRAINT `FK2nhu6kke1w1cumqbgp62r0x09` FOREIGN KEY (`user_trainer_user_id`) REFERENCES `user` (`user_id`),
  CONSTRAINT `FKa0huwpllqdwlr8qhtr7n9wvn` FOREIGN KEY (`setting_branch_setting_id`) REFERENCES `setting` (`setting_id`),
  CONSTRAINT `FKeflmvnyoj9c88otvv12q6snum` FOREIGN KEY (`setting_term_setting_id`) REFERENCES `setting` (`setting_id`),
  CONSTRAINT `FKh0eyrgvqpfux7dvr8elhhdaf6` FOREIGN KEY (`subject_id`) REFERENCES `subject` (`subject_id`),
  CONSTRAINT `FKidldf3knwm4u7q56g8cbm8dp1` FOREIGN KEY (`user_supporter_user_id`) REFERENCES `user` (`user_id`)
) ENGINE=InnoDB AUTO_INCREMENT=75 DEFAULT CHARSET=utf8;
/*!40101 SET character_set_client = @saved_cs_client */;

--
-- Dumping data for table `class`
--

LOCK TABLES `class` WRITE;
/*!40000 ALTER TABLE `class` DISABLE KEYS */;
INSERT INTO `class` VALUES (14,'chungmanager3@gmail.com','2022-12-04 16:13:37','chungmanager3@gmail.com','2022-12-27 15:55:31','SE1427','0',84,64,14,24,14,NULL),(24,'vietmanager@gmail.com','2022-12-04 16:43:36','vietmanager@gmail.com','2022-12-24 15:25:50','JS1429','1',84,54,34,204,174,'Software architecture exposes the structure of a system while hiding the implementation details. Architecture also focuses on how the elements and components within a system interact with one other. Software design delves deeper into the implementation details of the system.'),(34,'vietmanager@gmail.com','2022-12-04 16:45:35','vietmanager@gmail.com','2022-12-24 14:58:00','JS1430','0',84,64,44,204,174,'Written for the beginning computing student, this text engages readers by relating core computer science topics to their industry application. The course is written in a comfortable, informal manner, and light humor is used throughout the text to maintain interest and enhance learning. All chapters contain a multitude of exercises, quizzes, and other opportunities for skill application.'),(44,'vietmanager@gmail.com','2022-12-10 17:25:43','vietsupporter@gmail.com','2022-12-27 22:37:05','JS1400','0',84,64,64,204,174,'Software Testing class'),(54,'vietmanager@gmail.com','2022-12-21 08:24:29','vietmanager@gmail.com','2022-12-24 14:58:25','JS1428','0',84,54,34,204,174,'JS1428'),(64,'vietmanager@gmail.com','2022-12-24 15:07:50','vietmanager@gmail.com','2022-12-24 15:07:50','JS1402','1',84,64,74,204,174,'Class JS1402'),(74,'chungmanager3@gmail.com','2022-12-27 14:40:23','chungmanager3@gmail.com','2022-12-27 14:40:23','SE1506','1',84,64,84,24,14,'Class SE1506');
/*!40000 ALTER TABLE `class` ENABLE KEYS */;
UNLOCK TABLES;

--
-- Table structure for table `class_setting`
--

DROP TABLE IF EXISTS `class_setting`;
/*!40101 SET @saved_cs_client     = @@character_set_client */;
/*!40101 SET character_set_client = utf8 */;
CREATE TABLE `class_setting` (
  `class_setting_id` bigint(20) NOT NULL AUTO_INCREMENT,
  `created_by` varchar(255) DEFAULT NULL,
  `created_date` datetime DEFAULT NULL,
  `modified_by` varchar(255) DEFAULT NULL,
  `modified_date` datetime DEFAULT NULL,
  `description` varchar(255) DEFAULT NULL,
  `display_order` varchar(255) DEFAULT NULL,
  `setting_title` varchar(255) DEFAULT NULL,
  `setting_value` varchar(255) DEFAULT NULL,
  `status` varchar(255) DEFAULT NULL,
  `class_id` bigint(20) DEFAULT NULL,
  `type_id` bigint(20) DEFAULT NULL,
  PRIMARY KEY (`class_setting_id`),
  KEY `FKfp1ke91vftddcvny9f1uyfnmy` (`class_id`),
  KEY `FKdpj05ced45tidkwjs1v1a5s3x` (`type_id`),
  CONSTRAINT `FKdpj05ced45tidkwjs1v1a5s3x` FOREIGN KEY (`type_id`) REFERENCES `setting` (`setting_id`),
  CONSTRAINT `FKfp1ke91vftddcvny9f1uyfnmy` FOREIGN KEY (`class_id`) REFERENCES `class` (`class_id`)
) ENGINE=InnoDB AUTO_INCREMENT=655 DEFAULT CHARSET=utf8;
/*!40101 SET character_set_client = @saved_cs_client */;

--
-- Dumping data for table `class_setting`
--

LOCK TABLES `class_setting` WRITE;
/*!40000 ALTER TABLE `class_setting` DISABLE KEYS */;
INSERT INTO `class_setting` VALUES (34,'duynvtrainer3@gmail.com','2022-12-05 14:34:25','duynvtrainer3@gmail.com','2022-12-05 14:34:25','Student attendance QnA','1','Student attendance','QnA','1',14,534),(64,'vietsupporter@gmail.com','2022-12-14 09:15:06','vietsupporter@gmail.com','2022-12-14 09:15:06',NULL,NULL,NULL,'1','1',44,280),(74,'vietsupporter@gmail.com','2022-12-14 09:15:17','vietsupporter@gmail.com','2022-12-14 09:15:17',NULL,NULL,NULL,'2','1',44,280),(84,'vietsupporter@gmail.com','2022-12-14 09:15:28','vietsupporter@gmail.com','2022-12-14 09:15:28',NULL,NULL,NULL,'3','1',44,280),(94,'vietsupporter@gmail.com','2022-12-14 09:15:38','vietsupporter@gmail.com','2022-12-14 09:15:38',NULL,NULL,NULL,'4','1',44,280),(104,'vietsupporter@gmail.com','2022-12-14 09:15:52','vietsupporter@gmail.com','2022-12-14 09:15:52',NULL,NULL,NULL,'5','1',44,280),(114,'vietsupporter@gmail.com','2022-12-14 09:16:02','vietsupporter@gmail.com','2022-12-14 09:16:02',NULL,NULL,NULL,'6','1',44,280),(124,'vietsupporter@gmail.com','2022-12-14 09:16:11','vietsupporter@gmail.com','2022-12-14 09:16:11',NULL,NULL,NULL,'7','1',44,280),(134,'vietsupporter@gmail.com','2022-12-14 09:16:23','vietsupporter@gmail.com','2022-12-14 09:16:23',NULL,NULL,NULL,'8','1',44,280),(144,'vietsupporter@gmail.com','2022-12-14 09:16:33','vietsupporter@gmail.com','2022-12-14 09:16:33',NULL,NULL,NULL,'9','1',44,280),(154,'vietsupporter@gmail.com','2022-12-14 09:16:44','vietsupporter@gmail.com','2022-12-27 22:36:59',NULL,NULL,'Slot 12','10','1',44,280),(164,'vietsupporter@gmail.com','2022-12-14 09:16:53','vietsupporter@gmail.com','2022-12-27 22:34:48',NULL,NULL,'Slot 11','11','1',44,280),(174,'viettrainer@gmail.com','2022-12-14 12:16:02','viettrainer@gmail.com','2022-12-14 12:16:02','','1','WP','WP','1',44,534),(184,'viettrainer@gmail.com','2022-12-14 12:17:32','viettrainer@gmail.com','2022-12-14 12:19:10','','1','Task','Task','0',44,534),(194,'viettrainer@gmail.com','2022-12-14 12:17:45','viettrainer@gmail.com','2022-12-14 12:17:45','','1','Defect','Defect','1',44,534),(204,'viettrainer@gmail.com','2022-12-14 12:17:56','viettrainer@gmail.com','2022-12-14 12:17:56','','1','QnA','QnA','1',44,534),(214,'viettrainer@gmail.com','2022-12-14 12:18:08','viettrainer@gmail.com','2022-12-14 12:18:08','','1','To Do','Todo','1',44,544),(224,'viettrainer@gmail.com','2022-12-14 12:18:15','viettrainer@gmail.com','2022-12-14 12:18:15','','1','Doing','Doing','1',44,544),(234,'viettrainer@gmail.com','2022-12-14 12:18:22','viettrainer@gmail.com','2022-12-14 12:18:22','','1','Done','Done','1',44,544),(244,'viettrainer@gmail.com','2022-12-21 14:30:40','viettrainer@gmail.com','2022-12-21 14:30:40','slot 1','1','slot 1','1','1',54,280),(254,'vietsupporter@gmail.com','2022-12-21 14:32:20','vietsupporter@gmail.com','2022-12-21 14:32:20',NULL,NULL,NULL,'2','1',54,280),(264,'duynvtrainer3@gmail.com','2022-12-21 14:35:41','duynvtrainer3@gmail.com','2022-12-21 14:35:41','Slot 1','0','Slot 1','1','1',14,280),(274,'vietsupporter@gmail.com','2022-12-24 18:30:57','viettrainer@gmail.com','2022-12-24 20:35:49','Slot 1',NULL,'Slot 1','1','1',64,280),(284,'vietsupporter@gmail.com','2022-12-24 18:32:05','viettrainer@gmail.com','2022-12-24 20:36:02','Slot 2',NULL,'Slot 2','2','1',64,280),(294,'vietsupporter@gmail.com','2022-12-24 18:32:34','viettrainer@gmail.com','2022-12-24 20:36:13','Slot 3',NULL,'Slot 3','3','1',64,280),(304,'vietsupporter@gmail.com','2022-12-24 18:32:55','viettrainer@gmail.com','2022-12-24 20:36:21','Slot 4',NULL,'Slot 4','4','1',64,280),(314,'vietsupporter@gmail.com','2022-12-24 18:35:11','viettrainer@gmail.com','2022-12-24 20:36:29','Slot 5',NULL,'Slot 5','5','1',64,280),(324,'vietsupporter@gmail.com','2022-12-24 18:35:22','viettrainer@gmail.com','2022-12-24 20:36:37','Slot 6',NULL,'Slot 6','6','1',64,280),(334,'vietsupporter@gmail.com','2022-12-24 18:35:52','viettrainer@gmail.com','2022-12-24 20:36:44','Slot 7',NULL,'Slot 7','7','1',64,280),(344,'vietsupporter@gmail.com','2022-12-24 18:36:07','viettrainer@gmail.com','2022-12-24 20:36:56','Slot 8',NULL,'Slot 8','8','1',64,280),(354,'vietsupporter@gmail.com','2022-12-24 18:36:42','viettrainer@gmail.com','2022-12-24 20:37:04','Slot 9',NULL,'Slot 9','9','1',64,280),(364,'vietsupporter@gmail.com','2022-12-24 18:37:06','viettrainer@gmail.com','2022-12-24 20:37:12','Slot 10',NULL,'Slot 10','10','1',64,280),(374,'vietsupporter@gmail.com','2022-12-24 18:39:16','viettrainer@gmail.com','2022-12-24 20:37:24','Slot 11',NULL,'Slot 11','11','1',64,280),(384,'vietsupporter@gmail.com','2022-12-24 18:39:42','viettrainer@gmail.com','2022-12-24 20:37:33','Slot 12',NULL,'Slot 12','12','1',64,280),(394,'vietsupporter@gmail.com','2022-12-24 18:40:03','viettrainer@gmail.com','2022-12-24 20:37:42','Slot 13',NULL,'Slot 13','13','1',64,280),(404,'viettrainer@gmail.com','2022-12-24 20:38:09','viettrainer@gmail.com','2022-12-24 20:38:09','question and answer','1','QnA','QnA','1',64,534),(414,'viettrainer@gmail.com','2022-12-24 20:38:15','viettrainer@gmail.com','2022-12-24 20:38:15','Bug','1','Bug','Bug','1',64,534),(424,'viettrainer@gmail.com','2022-12-24 20:38:23','viettrainer@gmail.com','2022-12-24 20:38:23','Feature','1','Feature','Feature','1',64,534),(434,'viettrainer@gmail.com','2022-12-24 20:38:36','viettrainer@gmail.com','2022-12-24 20:38:36','Conflict','1','Conflict','Conflict','1',64,534),(444,'viettrainer@gmail.com','2022-12-24 20:38:52','viettrainer@gmail.com','2022-12-24 20:39:33','Todo','1','Todo','Todo','1',64,544),(454,'viettrainer@gmail.com','2022-12-24 20:39:02','viettrainer@gmail.com','2022-12-24 20:39:02','Doing','1','Doing','Doing','1',64,544),(464,'viettrainer@gmail.com','2022-12-24 20:39:08','viettrainer@gmail.com','2022-12-24 20:39:08','Done','1','Done','Done','1',64,544),(474,'viettrainer@gmail.com','2022-12-24 20:39:14','viettrainer@gmail.com','2022-12-24 20:39:14','Dropout','1','Dropout','Dropout','1',64,544),(484,'viettrainer@gmail.com','2022-12-24 20:41:11','viettrainer@gmail.com','2022-12-24 20:41:11','Defect','0','Defect','Defect','1',64,534),(494,'viettrainer@gmail.com','2022-12-24 20:41:24','viettrainer@gmail.com','2022-12-24 20:41:24','Task','0','Task','Task','0',64,534),(504,'duynvtrainer3@gmail.com','2022-12-27 14:46:51','duynvtrainer3@gmail.com','2022-12-27 14:46:51','','1','Slot 2','2','1',74,280),(514,'duynvtrainer3@gmail.com','2022-12-27 14:46:58','duynvtrainer3@gmail.com','2022-12-27 14:47:37','Slot 3','1','Slot 3','3','1',74,280),(524,'duynvtrainer3@gmail.com','2022-12-27 14:47:11','duynvtrainer3@gmail.com','2022-12-27 14:47:11','','1','Slot 4','4','1',74,280),(534,'duynvtrainer3@gmail.com','2022-12-27 14:47:55','duynvtrainer3@gmail.com','2022-12-27 14:47:55','','1','Slot 1','1','1',74,280),(544,'duynvtrainer3@gmail.com','2022-12-27 14:48:16','duynvtrainer3@gmail.com','2022-12-27 14:48:16','','1','Slot 5','5','1',74,280),(554,'duynvtrainer3@gmail.com','2022-12-27 14:48:40','duynvtrainer3@gmail.com','2022-12-27 14:48:40','','1','Slot 6','6','1',74,280),(564,'duynvtrainer3@gmail.com','2022-12-27 14:48:46','duynvtrainer3@gmail.com','2022-12-27 14:48:46','','1','Slot 7','7','1',74,280),(574,'duynvtrainer3@gmail.com','2022-12-27 14:48:53','duynvtrainer3@gmail.com','2022-12-27 14:48:53','','1','Slot 8','8','1',74,280),(584,'duynvtrainer3@gmail.com','2022-12-27 14:49:00','duynvtrainer3@gmail.com','2022-12-27 14:49:00','','1','Slot 9','9','1',74,280),(594,'duynvtrainer3@gmail.com','2022-12-27 14:49:06','duynvtrainer3@gmail.com','2022-12-27 14:49:06','','1','Slot 10','10','1',74,280),(604,'duynvtrainer3@gmail.com','2022-12-27 14:49:48','duynvtrainer3@gmail.com','2022-12-27 14:49:48','','1','QnA','QnA','1',74,534),(614,'duynvtrainer3@gmail.com','2022-12-27 14:49:59','duynvtrainer3@gmail.com','2022-12-27 14:49:59','','1','Bug','Bug','1',74,534),(624,'duynvtrainer3@gmail.com','2022-12-27 14:50:22','duynvtrainer3@gmail.com','2022-12-27 14:50:22','','1','Feature','Feature','1',74,534),(634,'duynvtrainer3@gmail.com','2022-12-27 14:51:00','duynvtrainer3@gmail.com','2022-12-27 14:51:00','','1','Todo','Todo','1',74,544),(644,'duynvtrainer3@gmail.com','2022-12-27 14:51:24','duynvtrainer3@gmail.com','2022-12-27 14:51:24','','1','Doing','Doing','1',74,544),(654,'duynvtrainer3@gmail.com','2022-12-27 14:51:54','duynvtrainer3@gmail.com','2022-12-27 14:51:54','','1','Done','Done','1',74,544);
/*!40000 ALTER TABLE `class_setting` ENABLE KEYS */;
UNLOCK TABLES;

--
-- Table structure for table `class_user`
--

DROP TABLE IF EXISTS `class_user`;
/*!40101 SET @saved_cs_client     = @@character_set_client */;
/*!40101 SET character_set_client = utf8 */;
CREATE TABLE `class_user` (
  `class_id` bigint(20) NOT NULL,
  `user_id` bigint(20) NOT NULL,
  `comment` varchar(255) DEFAULT NULL,
  `dropout_date` date DEFAULT NULL,
  `final_eval` double DEFAULT NULL,
  `note` varchar(255) DEFAULT NULL,
  `ongoing_eval` double DEFAULT NULL,
  `status` bit(1) DEFAULT NULL,
  `topic_eval` double DEFAULT NULL,
  PRIMARY KEY (`class_id`,`user_id`),
  KEY `FKt965l5m9twycbgm4wc88x5tlb` (`user_id`),
  CONSTRAINT `FKmxw4wosuc6cmjt76so5c7hmto` FOREIGN KEY (`class_id`) REFERENCES `class` (`class_id`),
  CONSTRAINT `FKt965l5m9twycbgm4wc88x5tlb` FOREIGN KEY (`user_id`) REFERENCES `user` (`user_id`)
) ENGINE=InnoDB DEFAULT CHARSET=utf8;
/*!40101 SET character_set_client = @saved_cs_client */;

--
-- Dumping data for table `class_user`
--

LOCK TABLES `class_user` WRITE;
/*!40000 ALTER TABLE `class_user` DISABLE KEYS */;
INSERT INTO `class_user` VALUES (14,254,NULL,NULL,NULL,NULL,0,'',NULL),(14,264,NULL,NULL,NULL,NULL,0,'',NULL),(14,274,'Nộp bài sớm Bonus +1',NULL,0,'',0,'',0),(14,294,'good',NULL,0,NULL,0,'',0),(14,304,NULL,NULL,NULL,NULL,0,'',NULL),(14,314,NULL,NULL,NULL,NULL,0,'',NULL),(14,324,NULL,NULL,NULL,NULL,0,'',NULL),(14,334,NULL,NULL,NULL,NULL,0,'',NULL),(14,344,'good',NULL,0,NULL,0.62,'',0.62),(14,354,NULL,NULL,NULL,NULL,0,'',NULL),(14,364,NULL,NULL,NULL,NULL,0,'',NULL),(24,74,NULL,NULL,NULL,NULL,NULL,'\0',NULL),(34,74,NULL,NULL,NULL,NULL,NULL,'\0',NULL),(34,84,NULL,NULL,NULL,NULL,NULL,'\0',NULL),(34,114,NULL,NULL,NULL,NULL,NULL,'\0',NULL),(44,64,NULL,NULL,NULL,NULL,1.19,'',NULL),(44,74,NULL,NULL,NULL,NULL,1.14,'',NULL),(44,84,NULL,NULL,NULL,NULL,1.5,'',NULL),(44,94,NULL,NULL,NULL,NULL,1.38,'',NULL),(44,104,NULL,NULL,2.07,NULL,0,'',2.07),(44,114,NULL,NULL,NULL,NULL,0.12,'',NULL),(44,124,'not good',NULL,2.16,NULL,1.21,'',3.37),(44,134,NULL,NULL,NULL,NULL,1.09,'',NULL),(44,144,NULL,NULL,NULL,NULL,0,'',NULL),(44,154,NULL,NULL,NULL,NULL,1.14,'',NULL),(44,164,NULL,NULL,NULL,NULL,1.09,'',NULL),(64,64,'good',NULL,1.26,NULL,5.21,'',6.47),(64,74,NULL,NULL,NULL,NULL,2.89,'',NULL),(64,84,NULL,NULL,NULL,NULL,3.64,'',NULL),(64,94,'very good',NULL,1.4,NULL,4.51,'',5.91),(64,104,NULL,NULL,1.6,NULL,4.33,'',5.93),(64,114,NULL,NULL,NULL,NULL,3.19,'',NULL),(64,124,NULL,NULL,NULL,NULL,2.54,'',NULL),(64,134,NULL,NULL,NULL,NULL,2.75,'',NULL),(64,144,NULL,NULL,NULL,NULL,2.91,'',NULL),(64,154,NULL,NULL,NULL,NULL,3.02,'',NULL),(64,164,NULL,NULL,1.26,NULL,3.84,'',5.1),(74,254,NULL,NULL,NULL,NULL,NULL,'',NULL),(74,264,NULL,NULL,NULL,NULL,NULL,'',NULL),(74,274,NULL,NULL,NULL,NULL,NULL,'',NULL),(74,294,NULL,NULL,NULL,NULL,NULL,'',NULL),(74,304,NULL,NULL,NULL,NULL,NULL,'',NULL),(74,314,NULL,NULL,NULL,NULL,NULL,'',NULL),(74,324,NULL,NULL,NULL,NULL,NULL,'',NULL),(74,334,NULL,NULL,NULL,NULL,NULL,'',NULL),(74,344,NULL,NULL,NULL,NULL,NULL,'',NULL),(74,354,NULL,NULL,NULL,NULL,NULL,'',NULL),(74,364,NULL,NULL,NULL,NULL,NULL,'',NULL);
/*!40000 ALTER TABLE `class_user` ENABLE KEYS */;
UNLOCK TABLES;

--
-- Table structure for table `eval_criteria`
--

DROP TABLE IF EXISTS `eval_criteria`;
/*!40101 SET @saved_cs_client     = @@character_set_client */;
/*!40101 SET character_set_client = utf8 */;
CREATE TABLE `eval_criteria` (
  `criteria_id` bigint(20) NOT NULL AUTO_INCREMENT,
  `criteria_name` varchar(255) DEFAULT NULL,
  `description` varchar(255) DEFAULT NULL,
  `is_team_eval` bit(1) NOT NULL,
  `status` varchar(255) DEFAULT NULL,
  `ass_id` bigint(20) DEFAULT NULL,
  `created_by` varchar(255) DEFAULT NULL,
  `created_date` datetime(6) DEFAULT NULL,
  `modified_by` varchar(255) DEFAULT NULL,
  `modified_date` datetime(6) DEFAULT NULL,
  `milestone_id` bigint(20) DEFAULT NULL,
  `eval_weight` double NOT NULL,
  `is_work_eval` bit(1) NOT NULL,
  `expected_work` bigint(20) DEFAULT NULL,
  PRIMARY KEY (`criteria_id`),
  KEY `FK6u4cby2sx5ji9xqd75r3nh38d` (`ass_id`),
  KEY `FKsp0nsploous3rb2klu7o5jttb` (`milestone_id`),
  CONSTRAINT `FK6u4cby2sx5ji9xqd75r3nh38d` FOREIGN KEY (`ass_id`) REFERENCES `assignment` (`ass_id`),
  CONSTRAINT `FKsp0nsploous3rb2klu7o5jttb` FOREIGN KEY (`milestone_id`) REFERENCES `milestone` (`milestone_id`)
) ENGINE=InnoDB AUTO_INCREMENT=1695 DEFAULT CHARSET=utf8;
/*!40101 SET character_set_client = @saved_cs_client */;

--
-- Dumping data for table `eval_criteria`
--

LOCK TABLES `eval_criteria` WRITE;
/*!40000 ALTER TABLE `eval_criteria` DISABLE KEYS */;
INSERT INTO `eval_criteria` VALUES (544,'Describe possible functions for the software','Describe possible functions for the software','','1',384,'duynvtrainer3@gmail.com','2022-12-05 10:57:00.101000','duynvtrainer3@gmail.com','2022-12-05 10:57:00.101000',24,15,'\0',80),(714,'The presentation describes the functions of the system','The presentation describes the functions of the system','','1',384,'duynvtrainer3@gmail.com','2022-12-05 14:25:28.533000','duynvtrainer3@gmail.com','2022-12-05 14:25:28.533000',24,35,'',120),(724,'Screen Design 1','Screen Design 1','','1',394,'duynvtrainer3@gmail.com','2022-12-05 14:26:40.749000','duynvtrainer3@gmail.com','2022-12-05 14:26:40.749000',34,20,'\0',20),(734,'UC Diagram 1','UC Diagram 1','','1',394,'duynvtrainer3@gmail.com','2022-12-05 14:27:42.644000','duynvtrainer3@gmail.com','2022-12-05 14:27:42.644000',34,25,'\0',75),(744,'Determine the main components','Determine the main components ','','1',404,'duynvtrainer3@gmail.com','2022-12-05 14:29:33.455000','vietmanager@gmail.com','2022-12-10 10:20:21.018000',44,40,'',120),(904,'Know definitions, concepts and terminologies about Software Testing','Know definitions, concepts and terminologies about Software Testing','\0','1',454,'vietmanager@gmail.com','2022-12-10 17:41:27.909000','viettrainer@gmail.com','2022-12-10 18:15:47.983000',84,10,'\0',100),(914,'Understand Software Test process and various testing techniques','Understand Software Test process and various testing techniques','\0','1',454,'vietmanager@gmail.com','2022-12-10 17:42:17.842000','vietmanager@gmail.com','2022-12-10 17:42:51.588000',84,10,'\0',100),(924,'Write test cases based on requirement specifications, test and execute testing for two simple software projects','Write test cases based on requirement specifications, test and execute testing for two simple software projects','\0','1',454,'vietmanager@gmail.com','2022-12-10 17:43:45.515000','vietmanager@gmail.com','2022-12-10 17:45:53.912000',84,10,'\0',100),(934,'Conduct effective and efficient inspections','Conduct effective and efficient inspections','\0','1',454,'vietmanager@gmail.com','2022-12-10 17:44:18.313000','vietmanager@gmail.com','2022-12-10 17:44:18.313000',84,10,'\0',100),(944,'Apply a wide variety of testing techniques in an effective and efficient manner','Apply a wide variety of testing techniques in an effective and efficient manner','\0','1',454,'vietmanager@gmail.com','2022-12-10 17:44:34.192000','vietmanager@gmail.com','2022-12-10 17:44:34.192000',84,10,'\0',100),(954,'Compute test coverage and yield, according to a variety of criteria','Compute test coverage and yield, according to a variety of criteria','\0','1',454,'vietmanager@gmail.com','2022-12-10 17:44:48.676000','vietmanager@gmail.com','2022-12-10 17:44:48.676000',84,10,'\0',100),(964,'Use statistical techniques to evaluate the defect density and the likelihood of faults','Use statistical techniques to evaluate the defect density and the likelihood of faults','\0','1',454,'vietmanager@gmail.com','2022-12-10 17:45:00.738000','vietmanager@gmail.com','2022-12-10 17:45:00.738000',84,10,'\0',100),(974,'Understand and apply bug logging, bug reporting, test reporting, automation testing tools','Understand and apply bug logging, bug reporting, test reporting, automation testing tools','\0','1',454,'vietmanager@gmail.com','2022-12-10 17:45:15.132000','vietmanager@gmail.com','2022-12-10 17:45:15.132000',84,10,'\0',100),(984,'Present and work in team','Present and work in team','\0','1',454,'vietmanager@gmail.com','2022-12-10 17:45:31.195000','vietmanager@gmail.com','2022-12-10 18:11:20.089000',84,20,'\0',100),(994,'Know definitions, concepts and terminologies about Software Testing','Know definitions, concepts and terminologies about Software Testing','','1',464,'vietmanager@gmail.com','2022-12-10 17:46:41.101000','vietmanager@gmail.com','2022-12-10 17:46:41.101000',94,10,'\0',100),(1004,'Understand Software Test process and various testing techniques','Understand Software Test process and various testing techniques','','1',464,'vietmanager@gmail.com','2022-12-10 17:46:54.453000','vietmanager@gmail.com','2022-12-10 17:46:54.453000',94,10,'\0',100),(1014,'Write test cases based on requirement specifications, test and execute testing for two simple software projects','Write test cases based on requirement specifications, test and execute testing for two simple software projects','','1',464,'vietmanager@gmail.com','2022-12-10 17:47:07.475000','vietmanager@gmail.com','2022-12-10 17:47:07.475000',94,10,'\0',100),(1024,'Conduct effective and efficient inspections','Conduct effective and efficient inspections','','1',464,'vietmanager@gmail.com','2022-12-10 17:47:24.699000','vietmanager@gmail.com','2022-12-10 17:47:24.699000',94,10,'\0',100),(1034,'Apply a wide variety of testing techniques in an effective and efficient manner','Apply a wide variety of testing techniques in an effective and efficient manner','','1',464,'vietmanager@gmail.com','2022-12-10 17:47:36.425000','vietmanager@gmail.com','2022-12-10 17:47:36.425000',94,10,'\0',100),(1044,'Compute test coverage and yield, according to a variety of criteria','Compute test coverage and yield, according to a variety of criteria','','1',464,'vietmanager@gmail.com','2022-12-10 17:47:51.678000','vietmanager@gmail.com','2022-12-10 17:47:51.678000',94,10,'\0',100),(1054,'Use statistical techniques to evaluate the defect density and the likelihood of faults','Use statistical techniques to evaluate the defect density and the likelihood of faults','','1',464,'vietmanager@gmail.com','2022-12-10 17:48:11.825000','vietmanager@gmail.com','2022-12-10 17:48:11.825000',94,10,'\0',100),(1064,'Understand and apply bug logging, bug reporting, test reporting, automation testing tools','Understand and apply bug logging, bug reporting, test reporting, automation testing tools','','1',464,'vietmanager@gmail.com','2022-12-10 17:48:23.715000','vietmanager@gmail.com','2022-12-10 17:48:23.715000',94,10,'\0',100),(1074,'Present and work in team','Present and work in team','','1',464,'vietmanager@gmail.com','2022-12-10 17:48:33.585000','vietmanager@gmail.com','2022-12-10 18:11:41.312000',94,20,'\0',100),(1084,'Know definitions, concepts and terminologies about Software Testing','Know definitions, concepts and terminologies about Software Testing','','1',474,'vietmanager@gmail.com','2022-12-10 17:49:07.724000','vietmanager@gmail.com','2022-12-10 17:49:07.724000',104,10,'\0',100),(1094,'Understand Software Test process and various testing techniques','Understand Software Test process and various testing techniques','','1',474,'vietmanager@gmail.com','2022-12-10 17:49:22.066000','vietmanager@gmail.com','2022-12-10 17:49:22.066000',104,10,'\0',100),(1104,'Write test cases based on requirement specifications, test and execute testing for two simple software projects','Write test cases based on requirement specifications, test and execute testing for two simple software projects','','1',474,'vietmanager@gmail.com','2022-12-10 17:49:40.196000','vietmanager@gmail.com','2022-12-10 17:49:40.196000',104,10,'\0',100),(1114,'Conduct effective and efficient inspections','Conduct effective and efficient inspections','','1',474,'vietmanager@gmail.com','2022-12-10 17:49:53.536000','vietmanager@gmail.com','2022-12-10 17:49:53.536000',104,10,'\0',100),(1124,'Apply a wide variety of testing techniques in an effective and efficient manner','Apply a wide variety of testing techniques in an effective and efficient manner','','1',474,'vietmanager@gmail.com','2022-12-10 17:50:06.914000','vietmanager@gmail.com','2022-12-10 17:50:06.914000',104,10,'\0',100),(1134,'Compute test coverage and yield, according to a variety of criteria','Compute test coverage and yield, according to a variety of criteria','','1',474,'vietmanager@gmail.com','2022-12-10 17:50:40.330000','vietmanager@gmail.com','2022-12-10 17:50:40.330000',104,10,'\0',100),(1144,'Use statistical techniques to evaluate the defect density and the likelihood of faults','Use statistical techniques to evaluate the defect density and the likelihood of faults','','1',474,'vietmanager@gmail.com','2022-12-10 17:50:49.772000','vietmanager@gmail.com','2022-12-10 17:50:49.772000',104,10,'\0',100),(1154,'Understand and apply bug logging, bug reporting, test reporting, automation testing tools','Understand and apply bug logging, bug reporting, test reporting, automation testing tools','','1',474,'vietmanager@gmail.com','2022-12-10 17:51:01.619000','vietmanager@gmail.com','2022-12-10 17:51:01.619000',104,10,'\0',100),(1164,'Present and work in team','Present and work in team','','1',474,'vietmanager@gmail.com','2022-12-10 17:51:15.799000','viettrainer@gmail.com','2022-12-24 17:14:58.937000',104,20,'',100),(1174,'Know definitions, concepts and terminologies about Software Testing','Know definitions, concepts and terminologies about Software Testing','','1',484,'vietmanager@gmail.com','2022-12-10 17:51:30.986000','vietmanager@gmail.com','2022-12-10 17:51:30.986000',114,10,'\0',100),(1184,'Know definitions, concepts and terminologies about Software Testing','Know definitions, concepts and terminologies about Software Testing','','1',494,'vietmanager@gmail.com','2022-12-10 17:51:38.838000','vietmanager@gmail.com','2022-12-10 17:51:38.838000',124,10,'\0',100),(1194,'Know definitions, concepts and terminologies about Software Testing','Know definitions, concepts and terminologies about Software Testing','','1',504,'vietmanager@gmail.com','2022-12-10 17:51:44.037000','vietmanager@gmail.com','2022-12-10 17:51:44.037000',134,10,'\0',100),(1204,'Understand Software Test process and various testing techniques','Understand Software Test process and various testing techniques','','1',484,'vietmanager@gmail.com','2022-12-10 17:52:19.525000','vietmanager@gmail.com','2022-12-10 17:52:19.525000',114,10,'\0',100),(1214,'Understand Software Test process and various testing techniques','Understand Software Test process and various testing techniques','','1',494,'vietmanager@gmail.com','2022-12-10 17:52:24.617000','vietmanager@gmail.com','2022-12-10 17:52:24.617000',124,10,'\0',100),(1224,'Understand Software Test process and various testing techniques','Understand Software Test process and various testing techniques','','1',504,'vietmanager@gmail.com','2022-12-10 17:52:29.351000','vietmanager@gmail.com','2022-12-10 17:52:29.351000',134,10,'\0',100),(1234,'Write test cases based on requirement specifications, test and execute testing for two simple software projects','Write test cases based on requirement specifications, test and execute testing for two simple software projects','','1',484,'vietmanager@gmail.com','2022-12-10 17:52:45.598000','vietmanager@gmail.com','2022-12-10 17:52:45.598000',114,10,'\0',100),(1244,'Write test cases based on requirement specifications, test and execute testing for two simple software projects','Write test cases based on requirement specifications, test and execute testing for two simple software projects','','1',494,'vietmanager@gmail.com','2022-12-10 17:52:50.597000','vietmanager@gmail.com','2022-12-10 17:52:50.597000',124,10,'\0',100),(1254,'Write test cases based on requirement specifications, test and execute testing for two simple software projects','Write test cases based on requirement specifications, test and execute testing for two simple software projects','','1',504,'vietmanager@gmail.com','2022-12-10 17:52:56.227000','vietmanager@gmail.com','2022-12-10 17:52:56.227000',134,10,'\0',100),(1264,'Conduct effective and efficient inspections','Conduct effective and efficient inspections','','1',484,'vietmanager@gmail.com','2022-12-10 17:53:06.699000','vietmanager@gmail.com','2022-12-10 17:53:06.699000',114,10,'\0',100),(1274,'Conduct effective and efficient inspections','Conduct effective and efficient inspections','','1',494,'vietmanager@gmail.com','2022-12-10 17:53:11.652000','vietmanager@gmail.com','2022-12-10 17:53:11.652000',124,10,'\0',100),(1284,'Conduct effective and efficient inspections','Conduct effective and efficient inspections','','1',504,'vietmanager@gmail.com','2022-12-10 17:53:16.434000','vietmanager@gmail.com','2022-12-10 17:53:16.434000',134,10,'\0',100),(1294,'Apply a wide variety of testing techniques in an effective and efficient manner','Apply a wide variety of testing techniques in an effective and efficient manner','','1',484,'vietmanager@gmail.com','2022-12-10 17:53:30.130000','vietmanager@gmail.com','2022-12-10 17:53:30.130000',114,10,'\0',100),(1304,'Apply a wide variety of testing techniques in an effective and efficient manner','Apply a wide variety of testing techniques in an effective and efficient manner','','1',494,'vietmanager@gmail.com','2022-12-10 17:53:34.660000','vietmanager@gmail.com','2022-12-10 17:53:34.660000',124,10,'\0',100),(1314,'Apply a wide variety of testing techniques in an effective and efficient manner','Apply a wide variety of testing techniques in an effective and efficient manner','','1',504,'vietmanager@gmail.com','2022-12-10 17:53:38.890000','vietmanager@gmail.com','2022-12-10 17:53:38.890000',134,10,'\0',100),(1324,'Compute test coverage and yield, according to a variety of criteria','Compute test coverage and yield, according to a variety of criteria','','1',484,'vietmanager@gmail.com','2022-12-10 17:53:50.278000','vietmanager@gmail.com','2022-12-10 17:53:50.278000',114,10,'\0',100),(1334,'Compute test coverage and yield, according to a variety of criteria','Compute test coverage and yield, according to a variety of criteria','','1',494,'vietmanager@gmail.com','2022-12-10 17:53:54.879000','vietmanager@gmail.com','2022-12-10 17:53:54.879000',124,10,'\0',100),(1344,'Compute test coverage and yield, according to a variety of criteria','Compute test coverage and yield, according to a variety of criteria','','1',504,'vietmanager@gmail.com','2022-12-10 17:54:00.227000','vietmanager@gmail.com','2022-12-10 17:54:00.227000',134,10,'\0',100),(1354,'Use statistical techniques to evaluate the defect density and the likelihood of faults','Use statistical techniques to evaluate the defect density and the likelihood of faults','','1',484,'vietmanager@gmail.com','2022-12-10 17:54:11.359000','vietmanager@gmail.com','2022-12-10 17:54:11.359000',114,10,'\0',100),(1364,'Use statistical techniques to evaluate the defect density and the likelihood of faults','Use statistical techniques to evaluate the defect density and the likelihood of faults','','1',494,'vietmanager@gmail.com','2022-12-10 17:54:15.588000','vietmanager@gmail.com','2022-12-10 17:54:15.588000',124,10,'\0',100),(1374,'Use statistical techniques to evaluate the defect density and the likelihood of faults','Use statistical techniques to evaluate the defect density and the likelihood of faults','','1',504,'vietmanager@gmail.com','2022-12-10 17:54:20.933000','vietmanager@gmail.com','2022-12-10 17:54:20.933000',134,10,'\0',100),(1384,'Understand and apply bug logging, bug reporting, test reporting, automation testing tools','Understand and apply bug logging, bug reporting, test reporting, automation testing tools','','1',484,'vietmanager@gmail.com','2022-12-10 17:54:31.813000','vietmanager@gmail.com','2022-12-10 17:54:31.813000',114,10,'\0',100),(1394,'Understand and apply bug logging, bug reporting, test reporting, automation testing tools','Understand and apply bug logging, bug reporting, test reporting, automation testing tools','','1',494,'vietmanager@gmail.com','2022-12-10 17:54:36.040000','vietmanager@gmail.com','2022-12-10 17:54:36.040000',124,10,'\0',100),(1404,'Understand and apply bug logging, bug reporting, test reporting, automation testing tools','Understand and apply bug logging, bug reporting, test reporting, automation testing tools','','0',504,'vietmanager@gmail.com','2022-12-10 17:54:41.299000','vietmanager@gmail.com','2022-12-10 17:57:13.593000',134,10,'\0',100),(1414,'Understand and apply bug logging, bug reporting, test reporting, automation testing tools','Understand and apply bug logging, bug reporting, test reporting, automation testing tools','','1',504,'vietmanager@gmail.com','2022-12-10 17:54:46.864000','vietmanager@gmail.com','2022-12-10 17:54:46.864000',134,10,'\0',100),(1424,'Present and work in team','Present and work in team','','1',484,'vietmanager@gmail.com','2022-12-10 17:55:05.956000','vietmanager@gmail.com','2022-12-10 18:12:04.734000',114,20,'\0',100),(1434,'Present and work in team','Present and work in team','','1',494,'vietmanager@gmail.com','2022-12-10 17:55:11.353000','vietmanager@gmail.com','2022-12-10 18:12:17.160000',124,20,'\0',100),(1444,'Present and work in team','Present and work in team','','1',504,'vietmanager@gmail.com','2022-12-10 17:55:16.076000','vietmanager@gmail.com','2022-12-10 18:12:36.126000',134,20,'\0',100),(1454,'Mini Game','Mini Game','\0','1',454,'vietmanager@gmail.com','2022-12-10 18:06:36.828000','vietmanager@gmail.com','2022-12-10 18:13:24.710000',84,0,'',100),(1464,'Understand how theory and research findings have been applied to interaction design.','How theory and research findings have been applied to interaction design.','','1',534,'vietmanager@gmail.com','2022-12-24 15:18:27.880000','viettrainer@gmail.com','2022-12-27 14:22:07.895000',164,30,'\0',200),(1474,'Comprehensive view of the various interface design','Comprehensive view of the various interface design','','1',534,'vietmanager@gmail.com','2022-12-24 15:19:01.295000','vietmanager@gmail.com','2022-12-24 15:19:01.295000',164,30,'\0',200),(1484,'Workshop 2 submission','Trainee submit source code','','1',534,'vietmanager@gmail.com','2022-12-24 15:19:37.628000','vietmanager@gmail.com','2022-12-27 15:39:39.217000',164,40,'',200),(1494,'Can utilize basic feature of java web','Progress Test 1','\0','1',544,'vietmanager@gmail.com','2022-12-24 15:34:40.130000','viettrainer@gmail.com','2022-12-27 14:03:12.545000',174,30,'\0',200),(1504,'Clean code','Progress Test 2','\0','1',544,'vietmanager@gmail.com','2022-12-24 15:34:47.417000','vietmanager@gmail.com','2022-12-24 15:34:47.417000',174,30,'\0',200),(1514,'Workshop 1 submission','- Trainee submit source code','\0','1',544,'vietmanager@gmail.com','2022-12-24 15:35:00.431000','vietmanager@gmail.com','2022-12-27 15:39:50.036000',174,40,'',200),(1524,'Quality of Slide','Rate slide in area such as : \n- not too much information  per slide\n- information presented must be well-researched\n- visual where possible','','1',554,'vietmanager@gmail.com','2022-12-24 15:35:27.871000','vietmanager@gmail.com','2022-12-26 19:45:55.662000',184,30,'\0',200),(1534,'Presentation quality','Rate group presentation in area such as : fluidity , slide content , and if every member in group have taken a part in the presentation ','','1',554,'vietmanager@gmail.com','2022-12-24 15:35:43.934000','vietmanager@gmail.com','2022-12-26 19:11:38.611000',184,30,'\0',200),(1544,'Submit analysis document','Trainee submit document during analysis','','1',554,'vietmanager@gmail.com','2022-12-24 15:36:43.431000','vietmanager@gmail.com','2022-12-26 19:05:19.570000',184,40,'',200),(1554,'Submit Final Assignment','Submit Final Assignment','','1',564,'vietmanager@gmail.com','2022-12-24 15:52:07.623000','vietmanager@gmail.com','2022-12-24 15:52:07.623000',194,40,'',200),(1564,'On Time','On Time','','1',564,'vietmanager@gmail.com','2022-12-24 15:54:44.759000','vietmanager@gmail.com','2022-12-24 15:54:44.759000',194,30,'\0',200),(1574,'Clean Code','On Time','','1',564,'vietmanager@gmail.com','2022-12-24 15:55:00.253000','vietmanager@gmail.com','2022-12-24 15:55:00.253000',194,30,'\0',200),(1584,'Understand the concepts of object oriented (OO) programs','Understand the concepts of object oriented (OO) programs','','1',574,'duynvtrainer3@gmail.com','2022-12-27 14:57:51.173000','duynvtrainer3@gmail.com','2022-12-27 14:57:51.173000',204,30,'\0',200),(1594,'Problems and fundamentals of object-oriented programming in Java','Problems and fundamentals of object-oriented programming in Java','','1',574,'duynvtrainer3@gmail.com','2022-12-27 14:59:06.376000','duynvtrainer3@gmail.com','2022-12-27 14:59:06.376000',204,30,'\0',200),(1604,'Practice basic Java language syntax and semantics','Practice basic Java language syntax and semantics','','1',574,'duynvtrainer3@gmail.com','2022-12-27 15:00:06.036000','duynvtrainer3@gmail.com','2022-12-27 15:00:06.036000',204,40,'',200),(1614,'Uses streams to read and write data','Uses streams to read and write data','\0','1',584,'duynvtrainer3@gmail.com','2022-12-27 15:01:41.282000','duynvtrainer3@gmail.com','2022-12-27 15:01:41.282000',214,30,'\0',200),(1624,'Discuss the benefits and the use of JAVA’s Exceptional','Discuss the benefits and the use of JAVA’s Exceptional','\0','1',584,'duynvtrainer3@gmail.com','2022-12-27 15:02:23.764000','duynvtrainer3@gmail.com','2022-12-27 15:02:23.764000',214,30,'\0',200),(1634,'Identify classes, objects, members of a class','Identify classes, objects, members of a class','\0','1',584,'duynvtrainer3@gmail.com','2022-12-27 15:02:58.321000','duynvtrainer3@gmail.com','2022-12-27 15:02:58.321000',214,40,'',200),(1644,'Abstraction and Inheritance in java','Abstraction and Inheritance in java','','1',594,'duynvtrainer3@gmail.com','2022-12-27 15:12:54.590000','duynvtrainer3@gmail.com','2022-12-27 15:12:54.590000',224,30,'\0',200),(1654,'Principles and the use of abstract classes and interfaces in java','Principles and the use of abstract classes and interfaces in java','','1',594,'duynvtrainer3@gmail.com','2022-12-27 15:13:43.389000','duynvtrainer3@gmail.com','2022-12-27 15:13:43.389000',224,30,'\0',200),(1664,'Understand and implement a complete program using object array','Understand and implement a complete program using object array','','1',594,'duynvtrainer3@gmail.com','2022-12-27 15:14:14.904000','duynvtrainer3@gmail.com','2022-12-27 15:14:14.904000',224,40,'',200),(1674,'Submit Final Assignment','Submit Final Assignment','','1',604,'duynvtrainer3@gmail.com','2022-12-27 15:15:21.949000','duynvtrainer3@gmail.com','2022-12-27 15:15:21.949000',234,40,'',200),(1684,'On Time','On Time','','1',604,'duynvtrainer3@gmail.com','2022-12-27 15:16:39.095000','duynvtrainer3@gmail.com','2022-12-27 15:16:39.095000',234,30,'\0',200),(1694,'Clean Code','Clean Code','','1',604,'duynvtrainer3@gmail.com','2022-12-27 15:16:59.821000','duynvtrainer3@gmail.com','2022-12-27 15:16:59.821000',234,30,'\0',200);
/*!40000 ALTER TABLE `eval_criteria` ENABLE KEYS */;
UNLOCK TABLES;

--
-- Table structure for table `eval_detail`
--

DROP TABLE IF EXISTS `eval_detail`;
/*!40101 SET @saved_cs_client     = @@character_set_client */;
/*!40101 SET character_set_client = utf8 */;
CREATE TABLE `eval_detail` (
  `eval_detail_id` bigint(20) NOT NULL AUTO_INCREMENT,
  `created_by` varchar(255) DEFAULT NULL,
  `created_date` datetime DEFAULT NULL,
  `modified_by` varchar(255) DEFAULT NULL,
  `modified_date` datetime DEFAULT NULL,
  `comment` varchar(255) DEFAULT NULL,
  `grade` double DEFAULT NULL,
  `total_loc` bigint(20) DEFAULT NULL,
  `eval_criteria_criteria_id` bigint(20) DEFAULT NULL,
  `milestone_eval_milestone_eval_id` bigint(20) DEFAULT NULL,
  PRIMARY KEY (`eval_detail_id`),
  KEY `FKlggss42q46g1tcnbsro1rsukt` (`eval_criteria_criteria_id`),
  KEY `FKgixsrmukplmgi33n99us9l4f7` (`milestone_eval_milestone_eval_id`),
  CONSTRAINT `FKgixsrmukplmgi33n99us9l4f7` FOREIGN KEY (`milestone_eval_milestone_eval_id`) REFERENCES `milestone_eval` (`milestone_eval_id`),
  CONSTRAINT `FKlggss42q46g1tcnbsro1rsukt` FOREIGN KEY (`eval_criteria_criteria_id`) REFERENCES `eval_criteria` (`criteria_id`)
) ENGINE=InnoDB AUTO_INCREMENT=5395 DEFAULT CHARSET=utf8;
/*!40101 SET character_set_client = @saved_cs_client */;

--
-- Dumping data for table `eval_detail`
--

LOCK TABLES `eval_detail` WRITE;
/*!40000 ALTER TABLE `eval_detail` DISABLE KEYS */;
INSERT INTO `eval_detail` VALUES (2864,'viettrainer@gmail.com','2022-12-14 10:03:29','viettrainer@gmail.com','2022-12-14 10:03:29',NULL,7,NULL,994,684),(2874,'viettrainer@gmail.com','2022-12-14 10:03:29','viettrainer@gmail.com','2022-12-14 10:03:29',NULL,7,NULL,1004,684),(2884,'viettrainer@gmail.com','2022-12-14 10:03:29','viettrainer@gmail.com','2022-12-14 10:03:29',NULL,7,NULL,1014,684),(2894,'viettrainer@gmail.com','2022-12-14 10:03:29','viettrainer@gmail.com','2022-12-14 10:03:29',NULL,7,NULL,1024,684),(2904,'viettrainer@gmail.com','2022-12-14 10:03:29','viettrainer@gmail.com','2022-12-14 10:03:29',NULL,7,NULL,1034,684),(2914,'viettrainer@gmail.com','2022-12-14 10:03:29','viettrainer@gmail.com','2022-12-14 10:03:29',NULL,7,NULL,1044,684),(2924,'viettrainer@gmail.com','2022-12-14 10:03:29','viettrainer@gmail.com','2022-12-14 10:03:29',NULL,7,NULL,1054,684),(2934,'viettrainer@gmail.com','2022-12-14 10:03:29','viettrainer@gmail.com','2022-12-14 10:03:29',NULL,8,NULL,1064,684),(2944,'viettrainer@gmail.com','2022-12-14 10:03:29','viettrainer@gmail.com','2022-12-14 10:03:29',NULL,7,NULL,1074,684),(2954,'viettrainer@gmail.com','2022-12-14 10:21:54','viettrainer@gmail.com','2022-12-14 10:21:54',NULL,7,NULL,994,694),(2964,'viettrainer@gmail.com','2022-12-14 10:21:54','viettrainer@gmail.com','2022-12-14 10:21:54',NULL,7,NULL,1004,694),(2974,'viettrainer@gmail.com','2022-12-14 10:21:54','viettrainer@gmail.com','2022-12-14 10:21:54',NULL,6,NULL,1014,694),(2984,'viettrainer@gmail.com','2022-12-14 10:21:54','viettrainer@gmail.com','2022-12-14 10:21:54',NULL,5,NULL,1024,694),(2994,'viettrainer@gmail.com','2022-12-14 10:21:54','viettrainer@gmail.com','2022-12-14 10:21:54',NULL,8,NULL,1034,694),(3004,'viettrainer@gmail.com','2022-12-14 10:21:54','viettrainer@gmail.com','2022-12-14 10:21:54',NULL,7,NULL,1044,694),(3014,'viettrainer@gmail.com','2022-12-14 10:21:54','viettrainer@gmail.com','2022-12-14 10:21:54',NULL,7,NULL,1054,694),(3024,'viettrainer@gmail.com','2022-12-14 10:21:54','viettrainer@gmail.com','2022-12-14 10:21:54',NULL,8,NULL,1064,694),(3034,'viettrainer@gmail.com','2022-12-14 10:21:54','viettrainer@gmail.com','2022-12-14 10:21:54',NULL,7,NULL,1074,694),(3044,'viettrainer@gmail.com','2022-12-15 10:22:51','viettrainer@gmail.com','2022-12-15 10:22:51',NULL,9,NULL,994,744),(3054,'viettrainer@gmail.com','2022-12-15 10:22:51','viettrainer@gmail.com','2022-12-22 04:35:55',NULL,9,NULL,1004,744),(3064,'viettrainer@gmail.com','2022-12-15 10:22:51','viettrainer@gmail.com','2022-12-22 04:35:55',NULL,9,NULL,1014,744),(3074,'viettrainer@gmail.com','2022-12-15 10:22:51','viettrainer@gmail.com','2022-12-22 04:35:55',NULL,9,NULL,1024,744),(3084,'viettrainer@gmail.com','2022-12-15 10:22:51','viettrainer@gmail.com','2022-12-22 04:35:55',NULL,9,NULL,1034,744),(3094,'viettrainer@gmail.com','2022-12-15 10:22:51','viettrainer@gmail.com','2022-12-22 04:35:55',NULL,9,NULL,1044,744),(3104,'viettrainer@gmail.com','2022-12-15 10:22:51','viettrainer@gmail.com','2022-12-22 04:35:55',NULL,9,NULL,1054,744),(3114,'viettrainer@gmail.com','2022-12-15 10:22:51','viettrainer@gmail.com','2022-12-22 04:35:55',NULL,9,NULL,1064,744),(3124,'viettrainer@gmail.com','2022-12-15 10:22:51','viettrainer@gmail.com','2022-12-22 04:35:55',NULL,9,NULL,1074,744),(3134,'davm3@gmail.com','2022-12-20 15:05:20','davm3@gmail.com','2022-12-20 15:05:20',NULL,2.5,30,744,794),(3144,'duynvtrainer3@gmail.com','2022-12-20 15:07:48','duynvtrainer3@gmail.com','2022-12-20 15:07:48',NULL,4.58,55,714,804),(3154,'viettrainer@gmail.com','2022-12-22 04:09:18','viettrainer@gmail.com','2022-12-22 04:09:18',NULL,7.5,75,1454,844),(3164,'viettrainer@gmail.com','2022-12-22 04:34:42','viettrainer@gmail.com','2022-12-22 04:34:42',NULL,7,NULL,994,854),(3174,'viettrainer@gmail.com','2022-12-22 04:34:42','viettrainer@gmail.com','2022-12-22 04:34:42',NULL,8,NULL,1004,854),(3184,'viettrainer@gmail.com','2022-12-22 04:34:42','viettrainer@gmail.com','2022-12-22 04:34:42',NULL,7,NULL,1014,854),(3194,'viettrainer@gmail.com','2022-12-22 04:34:42','viettrainer@gmail.com','2022-12-22 04:34:42',NULL,7,NULL,1024,854),(3204,'viettrainer@gmail.com','2022-12-22 04:34:42','viettrainer@gmail.com','2022-12-22 04:34:42',NULL,7,NULL,1034,854),(3214,'viettrainer@gmail.com','2022-12-22 04:34:42','viettrainer@gmail.com','2022-12-22 04:34:42',NULL,7.5,NULL,1044,854),(3224,'viettrainer@gmail.com','2022-12-22 04:34:42','viettrainer@gmail.com','2022-12-22 04:34:42',NULL,8,NULL,1054,854),(3234,'viettrainer@gmail.com','2022-12-22 04:34:42','viettrainer@gmail.com','2022-12-22 04:34:42',NULL,7,NULL,1064,854),(3244,'viettrainer@gmail.com','2022-12-22 04:34:42','viettrainer@gmail.com','2022-12-22 04:34:42',NULL,7,NULL,1074,854),(3254,'viettrainer@gmail.com','2022-12-22 04:37:39','viettrainer@gmail.com','2022-12-22 04:37:39',NULL,7,NULL,994,864),(3264,'viettrainer@gmail.com','2022-12-22 04:37:39','viettrainer@gmail.com','2022-12-22 04:37:39',NULL,8,NULL,1004,864),(3274,'viettrainer@gmail.com','2022-12-22 04:37:39','viettrainer@gmail.com','2022-12-22 04:37:39',NULL,7,NULL,1014,864),(3284,'viettrainer@gmail.com','2022-12-22 04:37:39','viettrainer@gmail.com','2022-12-22 04:37:39',NULL,7,NULL,1024,864),(3294,'viettrainer@gmail.com','2022-12-22 04:37:39','viettrainer@gmail.com','2022-12-22 04:37:39',NULL,7,NULL,1034,864),(3304,'viettrainer@gmail.com','2022-12-22 04:37:39','viettrainer@gmail.com','2022-12-22 04:37:39',NULL,7.5,NULL,1044,864),(3314,'viettrainer@gmail.com','2022-12-22 04:37:39','viettrainer@gmail.com','2022-12-22 04:37:39',NULL,8,NULL,1054,864),(3324,'viettrainer@gmail.com','2022-12-22 04:37:39','viettrainer@gmail.com','2022-12-22 04:37:39',NULL,7,NULL,1064,864),(3334,'viettrainer@gmail.com','2022-12-22 04:37:39','viettrainer@gmail.com','2022-12-22 04:38:11',NULL,7,NULL,1074,864),(3344,'viettrainer@gmail.com','2022-12-22 04:37:39','viettrainer@gmail.com','2022-12-22 04:37:39',NULL,7,NULL,994,874),(3354,'viettrainer@gmail.com','2022-12-22 04:37:39','viettrainer@gmail.com','2022-12-22 04:37:39',NULL,8,NULL,1004,874),(3364,'viettrainer@gmail.com','2022-12-22 04:37:39','viettrainer@gmail.com','2022-12-22 04:37:39',NULL,7,NULL,1014,874),(3374,'viettrainer@gmail.com','2022-12-22 04:37:39','viettrainer@gmail.com','2022-12-22 04:37:39',NULL,7,NULL,1024,874),(3384,'viettrainer@gmail.com','2022-12-22 04:37:39','viettrainer@gmail.com','2022-12-22 04:37:39',NULL,7,NULL,1034,874),(3394,'viettrainer@gmail.com','2022-12-22 04:37:39','viettrainer@gmail.com','2022-12-22 04:37:39',NULL,7.5,NULL,1044,874),(3404,'viettrainer@gmail.com','2022-12-22 04:37:39','viettrainer@gmail.com','2022-12-22 04:37:39',NULL,8,NULL,1054,874),(3414,'viettrainer@gmail.com','2022-12-22 04:37:39','viettrainer@gmail.com','2022-12-22 04:37:39',NULL,7,NULL,1064,874),(3424,'viettrainer@gmail.com','2022-12-22 04:37:39','viettrainer@gmail.com','2022-12-22 04:38:11',NULL,7,NULL,1074,874),(3434,'viettrainer@gmail.com','2022-12-22 04:37:39','viettrainer@gmail.com','2022-12-22 04:37:39',NULL,7,NULL,994,884),(3444,'viettrainer@gmail.com','2022-12-22 04:37:39','viettrainer@gmail.com','2022-12-22 04:37:39',NULL,8,NULL,1004,884),(3454,'viettrainer@gmail.com','2022-12-22 04:37:39','viettrainer@gmail.com','2022-12-22 04:37:39',NULL,7,NULL,1014,884),(3464,'viettrainer@gmail.com','2022-12-22 04:37:39','viettrainer@gmail.com','2022-12-22 04:37:39',NULL,7,NULL,1024,884),(3474,'viettrainer@gmail.com','2022-12-22 04:37:39','viettrainer@gmail.com','2022-12-22 04:37:39',NULL,7,NULL,1034,884),(3484,'viettrainer@gmail.com','2022-12-22 04:37:39','viettrainer@gmail.com','2022-12-22 04:37:39',NULL,7.5,NULL,1044,884),(3494,'viettrainer@gmail.com','2022-12-22 04:37:39','viettrainer@gmail.com','2022-12-22 04:37:39',NULL,8,NULL,1054,884),(3504,'viettrainer@gmail.com','2022-12-22 04:37:39','viettrainer@gmail.com','2022-12-22 04:37:39',NULL,7,NULL,1064,884),(3514,'viettrainer@gmail.com','2022-12-22 04:37:39','viettrainer@gmail.com','2022-12-22 04:38:11',NULL,7,NULL,1074,884),(3524,'viettrainer@gmail.com','2022-12-22 04:40:17','viettrainer@gmail.com','2022-12-22 04:40:17',NULL,8,NULL,994,894),(3534,'viettrainer@gmail.com','2022-12-22 04:40:17','viettrainer@gmail.com','2022-12-22 04:40:17',NULL,8,NULL,1004,894),(3544,'viettrainer@gmail.com','2022-12-22 04:40:17','viettrainer@gmail.com','2022-12-22 04:40:17',NULL,8,NULL,1014,894),(3554,'viettrainer@gmail.com','2022-12-22 04:40:17','viettrainer@gmail.com','2022-12-22 04:40:17',NULL,8,NULL,1024,894),(3564,'viettrainer@gmail.com','2022-12-22 04:40:17','viettrainer@gmail.com','2022-12-22 04:40:17',NULL,8,NULL,1034,894),(3574,'viettrainer@gmail.com','2022-12-22 04:40:17','viettrainer@gmail.com','2022-12-22 04:40:17',NULL,8,NULL,1044,894),(3584,'viettrainer@gmail.com','2022-12-22 04:40:17','viettrainer@gmail.com','2022-12-22 04:40:17',NULL,7,NULL,1054,894),(3594,'viettrainer@gmail.com','2022-12-22 04:40:17','viettrainer@gmail.com','2022-12-22 04:40:17',NULL,7,NULL,1064,894),(3604,'viettrainer@gmail.com','2022-12-22 04:40:17','viettrainer@gmail.com','2022-12-22 04:40:17',NULL,7,NULL,1074,894),(3614,'viettrainer@gmail.com','2022-12-22 04:40:35','viettrainer@gmail.com','2022-12-22 04:40:35',NULL,8,NULL,994,904),(3624,'viettrainer@gmail.com','2022-12-22 04:40:35','viettrainer@gmail.com','2022-12-22 04:40:35',NULL,8,NULL,1004,904),(3634,'viettrainer@gmail.com','2022-12-22 04:40:35','viettrainer@gmail.com','2022-12-22 04:40:35',NULL,8,NULL,1014,904),(3644,'viettrainer@gmail.com','2022-12-22 04:40:35','viettrainer@gmail.com','2022-12-22 04:40:35',NULL,8,NULL,1024,904),(3654,'viettrainer@gmail.com','2022-12-22 04:40:35','viettrainer@gmail.com','2022-12-22 04:40:35',NULL,8,NULL,1034,904),(3664,'viettrainer@gmail.com','2022-12-22 04:40:35','viettrainer@gmail.com','2022-12-22 04:40:35',NULL,8,NULL,1044,904),(3674,'viettrainer@gmail.com','2022-12-22 04:40:35','viettrainer@gmail.com','2022-12-22 04:40:35',NULL,7,NULL,1054,904),(3684,'viettrainer@gmail.com','2022-12-22 04:40:35','viettrainer@gmail.com','2022-12-22 04:40:35',NULL,7,NULL,1064,904),(3694,'viettrainer@gmail.com','2022-12-22 04:40:35','viettrainer@gmail.com','2022-12-22 04:40:35',NULL,7,NULL,1074,904),(3704,'viettrainer@gmail.com','2022-12-22 04:40:35','viettrainer@gmail.com','2022-12-22 04:40:35',NULL,8,NULL,994,914),(3714,'viettrainer@gmail.com','2022-12-22 04:40:35','viettrainer@gmail.com','2022-12-22 04:40:35',NULL,8,NULL,1004,914),(3724,'viettrainer@gmail.com','2022-12-22 04:40:35','viettrainer@gmail.com','2022-12-22 04:40:35',NULL,8,NULL,1014,914),(3734,'viettrainer@gmail.com','2022-12-22 04:40:35','viettrainer@gmail.com','2022-12-22 04:40:35',NULL,8,NULL,1024,914),(3744,'viettrainer@gmail.com','2022-12-22 04:40:35','viettrainer@gmail.com','2022-12-22 04:40:35',NULL,8,NULL,1034,914),(3754,'viettrainer@gmail.com','2022-12-22 04:40:35','viettrainer@gmail.com','2022-12-22 04:40:35',NULL,8,NULL,1044,914),(3764,'viettrainer@gmail.com','2022-12-22 04:40:35','viettrainer@gmail.com','2022-12-22 04:40:35',NULL,7,NULL,1054,914),(3774,'viettrainer@gmail.com','2022-12-22 04:40:35','viettrainer@gmail.com','2022-12-22 04:40:35',NULL,7,NULL,1064,914),(3784,'viettrainer@gmail.com','2022-12-22 04:40:35','viettrainer@gmail.com','2022-12-22 04:40:35',NULL,7,NULL,1074,914),(3794,'viettrainer@gmail.com','2022-12-24 16:22:46','viettrainer@gmail.com','2022-12-24 16:22:46',NULL,10,200,1484,924),(3804,'viettrainer@gmail.com','2022-12-24 16:23:07','viettrainer@gmail.com','2022-12-24 16:23:07',NULL,8.75,175,1484,934),(3814,'viettrainer@gmail.com','2022-12-24 16:23:26','viettrainer@gmail.com','2022-12-24 16:23:26',NULL,5,100,1484,944),(3824,'viettrainer@gmail.com','2022-12-24 16:24:33','viettrainer@gmail.com','2022-12-24 16:24:33',NULL,10,200,1484,954),(3834,'viettrainer@gmail.com','2022-12-24 16:24:48','viettrainer@gmail.com','2022-12-24 16:24:48',NULL,7.5,150,1484,964),(3844,'viettrainer@gmail.com','2022-12-24 16:25:33','viettrainer@gmail.com','2022-12-24 16:25:33',NULL,8.75,175,1484,974),(3854,'viettrainer@gmail.com','2022-12-24 16:25:56','viettrainer@gmail.com','2022-12-24 16:25:56',NULL,5,100,1484,984),(3864,'viettrainer@gmail.com','2022-12-24 16:27:00','viettrainer@gmail.com','2022-12-24 16:27:00',NULL,5,100,1484,994),(3874,'viettrainer@gmail.com','2022-12-24 16:27:24','viettrainer@gmail.com','2022-12-24 16:27:24',NULL,8.75,175,1484,1004),(3884,'viettrainer@gmail.com','2022-12-24 16:27:31','viettrainer@gmail.com','2022-12-24 16:27:31',NULL,8.75,175,1484,1014),(3894,'viettrainer@gmail.com','2022-12-24 16:27:45','viettrainer@gmail.com','2022-12-24 16:27:45',NULL,10,200,1484,1024),(3904,'viettrainer@gmail.com','2022-12-24 16:32:34','viettrainer@gmail.com','2022-12-24 16:32:34',NULL,8,NULL,1464,1034),(3914,'viettrainer@gmail.com','2022-12-24 16:32:34','viettrainer@gmail.com','2022-12-24 16:32:34',NULL,8,NULL,1474,1034),(3924,'viettrainer@gmail.com','2022-12-24 16:44:01','viettrainer@gmail.com','2022-12-24 16:44:01',NULL,7,NULL,1464,954),(3934,'viettrainer@gmail.com','2022-12-24 16:44:01','viettrainer@gmail.com','2022-12-24 16:44:01',NULL,7,NULL,1474,954),(3944,'viettrainer@gmail.com','2022-12-24 16:44:29','viettrainer@gmail.com','2022-12-24 16:44:29',NULL,7,NULL,1464,964),(3954,'viettrainer@gmail.com','2022-12-24 16:44:29','viettrainer@gmail.com','2022-12-24 16:44:29',NULL,8,NULL,1474,964),(3964,'viettrainer@gmail.com','2022-12-24 16:44:57','viettrainer@gmail.com','2022-12-24 16:44:57',NULL,7,NULL,1464,974),(3974,'viettrainer@gmail.com','2022-12-24 16:44:57','viettrainer@gmail.com','2022-12-24 16:44:57',NULL,6.5,NULL,1474,974),(3984,'viettrainer@gmail.com','2022-12-24 16:45:13','viettrainer@gmail.com','2022-12-24 16:45:13',NULL,6,NULL,1464,984),(3994,'viettrainer@gmail.com','2022-12-24 16:45:13','viettrainer@gmail.com','2022-12-24 16:45:13',NULL,6,NULL,1474,984),(4004,'viettrainer@gmail.com','2022-12-24 16:45:56','viettrainer@gmail.com','2022-12-24 16:45:56',NULL,7,NULL,1464,1044),(4014,'viettrainer@gmail.com','2022-12-24 16:45:56','viettrainer@gmail.com','2022-12-24 16:45:56',NULL,8,NULL,1474,1044),(4024,'viettrainer@gmail.com','2022-12-24 16:47:54','viettrainer@gmail.com','2022-12-24 16:47:54',NULL,7,NULL,1194,1054),(4034,'viettrainer@gmail.com','2022-12-24 16:47:54','viettrainer@gmail.com','2022-12-24 16:47:54',NULL,7,NULL,1224,1054),(4044,'viettrainer@gmail.com','2022-12-24 16:47:54','viettrainer@gmail.com','2022-12-24 16:47:54',NULL,7,NULL,1254,1054),(4054,'viettrainer@gmail.com','2022-12-24 16:47:54','viettrainer@gmail.com','2022-12-24 16:47:54',NULL,7,NULL,1284,1054),(4064,'viettrainer@gmail.com','2022-12-24 16:47:54','viettrainer@gmail.com','2022-12-24 16:47:54',NULL,7,NULL,1314,1054),(4074,'viettrainer@gmail.com','2022-12-24 16:47:54','viettrainer@gmail.com','2022-12-24 16:47:54',NULL,7,NULL,1344,1054),(4084,'viettrainer@gmail.com','2022-12-24 16:47:54','viettrainer@gmail.com','2022-12-24 16:47:54',NULL,7,NULL,1374,1054),(4094,'viettrainer@gmail.com','2022-12-24 16:47:54','viettrainer@gmail.com','2022-12-24 16:47:54',NULL,7,NULL,1414,1054),(4104,'viettrainer@gmail.com','2022-12-24 16:47:54','viettrainer@gmail.com','2022-12-24 16:47:54',NULL,7,NULL,1444,1054),(4114,'viettrainer@gmail.com','2022-12-24 16:49:11','viettrainer@gmail.com','2022-12-24 16:49:11',NULL,6,NULL,1194,1064),(4124,'viettrainer@gmail.com','2022-12-24 16:49:11','viettrainer@gmail.com','2022-12-24 16:49:11',NULL,6,NULL,1224,1064),(4134,'viettrainer@gmail.com','2022-12-24 16:49:11','viettrainer@gmail.com','2022-12-24 16:49:11',NULL,8,NULL,1254,1064),(4144,'viettrainer@gmail.com','2022-12-24 16:49:11','viettrainer@gmail.com','2022-12-24 16:49:11',NULL,8,NULL,1284,1064),(4154,'viettrainer@gmail.com','2022-12-24 16:49:11','viettrainer@gmail.com','2022-12-24 16:49:11',NULL,8,NULL,1314,1064),(4164,'viettrainer@gmail.com','2022-12-24 16:49:11','viettrainer@gmail.com','2022-12-24 16:49:11',NULL,7,NULL,1344,1064),(4174,'viettrainer@gmail.com','2022-12-24 16:49:11','viettrainer@gmail.com','2022-12-24 16:49:11',NULL,8,NULL,1374,1064),(4184,'viettrainer@gmail.com','2022-12-24 16:49:11','viettrainer@gmail.com','2022-12-24 16:49:11',NULL,7,NULL,1414,1064),(4194,'viettrainer@gmail.com','2022-12-24 16:49:11','viettrainer@gmail.com','2022-12-24 16:49:11',NULL,8,NULL,1444,1064),(4204,'viettrainer@gmail.com','2022-12-24 16:50:30','viettrainer@gmail.com','2022-12-24 16:50:30',NULL,7,NULL,1464,994),(4214,'viettrainer@gmail.com','2022-12-24 16:50:30','viettrainer@gmail.com','2022-12-24 16:50:30',NULL,7,NULL,1474,994),(4224,'viettrainer@gmail.com','2022-12-24 16:50:53','viettrainer@gmail.com','2022-12-24 16:50:53',NULL,7,NULL,1464,1004),(4234,'viettrainer@gmail.com','2022-12-24 16:50:53','viettrainer@gmail.com','2022-12-24 16:50:53',NULL,8,NULL,1474,1004),(4244,'viettrainer@gmail.com','2022-12-24 16:51:20','viettrainer@gmail.com','2022-12-24 16:51:20',NULL,4,NULL,1464,1014),(4254,'viettrainer@gmail.com','2022-12-24 16:51:20','viettrainer@gmail.com','2022-12-24 16:51:20',NULL,5,NULL,1474,1014),(4264,'viettrainer@gmail.com','2022-12-24 16:51:40','viettrainer@gmail.com','2022-12-24 16:51:40',NULL,8,NULL,1464,1024),(4274,'viettrainer@gmail.com','2022-12-24 16:51:40','viettrainer@gmail.com','2022-12-24 16:51:40',NULL,8,NULL,1474,1024),(4284,'viettrainer@gmail.com','2022-12-24 16:51:52','viettrainer@gmail.com','2022-12-24 20:26:37',NULL,7.7,NULL,1464,1074),(4294,'viettrainer@gmail.com','2022-12-24 16:51:52','viettrainer@gmail.com','2022-12-24 20:26:37',NULL,8.2,NULL,1474,1074),(4304,'viettrainer@gmail.com','2022-12-24 16:52:10','viettrainer@gmail.com','2022-12-24 16:52:10',NULL,8,NULL,1464,924),(4314,'viettrainer@gmail.com','2022-12-24 16:52:10','viettrainer@gmail.com','2022-12-24 16:52:10',NULL,8,NULL,1474,924),(4324,'viettrainer@gmail.com','2022-12-24 16:52:26','viettrainer@gmail.com','2022-12-24 16:52:26',NULL,8,NULL,1464,934),(4334,'viettrainer@gmail.com','2022-12-24 16:52:26','viettrainer@gmail.com','2022-12-24 16:52:26',NULL,7.5,NULL,1474,934),(4344,'viettrainer@gmail.com','2022-12-24 16:53:01','viettrainer@gmail.com','2022-12-24 16:53:01',NULL,7,NULL,1464,944),(4354,'viettrainer@gmail.com','2022-12-24 16:53:01','viettrainer@gmail.com','2022-12-24 16:53:01',NULL,8,NULL,1474,944),(4364,'viettrainer@gmail.com','2022-12-24 16:55:07','viettrainer@gmail.com','2022-12-24 16:55:07',NULL,7,NULL,1194,1084),(4374,'viettrainer@gmail.com','2022-12-24 16:55:07','viettrainer@gmail.com','2022-12-24 16:55:07',NULL,7,NULL,1224,1084),(4384,'viettrainer@gmail.com','2022-12-24 16:55:07','viettrainer@gmail.com','2022-12-24 16:55:07',NULL,7,NULL,1254,1084),(4394,'viettrainer@gmail.com','2022-12-24 16:55:07','viettrainer@gmail.com','2022-12-24 16:55:07',NULL,7,NULL,1284,1084),(4404,'viettrainer@gmail.com','2022-12-24 16:55:07','viettrainer@gmail.com','2022-12-24 16:55:07',NULL,7,NULL,1314,1084),(4414,'viettrainer@gmail.com','2022-12-24 16:55:07','viettrainer@gmail.com','2022-12-24 16:55:07',NULL,7,NULL,1344,1084),(4424,'viettrainer@gmail.com','2022-12-24 16:55:07','viettrainer@gmail.com','2022-12-24 16:55:07',NULL,7,NULL,1374,1084),(4434,'viettrainer@gmail.com','2022-12-24 16:55:07','viettrainer@gmail.com','2022-12-24 16:55:07',NULL,7,NULL,1414,1084),(4444,'viettrainer@gmail.com','2022-12-24 16:55:07','viettrainer@gmail.com','2022-12-24 16:55:07',NULL,8,NULL,1444,1084),(4454,'viettrainer@gmail.com','2022-12-24 17:11:21','viettrainer@gmail.com','2022-12-24 17:11:21',NULL,7,NULL,1084,1094),(4464,'viettrainer@gmail.com','2022-12-24 17:11:21','viettrainer@gmail.com','2022-12-24 17:13:03',NULL,7,NULL,1094,1094),(4474,'viettrainer@gmail.com','2022-12-24 17:11:21','viettrainer@gmail.com','2022-12-24 17:13:03',NULL,7,NULL,1104,1094),(4484,'viettrainer@gmail.com','2022-12-24 17:11:21','viettrainer@gmail.com','2022-12-24 17:13:03',NULL,7,NULL,1114,1094),(4494,'viettrainer@gmail.com','2022-12-24 17:11:21','viettrainer@gmail.com','2022-12-24 17:13:03',NULL,7,NULL,1124,1094),(4504,'viettrainer@gmail.com','2022-12-24 17:11:21','viettrainer@gmail.com','2022-12-24 17:13:03',NULL,8,NULL,1134,1094),(4514,'viettrainer@gmail.com','2022-12-24 17:11:21','viettrainer@gmail.com','2022-12-24 17:13:03',NULL,8,NULL,1144,1094),(4524,'viettrainer@gmail.com','2022-12-24 17:11:21','viettrainer@gmail.com','2022-12-24 17:13:03',NULL,8,NULL,1154,1094),(4534,'viettrainer@gmail.com','2022-12-24 17:11:21','viettrainer@gmail.com','2022-12-24 17:11:21',NULL,8,NULL,1164,1094),(4544,'viettrainer@gmail.com','2022-12-24 17:16:36','viettrainer@gmail.com','2022-12-24 17:16:36',NULL,10,100,1164,1104),(4554,'viettrainer@gmail.com','2022-12-24 17:17:41','viettrainer@gmail.com','2022-12-24 17:17:41',NULL,9,NULL,1084,1104),(4564,'viettrainer@gmail.com','2022-12-24 17:17:41','viettrainer@gmail.com','2022-12-24 17:17:41',NULL,9,NULL,1094,1104),(4574,'viettrainer@gmail.com','2022-12-24 17:17:41','viettrainer@gmail.com','2022-12-24 17:17:41',NULL,9,NULL,1104,1104),(4584,'viettrainer@gmail.com','2022-12-24 17:17:41','viettrainer@gmail.com','2022-12-24 17:17:41',NULL,9,NULL,1114,1104),(4594,'viettrainer@gmail.com','2022-12-24 17:17:41','viettrainer@gmail.com','2022-12-24 17:17:41',NULL,9,NULL,1124,1104),(4604,'viettrainer@gmail.com','2022-12-24 17:17:41','viettrainer@gmail.com','2022-12-24 17:17:41',NULL,9,NULL,1134,1104),(4614,'viettrainer@gmail.com','2022-12-24 17:17:41','viettrainer@gmail.com','2022-12-24 17:17:41',NULL,9,NULL,1144,1104),(4624,'viettrainer@gmail.com','2022-12-24 17:17:41','viettrainer@gmail.com','2022-12-24 17:17:41',NULL,9,NULL,1154,1104),(4634,'viettrainer@gmail.com','2022-12-24 17:17:54','viettrainer@gmail.com','2022-12-24 17:34:59',NULL,8,NULL,1084,1114),(4644,'viettrainer@gmail.com','2022-12-24 17:17:54','viettrainer@gmail.com','2022-12-24 17:33:46',NULL,8,NULL,1094,1114),(4654,'viettrainer@gmail.com','2022-12-24 17:17:54','viettrainer@gmail.com','2022-12-24 17:33:46',NULL,8,NULL,1104,1114),(4664,'viettrainer@gmail.com','2022-12-24 17:17:54','viettrainer@gmail.com','2022-12-24 17:33:46',NULL,8,NULL,1114,1114),(4674,'viettrainer@gmail.com','2022-12-24 17:17:54','viettrainer@gmail.com','2022-12-24 17:33:46',NULL,8,NULL,1124,1114),(4684,'viettrainer@gmail.com','2022-12-24 17:17:54','viettrainer@gmail.com','2022-12-24 17:33:46',NULL,8,NULL,1134,1114),(4694,'viettrainer@gmail.com','2022-12-24 17:17:54','viettrainer@gmail.com','2022-12-24 17:33:46',NULL,8,NULL,1144,1114),(4704,'viettrainer@gmail.com','2022-12-24 17:17:54','viettrainer@gmail.com','2022-12-24 17:33:46',NULL,8,NULL,1154,1114),(4714,'viettrainer@gmail.com','2022-12-24 17:35:47','viettrainer@gmail.com','2022-12-24 17:35:47',NULL,8,NULL,1084,1124),(4724,'viettrainer@gmail.com','2022-12-24 17:35:47','viettrainer@gmail.com','2022-12-24 17:35:47',NULL,NULL,NULL,1094,1124),(4734,'viettrainer@gmail.com','2022-12-24 17:35:47','viettrainer@gmail.com','2022-12-24 17:35:47',NULL,NULL,NULL,1104,1124),(4744,'viettrainer@gmail.com','2022-12-24 17:35:47','viettrainer@gmail.com','2022-12-24 17:35:47',NULL,NULL,NULL,1114,1124),(4754,'viettrainer@gmail.com','2022-12-24 17:35:47','viettrainer@gmail.com','2022-12-24 17:35:47',NULL,NULL,NULL,1124,1124),(4764,'viettrainer@gmail.com','2022-12-24 17:35:47','viettrainer@gmail.com','2022-12-24 17:35:47',NULL,NULL,NULL,1134,1124),(4774,'viettrainer@gmail.com','2022-12-24 17:35:47','viettrainer@gmail.com','2022-12-24 17:35:47',NULL,NULL,NULL,1144,1124),(4784,'viettrainer@gmail.com','2022-12-24 17:35:47','viettrainer@gmail.com','2022-12-24 17:35:47',NULL,NULL,NULL,1154,1124),(4794,'viettrainer@gmail.com','2022-12-24 17:35:47','viettrainer@gmail.com','2022-12-24 17:35:47',NULL,0,0,1164,1124),(4804,'viettrainer@gmail.com','2022-12-24 17:35:47','viettrainer@gmail.com','2022-12-24 17:35:47',NULL,8,NULL,1084,1134),(4814,'viettrainer@gmail.com','2022-12-24 17:35:47','viettrainer@gmail.com','2022-12-24 17:35:47',NULL,NULL,NULL,1094,1134),(4824,'viettrainer@gmail.com','2022-12-24 17:35:47','viettrainer@gmail.com','2022-12-24 17:35:47',NULL,NULL,NULL,1104,1134),(4834,'viettrainer@gmail.com','2022-12-24 17:35:47','viettrainer@gmail.com','2022-12-24 17:35:47',NULL,NULL,NULL,1114,1134),(4844,'viettrainer@gmail.com','2022-12-24 17:35:47','viettrainer@gmail.com','2022-12-24 17:35:47',NULL,NULL,NULL,1124,1134),(4854,'viettrainer@gmail.com','2022-12-24 17:35:47','viettrainer@gmail.com','2022-12-24 17:35:47',NULL,NULL,NULL,1134,1134),(4864,'viettrainer@gmail.com','2022-12-24 17:35:47','viettrainer@gmail.com','2022-12-24 17:35:47',NULL,NULL,NULL,1144,1134),(4874,'viettrainer@gmail.com','2022-12-24 17:35:47','viettrainer@gmail.com','2022-12-24 17:35:47',NULL,NULL,NULL,1154,1134),(4884,'viettrainer@gmail.com','2022-12-24 17:35:47','viettrainer@gmail.com','2022-12-24 17:35:47',NULL,0,0,1164,1134),(4894,'viettrainer@gmail.com','2022-12-24 18:20:14','viettrainer@gmail.com','2022-12-24 18:20:14',NULL,7.5,150,1514,1144),(4904,'viettrainer@gmail.com','2022-12-24 18:20:43','viettrainer@gmail.com','2022-12-24 18:20:43',NULL,9,180,1514,1154),(4914,'viettrainer@gmail.com','2022-12-24 18:21:06','viettrainer@gmail.com','2022-12-24 18:21:06',NULL,7.5,150,1514,1164),(4924,'viettrainer@gmail.com','2022-12-24 18:21:33','viettrainer@gmail.com','2022-12-24 18:21:33',NULL,5,100,1514,1174),(4934,'viettrainer@gmail.com','2022-12-24 18:21:59','viettrainer@gmail.com','2022-12-24 18:21:59',NULL,7.5,150,1514,1184),(4944,'viettrainer@gmail.com','2022-12-24 18:22:23','viettrainer@gmail.com','2022-12-24 18:22:23',NULL,9,180,1514,1194),(4954,'viettrainer@gmail.com','2022-12-24 18:22:51','viettrainer@gmail.com','2022-12-24 18:22:51',NULL,10,200,1514,1204),(4964,'viettrainer@gmail.com','2022-12-24 18:23:08','viettrainer@gmail.com','2022-12-24 18:23:08',NULL,5,100,1514,1214),(4974,'viettrainer@gmail.com','2022-12-24 18:23:26','viettrainer@gmail.com','2022-12-24 18:23:26',NULL,7.5,150,1514,1224),(4984,'viettrainer@gmail.com','2022-12-24 18:23:43','viettrainer@gmail.com','2022-12-24 18:23:43',NULL,5,100,1514,1234),(4994,'viettrainer@gmail.com','2022-12-24 18:24:02','viettrainer@gmail.com','2022-12-24 18:24:02',NULL,10,200,1514,1244),(5004,'viettrainer@gmail.com','2022-12-24 18:24:52','viettrainer@gmail.com','2022-12-24 18:24:52',NULL,8,NULL,1494,1144),(5014,'viettrainer@gmail.com','2022-12-24 18:24:52','viettrainer@gmail.com','2022-12-24 18:24:52',NULL,8,NULL,1504,1144),(5024,'viettrainer@gmail.com','2022-12-24 18:25:11','viettrainer@gmail.com','2022-12-24 18:25:11',NULL,7.5,NULL,1494,1154),(5034,'viettrainer@gmail.com','2022-12-24 18:25:11','viettrainer@gmail.com','2022-12-24 18:25:11',NULL,8,NULL,1504,1154),(5044,'viettrainer@gmail.com','2022-12-24 18:25:33','viettrainer@gmail.com','2022-12-24 18:25:33',NULL,9,NULL,1494,1164),(5054,'viettrainer@gmail.com','2022-12-24 18:25:33','viettrainer@gmail.com','2022-12-24 18:25:33',NULL,9,NULL,1504,1164),(5064,'viettrainer@gmail.com','2022-12-24 18:26:02','viettrainer@gmail.com','2022-12-24 18:26:02',NULL,6,NULL,1494,1174),(5074,'viettrainer@gmail.com','2022-12-24 18:26:02','viettrainer@gmail.com','2022-12-24 18:26:02',NULL,6.5,NULL,1504,1174),(5084,'viettrainer@gmail.com','2022-12-24 18:26:19','viettrainer@gmail.com','2022-12-24 18:26:19',NULL,6.5,NULL,1494,1184),(5094,'viettrainer@gmail.com','2022-12-24 18:26:19','viettrainer@gmail.com','2022-12-24 18:26:19',NULL,7,NULL,1504,1184),(5104,'viettrainer@gmail.com','2022-12-24 18:26:41','viettrainer@gmail.com','2022-12-24 18:26:41',NULL,7,NULL,1494,1194),(5114,'viettrainer@gmail.com','2022-12-24 18:26:41','viettrainer@gmail.com','2022-12-24 18:26:41',NULL,7.5,NULL,1504,1194),(5124,'viettrainer@gmail.com','2022-12-24 18:26:55','viettrainer@gmail.com','2022-12-24 18:26:55',NULL,7.5,NULL,1494,1204),(5134,'viettrainer@gmail.com','2022-12-24 18:26:55','viettrainer@gmail.com','2022-12-24 18:26:55',NULL,7.5,NULL,1504,1204),(5144,'viettrainer@gmail.com','2022-12-24 18:27:08','viettrainer@gmail.com','2022-12-24 18:27:08',NULL,6,NULL,1494,1214),(5154,'viettrainer@gmail.com','2022-12-24 18:27:08','viettrainer@gmail.com','2022-12-24 18:27:08',NULL,6,NULL,1504,1214),(5164,'viettrainer@gmail.com','2022-12-24 18:27:27','viettrainer@gmail.com','2022-12-24 18:27:27',NULL,6.5,NULL,1494,1224),(5174,'viettrainer@gmail.com','2022-12-24 18:27:27','viettrainer@gmail.com','2022-12-24 18:27:27',NULL,7,NULL,1504,1224),(5184,'viettrainer@gmail.com','2022-12-24 18:27:45','viettrainer@gmail.com','2022-12-24 18:27:45',NULL,7,NULL,1494,1234),(5194,'viettrainer@gmail.com','2022-12-24 18:27:45','viettrainer@gmail.com','2022-12-24 18:27:45',NULL,7.3,NULL,1504,1234),(5204,'viettrainer@gmail.com','2022-12-24 18:28:07','viettrainer@gmail.com','2022-12-24 18:28:07',NULL,8,NULL,1494,1244),(5214,'viettrainer@gmail.com','2022-12-24 18:28:07','viettrainer@gmail.com','2022-12-24 18:28:07',NULL,8,NULL,1504,1244),(5224,'viettrainer@gmail.com','2022-12-28 01:35:59','viettrainer@gmail.com','2022-12-28 01:35:59',NULL,10,200,1544,1274),(5234,'viettrainer@gmail.com','2022-12-28 01:36:14','viettrainer@gmail.com','2022-12-28 01:51:20',NULL,10,200,1544,1284),(5244,'viettrainer@gmail.com','2022-12-28 01:36:27','viettrainer@gmail.com','2022-12-28 01:36:27',NULL,5.6,112,1544,1294),(5254,'viettrainer@gmail.com','2022-12-28 01:51:55','viettrainer@gmail.com','2022-12-28 01:51:55',NULL,7.85,157,1554,1304),(5264,'viettrainer@gmail.com','2022-12-28 01:52:02','viettrainer@gmail.com','2022-12-28 01:52:02',NULL,8.75,175,1554,1314),(5274,'viettrainer@gmail.com','2022-12-28 01:53:31','viettrainer@gmail.com','2022-12-28 01:53:31',NULL,7.85,157,1554,1324),(5284,'viettrainer@gmail.com','2022-12-28 01:53:39','viettrainer@gmail.com','2022-12-28 01:53:39',NULL,10,200,1554,1334),(5294,'viettrainer@gmail.com','2022-12-28 01:55:35','viettrainer@gmail.com','2022-12-28 01:55:35',NULL,8,NULL,1524,1344),(5304,'viettrainer@gmail.com','2022-12-28 01:55:35','viettrainer@gmail.com','2022-12-28 01:55:35',NULL,8,NULL,1534,1344),(5314,'viettrainer@gmail.com','2022-12-28 01:56:12','viettrainer@gmail.com','2022-12-28 01:56:49','very good',8,NULL,1524,1274),(5324,'viettrainer@gmail.com','2022-12-28 01:56:12','viettrainer@gmail.com','2022-12-28 01:56:12',NULL,8,NULL,1534,1274),(5334,'viettrainer@gmail.com','2022-12-28 01:56:12','viettrainer@gmail.com','2022-12-28 01:56:12',NULL,8,NULL,1524,1284),(5344,'viettrainer@gmail.com','2022-12-28 01:56:12','viettrainer@gmail.com','2022-12-28 01:56:12',NULL,8,NULL,1534,1284),(5354,'viettrainer@gmail.com','2022-12-28 01:56:12','viettrainer@gmail.com','2022-12-28 01:56:12',NULL,8,NULL,1524,1294),(5364,'viettrainer@gmail.com','2022-12-28 01:56:12','viettrainer@gmail.com','2022-12-28 01:56:12',NULL,8,NULL,1534,1294),(5374,'viettrainer@gmail.com','2022-12-28 01:56:12','viettrainer@gmail.com','2022-12-28 01:56:12',NULL,8,NULL,1524,1354),(5384,'viettrainer@gmail.com','2022-12-28 01:56:12','viettrainer@gmail.com','2022-12-28 01:56:12',NULL,8,NULL,1534,1354),(5394,'viettrainer@gmail.com','2022-12-28 01:56:12','viettrainer@gmail.com','2022-12-28 01:56:12',NULL,0,0,1544,1354);
/*!40000 ALTER TABLE `eval_detail` ENABLE KEYS */;
UNLOCK TABLES;

--
-- Table structure for table `group_member`
--

DROP TABLE IF EXISTS `group_member`;
/*!40101 SET @saved_cs_client     = @@character_set_client */;
/*!40101 SET character_set_client = utf8 */;
CREATE TABLE `group_member` (
  `created_by` varchar(255) DEFAULT NULL,
  `created_date` datetime DEFAULT NULL,
  `modified_by` varchar(255) DEFAULT NULL,
  `modified_date` datetime DEFAULT NULL,
  `is_active` bit(1) DEFAULT NULL,
  `is_leader` bit(1) DEFAULT NULL,
  `group_group_id` bigint(20) NOT NULL,
  `member_user_id` bigint(20) NOT NULL,
  PRIMARY KEY (`group_group_id`,`member_user_id`),
  KEY `FK8jfgcouo6lr2ybpjxaticsw0m` (`member_user_id`),
  CONSTRAINT `FK8jfgcouo6lr2ybpjxaticsw0m` FOREIGN KEY (`member_user_id`) REFERENCES `user` (`user_id`),
  CONSTRAINT `FK9f2c1gok8tcfajepaxdr4b4ob` FOREIGN KEY (`group_group_id`) REFERENCES `group_tbl` (`group_id`)
) ENGINE=InnoDB DEFAULT CHARSET=utf8;
/*!40101 SET character_set_client = @saved_cs_client */;

--
-- Dumping data for table `group_member`
--

LOCK TABLES `group_member` WRITE;
/*!40000 ALTER TABLE `group_member` DISABLE KEYS */;
INSERT INTO `group_member` VALUES ('duynvtrainer3@gmail.com','2022-12-09 14:23:17','duynvtrainer3@gmail.com','2022-12-09 14:23:17','','',1174,264),('duynvtrainer3@gmail.com','2022-12-09 14:23:17','duynvtrainer3@gmail.com','2022-12-09 14:23:17','','\0',1174,334),('duynvtrainer3@gmail.com','2022-12-09 14:23:17','duynvtrainer3@gmail.com','2022-12-09 14:23:17','','\0',1174,354),('duynvtrainer3@gmail.com','2022-12-09 14:23:17','duynvtrainer3@gmail.com','2022-12-09 14:23:17','','\0',1174,364),('duynvtrainer3@gmail.com','2022-12-09 14:23:17','duynvtrainer3@gmail.com','2022-12-09 14:23:17','','\0',1184,304),('duynvtrainer3@gmail.com','2022-12-09 14:23:17','duynvtrainer3@gmail.com','2022-12-09 14:23:17','','\0',1184,314),('duynvtrainer3@gmail.com','2022-12-09 14:23:17','duynvtrainer3@gmail.com','2022-12-09 14:23:17','','\0',1184,324),('duynvtrainer3@gmail.com','2022-12-09 14:23:17','duynvtrainer3@gmail.com','2022-12-09 14:23:17','','',1184,344),('duynvtrainer3@gmail.com','2022-12-09 14:23:17','duynvtrainer3@gmail.com','2022-12-09 14:23:17','','',1194,254),('duynvtrainer3@gmail.com','2022-12-09 14:23:17','duynvtrainer3@gmail.com','2022-12-09 14:23:17','','\0',1194,274),('duynvtrainer3@gmail.com','2022-12-09 14:23:17','duynvtrainer3@gmail.com','2022-12-09 14:23:17','','\0',1194,294),('viettrainer@gmail.com','2022-12-13 10:44:16','viettrainer@gmail.com','2022-12-13 10:44:16','','\0',1304,94),('viettrainer@gmail.com','2022-12-13 10:44:16','viettrainer@gmail.com','2022-12-13 10:44:16','','',1304,144),('viettrainer@gmail.com','2022-12-13 10:44:42','viettrainer@gmail.com','2022-12-13 10:44:50','','',1314,124),('viettrainer@gmail.com','2022-12-13 10:44:16','viettrainer@gmail.com','2022-12-13 10:44:50','','\0',1314,134),('viettrainer@gmail.com','2022-12-13 10:44:16','viettrainer@gmail.com','2022-12-13 10:44:16','','\0',1314,164),('viettrainer@gmail.com','2022-12-13 10:44:16','viettrainer@gmail.com','2022-12-13 10:44:16','','\0',1324,104),('viettrainer@gmail.com','2022-12-13 10:44:16','viettrainer@gmail.com','2022-12-13 10:44:16','','',1324,114),('viettrainer@gmail.com','2022-12-13 10:59:36','viettrainer@gmail.com','2022-12-13 10:59:46','','',1334,74),('viettrainer@gmail.com','2022-12-13 10:44:16','viettrainer@gmail.com','2022-12-14 10:53:56','','\0',1334,154),('viettrainer@gmail.com','2022-12-13 10:59:08','viettrainer@gmail.com','2022-12-13 10:59:08','','\0',1344,64),('viettrainer@gmail.com','2022-12-13 10:44:16','viettrainer@gmail.com','2022-12-13 10:44:16','','',1344,84),('viettrainer@gmail.com','2022-12-13 16:31:38','viettrainer@gmail.com','2022-12-13 16:31:38','','',1524,64),('viettrainer@gmail.com','2022-12-13 16:31:38','viettrainer@gmail.com','2022-12-13 16:31:38','','\0',1524,74),('viettrainer@gmail.com','2022-12-14 22:45:20','viettrainer@gmail.com','2022-12-14 22:45:20','','\0',1524,84),('viettrainer@gmail.com','2022-12-13 16:31:38','viettrainer@gmail.com','2022-12-13 16:31:38','','',1534,94),('viettrainer@gmail.com','2022-12-13 16:31:38','viettrainer@gmail.com','2022-12-13 16:31:38','','\0',1534,114),('viettrainer@gmail.com','2022-12-13 16:31:38','viettrainer@gmail.com','2022-12-13 16:31:38','','\0',1534,124),('viettrainer@gmail.com','2022-12-13 16:31:38','viettrainer@gmail.com','2022-12-13 16:31:38','','\0',1544,134),('viettrainer@gmail.com','2022-12-13 16:31:38','viettrainer@gmail.com','2022-12-13 16:31:38','','',1544,144),('viettrainer@gmail.com','2022-12-13 16:31:38','viettrainer@gmail.com','2022-12-14 10:53:56','','',1554,154),('viettrainer@gmail.com','2022-12-13 16:31:38','viettrainer@gmail.com','2022-12-13 16:31:38','','\0',1554,164),('viettrainer@gmail.com','2022-12-15 00:37:32','viettrainer@gmail.com','2022-12-15 00:37:32','','\0',2004,84),('viettrainer@gmail.com','2022-12-15 00:37:32','viettrainer@gmail.com','2022-12-15 00:37:32','','\0',2004,144),('viettrainer@gmail.com','2022-12-15 00:37:32','viettrainer@gmail.com','2022-12-15 00:37:32','','',2004,164),('viettrainer@gmail.com','2022-12-15 00:37:32','viettrainer@gmail.com','2022-12-15 00:37:32','','\0',2014,94),('viettrainer@gmail.com','2022-12-15 00:37:32','viettrainer@gmail.com','2022-12-15 00:37:32','','\0',2014,124),('viettrainer@gmail.com','2022-12-15 00:37:32','viettrainer@gmail.com','2022-12-15 00:37:32','','',2014,154),('viettrainer@gmail.com','2022-12-15 00:43:55','viettrainer@gmail.com','2022-12-15 00:48:28','','',2024,104),('viettrainer@gmail.com','2022-12-15 00:37:32','viettrainer@gmail.com','2022-12-15 00:37:32','','\0',2034,64),('viettrainer@gmail.com','2022-12-15 00:37:32','viettrainer@gmail.com','2022-12-15 00:37:32','','',2034,134),('viettrainer@gmail.com','2022-12-15 00:46:02','viettrainer@gmail.com','2022-12-15 00:53:33','','',2074,114),('viettrainer@gmail.com','2022-12-15 00:53:34','viettrainer@gmail.com','2022-12-15 00:53:34','','',2094,74),('duynvtrainer3@gmail.com','2022-12-17 17:17:25','duynvtrainer3@gmail.com','2022-12-17 17:17:25','','\0',2204,274),('duynvtrainer3@gmail.com','2022-12-17 17:17:25','duynvtrainer3@gmail.com','2022-12-17 17:17:25','','\0',2204,294),('duynvtrainer3@gmail.com','2022-12-17 17:17:25','duynvtrainer3@gmail.com','2022-12-17 17:17:25','','\0',2204,324),('duynvtrainer3@gmail.com','2022-12-17 17:17:25','duynvtrainer3@gmail.com','2022-12-17 17:17:25','','',2204,344),('duynvtrainer3@gmail.com','2022-12-17 17:17:25','duynvtrainer3@gmail.com','2022-12-17 17:17:25','','\0',2214,264),('duynvtrainer3@gmail.com','2022-12-17 17:17:25','duynvtrainer3@gmail.com','2022-12-17 17:17:25','','\0',2214,314),('duynvtrainer3@gmail.com','2022-12-17 17:17:25','duynvtrainer3@gmail.com','2022-12-17 17:17:25','','',2214,334),('duynvtrainer3@gmail.com','2022-12-17 17:17:25','duynvtrainer3@gmail.com','2022-12-17 17:17:25','','\0',2214,364),('duynvtrainer3@gmail.com','2022-12-17 17:17:25','duynvtrainer3@gmail.com','2022-12-17 17:17:25','','',2224,254),('duynvtrainer3@gmail.com','2022-12-17 17:17:25','duynvtrainer3@gmail.com','2022-12-17 17:17:25','','\0',2224,304),('duynvtrainer3@gmail.com','2022-12-17 17:17:25','duynvtrainer3@gmail.com','2022-12-17 17:17:25','','\0',2224,354),('viettrainer@gmail.com','2022-12-24 15:57:16','viettrainer@gmail.com','2022-12-24 15:57:16','','\0',2234,64),('viettrainer@gmail.com','2022-12-24 15:57:16','viettrainer@gmail.com','2022-12-24 15:57:29','','',2234,94),('viettrainer@gmail.com','2022-12-24 15:57:16','viettrainer@gmail.com','2022-12-24 15:57:29','','\0',2234,104),('viettrainer@gmail.com','2022-12-24 15:57:16','viettrainer@gmail.com','2022-12-24 15:57:16','','\0',2234,164),('viettrainer@gmail.com','2022-12-24 15:57:16','viettrainer@gmail.com','2022-12-24 15:57:16','','\0',2244,74),('viettrainer@gmail.com','2022-12-24 15:57:16','viettrainer@gmail.com','2022-12-24 15:57:16','','\0',2244,114),('viettrainer@gmail.com','2022-12-24 15:57:16','viettrainer@gmail.com','2022-12-24 15:57:41','','',2244,124),('viettrainer@gmail.com','2022-12-24 15:57:16','viettrainer@gmail.com','2022-12-24 15:57:41','','\0',2244,154),('viettrainer@gmail.com','2022-12-24 15:57:16','viettrainer@gmail.com','2022-12-24 15:57:16','','',2254,84),('viettrainer@gmail.com','2022-12-24 15:57:16','viettrainer@gmail.com','2022-12-24 15:57:16','','\0',2254,134),('viettrainer@gmail.com','2022-12-24 15:57:16','viettrainer@gmail.com','2022-12-24 15:57:16','','\0',2254,144),('viettrainer@gmail.com','2022-12-24 19:41:53','viettrainer@gmail.com','2022-12-24 19:41:53','','\0',2264,64),('viettrainer@gmail.com','2022-12-24 19:41:53','viettrainer@gmail.com','2022-12-24 19:41:53','','',2264,94),('viettrainer@gmail.com','2022-12-24 19:41:53','viettrainer@gmail.com','2022-12-24 19:41:53','','\0',2264,104),('viettrainer@gmail.com','2022-12-24 19:41:53','viettrainer@gmail.com','2022-12-24 19:41:53','','\0',2264,164),('viettrainer@gmail.com','2022-12-24 19:41:53','viettrainer@gmail.com','2022-12-24 19:41:53','','\0',2274,74),('viettrainer@gmail.com','2022-12-24 19:41:53','viettrainer@gmail.com','2022-12-24 19:41:53','','\0',2274,114),('viettrainer@gmail.com','2022-12-24 19:41:53','viettrainer@gmail.com','2022-12-24 19:41:53','','',2274,124),('viettrainer@gmail.com','2022-12-24 19:41:53','viettrainer@gmail.com','2022-12-24 19:41:53','','\0',2274,154),('viettrainer@gmail.com','2022-12-24 19:41:53','viettrainer@gmail.com','2022-12-24 19:41:53','','',2284,84),('viettrainer@gmail.com','2022-12-24 19:41:53','viettrainer@gmail.com','2022-12-24 19:41:53','','\0',2284,134),('viettrainer@gmail.com','2022-12-24 19:41:53','viettrainer@gmail.com','2022-12-24 19:41:53','','\0',2284,144),('duynvtrainer3@gmail.com','2022-12-27 15:21:21','duynvtrainer3@gmail.com','2022-12-27 15:21:21','','\0',2294,304),('duynvtrainer3@gmail.com','2022-12-27 15:21:21','duynvtrainer3@gmail.com','2022-12-27 15:21:21','','\0',2294,314),('duynvtrainer3@gmail.com','2022-12-27 15:21:21','duynvtrainer3@gmail.com','2022-12-27 15:22:17','','',2294,344),('duynvtrainer3@gmail.com','2022-12-27 15:21:21','duynvtrainer3@gmail.com','2022-12-27 15:22:17','','\0',2294,364),('duynvtrainer3@gmail.com','2022-12-27 15:21:21','duynvtrainer3@gmail.com','2022-12-27 15:21:21','','\0',2304,254),('duynvtrainer3@gmail.com','2022-12-27 15:21:21','duynvtrainer3@gmail.com','2022-12-27 15:21:57','','',2304,264),('duynvtrainer3@gmail.com','2022-12-27 15:21:21','duynvtrainer3@gmail.com','2022-12-27 15:21:21','','\0',2304,274),('duynvtrainer3@gmail.com','2022-12-27 15:21:21','duynvtrainer3@gmail.com','2022-12-27 15:21:57','','\0',2304,324),('duynvtrainer3@gmail.com','2022-12-27 15:21:21','duynvtrainer3@gmail.com','2022-12-27 15:21:21','','',2314,294),('duynvtrainer3@gmail.com','2022-12-27 15:21:21','duynvtrainer3@gmail.com','2022-12-27 15:21:21','','\0',2314,334),('duynvtrainer3@gmail.com','2022-12-27 15:21:21','duynvtrainer3@gmail.com','2022-12-27 15:21:21','','\0',2314,354),('duynvtrainer3@gmail.com','2022-12-27 15:28:07','duynvtrainer3@gmail.com','2022-12-27 15:28:07','','\0',2324,304),('duynvtrainer3@gmail.com','2022-12-27 15:28:07','duynvtrainer3@gmail.com','2022-12-27 15:28:07','','\0',2324,314),('duynvtrainer3@gmail.com','2022-12-27 15:28:07','duynvtrainer3@gmail.com','2022-12-27 15:28:07','','',2324,344),('duynvtrainer3@gmail.com','2022-12-27 15:28:07','duynvtrainer3@gmail.com','2022-12-27 15:28:07','','\0',2324,364),('duynvtrainer3@gmail.com','2022-12-27 15:28:07','duynvtrainer3@gmail.com','2022-12-27 15:28:07','','\0',2334,254),('duynvtrainer3@gmail.com','2022-12-27 15:28:07','duynvtrainer3@gmail.com','2022-12-27 15:28:07','','',2334,264),('duynvtrainer3@gmail.com','2022-12-27 15:28:07','duynvtrainer3@gmail.com','2022-12-27 15:28:07','','\0',2334,274),('duynvtrainer3@gmail.com','2022-12-27 15:28:07','duynvtrainer3@gmail.com','2022-12-27 15:28:07','','\0',2334,324),('duynvtrainer3@gmail.com','2022-12-27 15:28:07','duynvtrainer3@gmail.com','2022-12-27 15:28:07','','',2344,294),('duynvtrainer3@gmail.com','2022-12-27 15:28:07','duynvtrainer3@gmail.com','2022-12-27 15:28:07','','\0',2344,334),('duynvtrainer3@gmail.com','2022-12-27 15:28:07','duynvtrainer3@gmail.com','2022-12-27 15:28:07','','\0',2344,354);
/*!40000 ALTER TABLE `group_member` ENABLE KEYS */;
UNLOCK TABLES;

--
-- Table structure for table `group_tbl`
--

DROP TABLE IF EXISTS `group_tbl`;
/*!40101 SET @saved_cs_client     = @@character_set_client */;
/*!40101 SET character_set_client = utf8 */;
CREATE TABLE `group_tbl` (
  `group_id` bigint(20) NOT NULL AUTO_INCREMENT,
  `created_by` varchar(255) DEFAULT NULL,
  `created_date` datetime DEFAULT NULL,
  `modified_by` varchar(255) DEFAULT NULL,
  `modified_date` datetime DEFAULT NULL,
  `description` varchar(255) DEFAULT NULL,
  `group_code` varchar(255) DEFAULT NULL,
  `status` varchar(255) DEFAULT NULL,
  `topic_name` varchar(255) DEFAULT NULL,
  `class_id` bigint(20) DEFAULT NULL,
  PRIMARY KEY (`group_id`),
  KEY `FKjx9ivqp2tjb4x1ctjxokkcfs9` (`class_id`),
  CONSTRAINT `FKjx9ivqp2tjb4x1ctjxokkcfs9` FOREIGN KEY (`class_id`) REFERENCES `class` (`class_id`)
) ENGINE=InnoDB AUTO_INCREMENT=2345 DEFAULT CHARSET=utf8;
/*!40101 SET character_set_client = @saved_cs_client */;

--
-- Dumping data for table `group_tbl`
--

LOCK TABLES `group_tbl` WRITE;
/*!40000 ALTER TABLE `group_tbl` DISABLE KEYS */;
INSERT INTO `group_tbl` VALUES (1174,'duynvtrainer3@gmail.com','2022-12-09 14:23:17','duynvtrainer3@gmail.com','2022-12-09 14:23:17','','G1','1','Topic 1',14),(1184,'duynvtrainer3@gmail.com','2022-12-09 14:23:17','duynvtrainer3@gmail.com','2022-12-09 14:23:17','','G2','1','Topic 2',14),(1194,'duynvtrainer3@gmail.com','2022-12-09 14:23:17','duynvtrainer3@gmail.com','2022-12-09 14:23:17','','G3','1','Topic 3',14),(1304,'viettrainer@gmail.com','2022-12-13 10:44:16','viettrainer@gmail.com','2022-12-13 10:44:16','','G1','1','Topic 1',44),(1314,'viettrainer@gmail.com','2022-12-13 10:44:16','viettrainer@gmail.com','2022-12-13 10:44:16','','G2','1','Topic 2',44),(1324,'viettrainer@gmail.com','2022-12-13 10:44:16','viettrainer@gmail.com','2022-12-13 10:44:16','','G3','1','Topic 3',44),(1334,'viettrainer@gmail.com','2022-12-13 10:44:16','viettrainer@gmail.com','2022-12-13 10:44:16','','G4','1','Topic 4',44),(1344,'viettrainer@gmail.com','2022-12-13 10:44:16','viettrainer@gmail.com','2022-12-13 10:44:16','','G5','1','Topic 5',44),(1524,'viettrainer@gmail.com','2022-12-13 16:31:37','viettrainer@gmail.com','2022-12-13 16:31:37','Description Group 1','Group 1','1','Topic Group 1',44),(1534,'viettrainer@gmail.com','2022-12-13 16:31:37','viettrainer@gmail.com','2022-12-13 16:31:37','Description Group 2','Group 2','1','Topic Group 2',44),(1544,'viettrainer@gmail.com','2022-12-13 16:31:37','viettrainer@gmail.com','2022-12-13 16:31:37','Description Group 3','Group 3','1','Topic Group 3',44),(1554,'viettrainer@gmail.com','2022-12-13 16:31:37','viettrainer@gmail.com','2022-12-13 16:31:37','Description Group 4','Group 4','1','Topic Group 4',44),(2004,'viettrainer@gmail.com','2022-12-15 00:37:32','viettrainer@gmail.com','2022-12-15 00:37:32','','G1','1','Topic 1',44),(2014,'viettrainer@gmail.com','2022-12-15 00:37:32','viettrainer@gmail.com','2022-12-15 00:37:32','','G2','1','Topic 2',44),(2024,'viettrainer@gmail.com','2022-12-15 00:37:32','viettrainer@gmail.com','2022-12-15 00:37:32','','G3','1','Topic 3',44),(2034,'viettrainer@gmail.com','2022-12-15 00:37:32','viettrainer@gmail.com','2022-12-15 00:37:32','','G4','1','Topic 4',44),(2074,'viettrainer@gmail.com','2022-12-15 00:46:02','viettrainer@gmail.com','2022-12-15 00:46:02','G6','G6','1','',44),(2094,'viettrainer@gmail.com','2022-12-15 00:53:34','viettrainer@gmail.com','2022-12-15 00:53:34','G4','G4','1','',44),(2204,'duynvtrainer3@gmail.com','2022-12-17 17:17:25','duynvtrainer3@gmail.com','2022-12-17 17:17:25','','G1','1','Topic 1',14),(2214,'duynvtrainer3@gmail.com','2022-12-17 17:17:25','duynvtrainer3@gmail.com','2022-12-17 17:17:25','','G2','1','Topic 2',14),(2224,'duynvtrainer3@gmail.com','2022-12-17 17:17:25','duynvtrainer3@gmail.com','2022-12-17 17:17:25','','G3','1','Topic 3',14),(2234,'viettrainer@gmail.com','2022-12-24 15:57:16','viettrainer@gmail.com','2022-12-24 15:57:16','','G1','1','Topic 1',64),(2244,'viettrainer@gmail.com','2022-12-24 15:57:16','viettrainer@gmail.com','2022-12-24 15:57:16','','G2','1','Topic 2',64),(2254,'viettrainer@gmail.com','2022-12-24 15:57:16','viettrainer@gmail.com','2022-12-24 15:57:16','','G3','1','Topic 3',64),(2264,'viettrainer@gmail.com','2022-12-24 19:41:53','viettrainer@gmail.com','2022-12-24 19:41:53','','G1','1','Topic 1',64),(2274,'viettrainer@gmail.com','2022-12-24 19:41:53','viettrainer@gmail.com','2022-12-24 19:41:53','','G2','1','Topic 2',64),(2284,'viettrainer@gmail.com','2022-12-24 19:41:53','viettrainer@gmail.com','2022-12-24 19:41:53','','G3','1','Topic 3',64),(2294,'duynvtrainer3@gmail.com','2022-12-27 15:21:21','duynvtrainer3@gmail.com','2022-12-27 15:21:21','','G1','1','Topic 1',74),(2304,'duynvtrainer3@gmail.com','2022-12-27 15:21:21','duynvtrainer3@gmail.com','2022-12-27 15:21:21','','G2','1','Topic 2',74),(2314,'duynvtrainer3@gmail.com','2022-12-27 15:21:21','duynvtrainer3@gmail.com','2022-12-27 15:21:21','','G3','1','Topic 3',74),(2324,'duynvtrainer3@gmail.com','2022-12-27 15:28:07','duynvtrainer3@gmail.com','2022-12-27 15:28:07','','G1','1','Topic 1',74),(2334,'duynvtrainer3@gmail.com','2022-12-27 15:28:07','duynvtrainer3@gmail.com','2022-12-27 15:28:07','','G2','1','Topic 2',74),(2344,'duynvtrainer3@gmail.com','2022-12-27 15:28:07','duynvtrainer3@gmail.com','2022-12-27 15:28:07','','G3','1','Topic 3',74);
/*!40000 ALTER TABLE `group_tbl` ENABLE KEYS */;
UNLOCK TABLES;

--
-- Table structure for table `issue_tbl`
--

DROP TABLE IF EXISTS `issue_tbl`;
/*!40101 SET @saved_cs_client     = @@character_set_client */;
/*!40101 SET character_set_client = utf8 */;
CREATE TABLE `issue_tbl` (
  `issue_id` bigint(20) NOT NULL AUTO_INCREMENT,
  `created_by` varchar(255) DEFAULT NULL,
  `created_date` datetime DEFAULT NULL,
  `modified_by` varchar(255) DEFAULT NULL,
  `modified_date` datetime DEFAULT NULL,
  `deadline` date DEFAULT NULL,
  `description` varchar(255) DEFAULT NULL,
  `is_closed` bit(1) DEFAULT NULL,
  `title` varchar(255) NOT NULL,
  `asignee_id` bigint(20) DEFAULT NULL,
  `author_id` bigint(20) DEFAULT NULL,
  `class_id` bigint(20) DEFAULT NULL,
  `group_id` bigint(20) DEFAULT NULL,
  `milestone_id` bigint(20) DEFAULT NULL,
  `requirement_id` bigint(20) DEFAULT NULL,
  `status_id` bigint(20) DEFAULT NULL,
  `type_id` bigint(20) DEFAULT NULL,
  PRIMARY KEY (`issue_id`),
  KEY `FKdocj47ssqy0lyq594vqn7t5y4` (`asignee_id`),
  KEY `FK48winckjudv0nkwkenq4dq8l` (`author_id`),
  KEY `FKk0b9qk0cfnbfo693qu5aarpl4` (`class_id`),
  KEY `FKdcmkgwap4n2h4tdm6f3ov0odx` (`group_id`),
  KEY `FKgg0gdjddp1847wscsxb8jvvrd` (`milestone_id`),
  KEY `FKiu6uqvqrqwfb9i1m2tiwdufvc` (`requirement_id`),
  KEY `FKk5cvieekhq7dskoxo79l5112h` (`status_id`),
  KEY `FK27s4gopce6pqysl1v76kehypc` (`type_id`),
  CONSTRAINT `FK27s4gopce6pqysl1v76kehypc` FOREIGN KEY (`type_id`) REFERENCES `class_setting` (`class_setting_id`),
  CONSTRAINT `FK48winckjudv0nkwkenq4dq8l` FOREIGN KEY (`author_id`) REFERENCES `user` (`user_id`),
  CONSTRAINT `FKdcmkgwap4n2h4tdm6f3ov0odx` FOREIGN KEY (`group_id`) REFERENCES `group_tbl` (`group_id`),
  CONSTRAINT `FKdocj47ssqy0lyq594vqn7t5y4` FOREIGN KEY (`asignee_id`) REFERENCES `user` (`user_id`),
  CONSTRAINT `FKgg0gdjddp1847wscsxb8jvvrd` FOREIGN KEY (`milestone_id`) REFERENCES `milestone` (`milestone_id`),
  CONSTRAINT `FKiu6uqvqrqwfb9i1m2tiwdufvc` FOREIGN KEY (`requirement_id`) REFERENCES `issue_tbl` (`issue_id`),
  CONSTRAINT `FKk0b9qk0cfnbfo693qu5aarpl4` FOREIGN KEY (`class_id`) REFERENCES `class` (`class_id`),
  CONSTRAINT `FKk5cvieekhq7dskoxo79l5112h` FOREIGN KEY (`status_id`) REFERENCES `class_setting` (`class_setting_id`)
) ENGINE=InnoDB AUTO_INCREMENT=1305 DEFAULT CHARSET=utf8;
/*!40101 SET character_set_client = @saved_cs_client */;

--
-- Dumping data for table `issue_tbl`
--

LOCK TABLES `issue_tbl` WRITE;
/*!40000 ALTER TABLE `issue_tbl` DISABLE KEYS */;
INSERT INTO `issue_tbl` VALUES (134,'duynvtrainer3@gmail.com','2022-12-09 14:30:10','duynvtrainer3@gmail.com','2022-12-09 14:30:10',NULL,'Chuẩn bị báo cáo 1','\0','Chuẩn bị báo cáo 1',274,14,14,1194,44,NULL,NULL,NULL),(144,'duynvtrainer3@gmail.com','2022-12-09 14:31:01','duynvtrainer3@gmail.com','2022-12-09 14:31:01',NULL,'Nộp báo cáo 1','\0','Nộp báo cáo 1',334,14,14,1174,44,NULL,NULL,NULL),(154,'duynvtrainer3@gmail.com','2022-12-09 14:31:19','duynvtrainer3@gmail.com','2022-12-09 14:31:19',NULL,'Chuẩn bị báo cáo 2','\0','Chuẩn bị báo cáo 2',324,14,14,1184,44,NULL,NULL,NULL),(164,'duynvtrainer3@gmail.com','2022-12-09 14:31:35','hoapt3@gmail.com','2022-12-09 14:51:23',NULL,'Nộp báo cáo 2','\0','Nộp báo cáo 2',254,14,14,1194,54,NULL,NULL,NULL),(174,'duynvtrainer3@gmail.com','2022-12-09 14:33:17','duynvtrainer3@gmail.com','2022-12-09 14:33:17','2022-12-30','vẽ diagram cho báo cáo 1','\0','vẽ diagram cho báo cáo 1',264,14,14,1174,44,154,NULL,34),(184,'viettrainer@gmail.com','2022-12-10 18:16:54','viettrainer@gmail.com','2022-12-10 18:16:54',NULL,'Create more than 100 test case','\0','Reuirement 1: 100 test case',NULL,174,44,NULL,84,NULL,NULL,NULL),(194,'duynvtrainer3@gmail.com','2022-12-11 15:25:42','duynvtrainer3@gmail.com','2022-12-11 15:25:42',NULL,'lab 1','\0','lab 1',NULL,14,14,NULL,24,NULL,NULL,NULL),(204,'viettrainer@gmail.com','2022-12-14 09:55:15','viettrainer@gmail.com','2022-12-14 09:55:15',NULL,'','\0','Review Problem',NULL,174,44,1304,94,NULL,NULL,NULL),(214,'viettrainer@gmail.com','2022-12-14 09:55:53','viettrainer@gmail.com','2022-12-14 09:55:53',NULL,'','\0','100 test case',NULL,174,44,1314,94,NULL,NULL,NULL),(224,'viettrainer@gmail.com','2022-12-14 09:56:18','viettrainer@gmail.com','2022-12-14 09:56:18',NULL,'','\0','Write system test report',NULL,174,44,1324,94,NULL,NULL,NULL),(234,'viettrainer@gmail.com','2022-12-14 09:56:37','viettrainer@gmail.com','2022-12-14 09:56:37',NULL,'','\0','Write intergration test report',NULL,174,44,1334,94,NULL,NULL,NULL),(244,'viettrainer@gmail.com','2022-12-14 09:56:52','thangbd@gmail.com','2022-12-14 09:58:34',NULL,'','','Write unit test report',NULL,174,44,1344,94,NULL,NULL,NULL),(254,'hoapt3@gmail.com','2022-12-15 06:27:40','hoapt3@gmail.com','2022-12-15 06:27:40',NULL,'Lab 2 Deadline CN','\0','Submit Lab 2',254,254,14,1194,44,NULL,NULL,NULL),(264,'viettrainer@gmail.com','2022-12-15 13:01:40','viettrainer@gmail.com','2022-12-15 13:01:40',NULL,'','\0','Prepare write test case',NULL,174,44,NULL,84,NULL,NULL,184),(274,'viettrainer@gmail.com','2022-12-15 13:02:15','viettrainer@gmail.com','2022-12-15 13:02:15',NULL,'','\0','Write 100 test case',NULL,174,44,NULL,84,NULL,NULL,184),(284,'viettrainer@gmail.com','2022-12-15 13:02:25','viettrainer@gmail.com','2022-12-15 13:03:57',NULL,'','\0','Review Problem',NULL,174,44,NULL,84,NULL,NULL,194),(294,'viettrainer@gmail.com','2022-12-15 13:02:55','viettrainer@gmail.com','2022-12-15 13:03:29',NULL,'','\0','Understand what is system test',NULL,174,44,NULL,84,NULL,NULL,174),(304,'viettrainer@gmail.com','2022-12-15 13:03:03','viettrainer@gmail.com','2022-12-15 13:03:03',NULL,'','\0','Understand what is unit test',NULL,174,44,NULL,84,NULL,NULL,184),(314,'viettrainer@gmail.com','2022-12-15 13:03:11','viettrainer@gmail.com','2022-12-15 13:03:11',NULL,'','\0','Understand what is intergration test',NULL,174,44,NULL,84,NULL,NULL,184),(324,'thangbd@gmail.com','2022-12-15 13:14:50','thangbd@gmail.com','2022-12-15 13:14:50',NULL,'','\0','Write Unit Test report',84,84,44,NULL,84,184,NULL,184),(334,'duynvtrainer3@gmail.com','2022-12-16 09:59:39','duynvtrainer3@gmail.com','2022-12-16 09:59:39',NULL,'New','\0','Lab 2',264,14,14,NULL,34,NULL,NULL,NULL),(344,'duynvtrainer3@gmail.com','2022-12-16 10:16:21','davm3@gmail.com','2022-12-19 20:17:59',NULL,'New 1','\0','lab 3',264,14,14,NULL,24,NULL,NULL,NULL),(354,'giangnh3@gmail.com','2022-12-17 14:16:13','giangnh3@gmail.com','2022-12-17 14:16:13',NULL,'Test Re Evaluated','\0','Test Re Evaluated',NULL,264,14,1174,54,NULL,NULL,NULL),(364,'duynvtrainer3@gmail.com','2022-12-17 14:21:11','duynvtrainer3@gmail.com','2022-12-20 21:55:39',NULL,'Test Evaluated 2','\0','Test Evaluated 2',NULL,14,14,NULL,44,NULL,NULL,NULL),(374,'davm3@gmail.com','2022-12-20 13:49:16','davm3@gmail.com','2022-12-20 13:49:16',NULL,'Specification des','\0','Specification',NULL,344,14,1184,54,NULL,NULL,NULL),(414,'davm3@gmail.com','2022-12-20 17:44:30','davm3@gmail.com','2022-12-20 17:44:30',NULL,'Issue try delete','\0','Issue try delete',NULL,344,14,NULL,34,NULL,NULL,34),(424,'davm3@gmail.com','2022-12-20 17:49:03','davm3@gmail.com','2022-12-20 17:49:03',NULL,'Issue try delete des','\0','Issue try delete this',NULL,344,14,1184,44,134,NULL,34),(454,'davm3@gmail.com','2022-12-20 21:46:26','davm3@gmail.com','2022-12-20 21:48:34',NULL,'this issue is deleteable des','\0','this issue is deleteable',NULL,344,14,NULL,54,NULL,NULL,34),(464,'davm3@gmail.com','2022-12-20 21:50:47','davm3@gmail.com','2022-12-20 21:51:42',NULL,'delete me','\0','delete me',NULL,344,14,NULL,44,134,NULL,34),(474,'viettrainer@gmail.com','2022-12-21 07:23:23','viettrainer@gmail.com','2022-12-21 07:23:23',NULL,'','\0','Write intergration test case',NULL,174,44,NULL,84,NULL,NULL,NULL),(504,'davm3@gmail.com','2022-12-21 14:43:24','davm3@gmail.com','2022-12-21 14:43:43',NULL,'','\0','delete me please',344,344,14,1184,54,NULL,NULL,34),(514,'davm3@gmail.com','2022-12-21 14:44:15','davm3@gmail.com','2022-12-21 14:44:15',NULL,'','\0','delete me',344,344,14,1184,54,NULL,NULL,NULL),(524,'viettrainer@gmail.com','2022-12-22 04:28:04','lammht@gmail.com','2022-12-22 04:46:38',NULL,'','\0','Write Intergaration Test Report',124,174,44,1314,94,NULL,NULL,NULL),(534,'viettrainer@gmail.com','2022-12-22 04:30:11','viettrainer@gmail.com','2022-12-22 04:30:11',NULL,'','\0','Write Test Report G4',NULL,174,44,1334,94,NULL,NULL,NULL),(544,'viettrainer@gmail.com','2022-12-22 04:30:16','viettrainer@gmail.com','2022-12-22 04:30:39',NULL,'','\0','Write Test Report G5',NULL,174,44,1344,94,NULL,NULL,NULL),(554,'lammht@gmail.com','2022-12-22 04:48:16','lammht@gmail.com','2022-12-22 04:48:16',NULL,'','\0','Write Intergaration Test Report 2',NULL,124,44,1314,94,NULL,NULL,NULL),(564,'viettrainer@gmail.com','2022-12-23 11:13:11','viettrainer@gmail.com','2022-12-23 11:13:11',NULL,'','\0','Final Test Report G2',NULL,174,44,1314,134,NULL,NULL,NULL),(574,'viettrainer@gmail.com','2022-12-23 11:13:30','viettrainer@gmail.com','2022-12-23 11:13:30',NULL,'','\0','Final Test Report G4',NULL,174,44,1334,134,NULL,NULL,NULL),(584,'viettrainer@gmail.com','2022-12-23 11:13:41','viettrainer@gmail.com','2022-12-23 11:13:41',NULL,'','\0','Final Test Report G5',84,174,44,1344,134,NULL,NULL,NULL),(594,'viettrainer@gmail.com','2022-12-24 16:01:59','viettrainer@gmail.com','2022-12-24 16:08:20',NULL,'','\0','Group 1 - Introduction',64,174,64,2234,164,NULL,NULL,NULL),(604,'viettrainer@gmail.com','2022-12-24 16:05:08','viettrainer@gmail.com','2022-12-24 16:07:36',NULL,'','\0','Group 1 - System Requirement Specification',94,174,64,2234,164,NULL,NULL,NULL),(614,'viettrainer@gmail.com','2022-12-24 16:05:37','viettrainer@gmail.com','2022-12-24 16:07:48',NULL,'','\0','Group 1 - System Design Specification',104,174,64,2234,164,NULL,NULL,NULL),(624,'viettrainer@gmail.com','2022-12-24 16:05:48','viettrainer@gmail.com','2022-12-24 16:07:55',NULL,'','\0','Group 1 - User Guide',164,174,64,2234,164,NULL,NULL,NULL),(634,'viettrainer@gmail.com','2022-12-24 16:08:53','viettrainer@gmail.com','2022-12-24 16:08:53',NULL,'','\0','Group 2 - Introduction',74,174,64,2244,164,NULL,NULL,NULL),(644,'viettrainer@gmail.com','2022-12-24 16:09:07','viettrainer@gmail.com','2022-12-24 16:09:07',NULL,'','\0','Group 2 - System Requirement Specification',114,174,64,2244,164,NULL,NULL,NULL),(654,'viettrainer@gmail.com','2022-12-24 16:09:20','viettrainer@gmail.com','2022-12-24 16:09:20',NULL,'','\0','Group 2 - System Design Specification',124,174,64,2244,164,NULL,NULL,NULL),(664,'viettrainer@gmail.com','2022-12-24 16:09:32','viettrainer@gmail.com','2022-12-24 16:09:32',NULL,'','\0','Group 2 - User Guide',154,174,64,2244,164,NULL,NULL,NULL),(674,'viettrainer@gmail.com','2022-12-24 16:09:52','viettrainer@gmail.com','2022-12-24 16:09:52',NULL,'','\0','Group 3 - Introduction',84,174,64,2254,164,NULL,NULL,NULL),(684,'viettrainer@gmail.com','2022-12-24 16:10:08','viettrainer@gmail.com','2022-12-24 16:10:08',NULL,'','\0','Group 3 - System Requirement Specification',134,174,64,2254,164,NULL,NULL,NULL),(694,'viettrainer@gmail.com','2022-12-24 16:10:20','viettrainer@gmail.com','2022-12-24 16:10:20',NULL,'','\0','Group 3 - System Design Specification',144,174,64,2254,164,NULL,NULL,NULL),(814,'nhungbt@gmail.com','2022-12-24 17:15:46','nhungbt@gmail.com','2022-12-24 17:15:46',NULL,'dummy','\0','dummy',94,94,44,1534,104,NULL,NULL,NULL),(824,'nhungbt@gmail.com','2022-12-24 17:15:51','nhungbt@gmail.com','2022-12-24 17:15:51',NULL,'dummy2','\0','dummy 2 2',94,94,44,1534,104,NULL,NULL,NULL),(834,'viettrainer@gmail.com','2022-12-24 18:04:49','viettrainer@gmail.com','2022-12-24 18:04:49',NULL,'Submit Progress Test','\0','Submit code',NULL,174,64,NULL,174,NULL,NULL,NULL),(844,'viettrainer@gmail.com','2022-12-24 19:57:34','viettrainer@gmail.com','2022-12-24 19:57:34',NULL,'Group 1 : Presentation Introduction','\0','Group 1 : Define Major feature',64,174,64,2264,184,NULL,NULL,NULL),(854,'viettrainer@gmail.com','2022-12-24 19:57:41','viettrainer@gmail.com','2022-12-24 19:58:14',NULL,'Group 1 : Presentation SRS','\0','Group 1 : Draw mockup',94,174,64,2264,184,NULL,NULL,NULL),(864,'viettrainer@gmail.com','2022-12-24 19:57:50','viettrainer@gmail.com','2022-12-24 19:57:50',NULL,'Group 1 : Presentation SDS','\0','Group 1 : Database design',104,174,64,2264,184,NULL,NULL,NULL),(874,'viettrainer@gmail.com','2022-12-24 19:58:00','viettrainer@gmail.com','2022-12-24 19:58:00',NULL,'Group 1 : Presentation Testing','\0','Group 1 : Write app overview',164,174,64,2264,184,NULL,NULL,NULL),(884,'viettrainer@gmail.com','2022-12-24 19:58:43','viettrainer@gmail.com','2022-12-24 19:58:43',NULL,'Group 2 : Presentation Introduction','\0','Group 2 : Define Major feature',74,174,64,2274,184,NULL,NULL,NULL),(894,'viettrainer@gmail.com','2022-12-24 19:58:51','viettrainer@gmail.com','2022-12-24 19:58:51',NULL,'Group 2 : Presentation SRS','\0','Group 2 : Draw mockup',114,174,64,2274,184,NULL,NULL,NULL),(904,'viettrainer@gmail.com','2022-12-24 19:58:57','viettrainer@gmail.com','2022-12-24 19:58:57',NULL,'Group 2 : Presentation SDS','\0','Group 2 : Database design',124,174,64,2274,184,NULL,NULL,NULL),(914,'viettrainer@gmail.com','2022-12-24 19:59:05','viettrainer@gmail.com','2022-12-24 19:59:05',NULL,'Group 2 : Presentation Testing','\0','Group 2 : Write app overview',154,174,64,2274,184,NULL,NULL,NULL),(924,'viettrainer@gmail.com','2022-12-24 19:59:14','viettrainer@gmail.com','2022-12-24 19:59:14',NULL,'Group 3 : Presentation Testing','\0','Group 3 : Define Major feature',84,174,64,2284,184,NULL,NULL,NULL),(934,'viettrainer@gmail.com','2022-12-24 19:59:21','viettrainer@gmail.com','2022-12-24 19:59:21',NULL,'Group 3 : Presentation Introduction','\0','Group 3 : Draw mockup',134,174,64,2284,184,NULL,NULL,NULL),(944,'viettrainer@gmail.com','2022-12-24 19:59:31','viettrainer@gmail.com','2022-12-24 19:59:31',NULL,'Group 3 : Presentation SRS-SDS','\0','Group 3 : Database design',144,174,64,2284,184,NULL,NULL,NULL),(954,'viettrainer@gmail.com','2022-12-24 20:00:25','nhungbt@gmail.com','2022-12-28 01:45:50',NULL,'Group 1: Coding Introduction','\0','Group 1: Coding Introduction',64,174,64,2264,194,NULL,NULL,NULL),(964,'viettrainer@gmail.com','2022-12-24 20:00:36','nhungbt@gmail.com','2022-12-28 01:45:50',NULL,'Group 1: Coding SRS','\0','Group 1: Coding SRS',94,174,64,2264,194,NULL,NULL,NULL),(974,'viettrainer@gmail.com','2022-12-24 20:00:43','nhungbt@gmail.com','2022-12-28 01:45:50',NULL,'Group 1: Coding SDS','\0','Group 1: Coding SDS',104,174,64,2264,194,NULL,NULL,NULL),(984,'viettrainer@gmail.com','2022-12-24 20:01:00','nhungbt@gmail.com','2022-12-28 01:45:50',NULL,'Group 1: Coding Logic','\0','Group 1: Coding Logic',164,174,64,2264,194,NULL,NULL,NULL),(994,'viettrainer@gmail.com','2022-12-24 20:42:56','viettrainer@gmail.com','2022-12-24 20:42:56','2022-12-28','Spelling error at page 4','\0','Spelling error at page 4',64,174,64,2234,164,594,NULL,484),(1004,'viettrainer@gmail.com','2022-12-24 20:43:39','viettrainer@gmail.com','2022-12-24 20:43:39','2022-12-28','Dont know how to write SRS','\0','Dont know how to write SRS',114,174,64,2244,164,604,NULL,404),(1014,'viettrainer@gmail.com','2022-12-24 20:44:40','viettrainer@gmail.com','2022-12-24 20:44:40',NULL,'Bug at line 231 error boundary test','\0','Bug at line 231',74,174,64,NULL,174,834,NULL,414),(1024,'viettrainer@gmail.com','2022-12-24 20:45:09','viettrainer@gmail.com','2022-12-24 20:45:09','2022-12-29','Missing Introduction at Slide','\0','Missing Introduction at Slide',144,174,64,2284,184,934,NULL,434),(1034,'duynvtrainer3@gmail.com','2022-12-27 15:30:51','duynvtrainer3@gmail.com','2022-12-27 15:30:51',NULL,'Group 1 - Introduction','\0','Group 1 - Introduction',304,14,74,2294,204,NULL,NULL,NULL),(1044,'duynvtrainer3@gmail.com','2022-12-27 15:31:56','duynvtrainer3@gmail.com','2022-12-27 15:31:56',NULL,'Group 2 - Introduction','\0','Group 2 - Introduction',254,14,74,2304,204,NULL,NULL,NULL),(1054,'duynvtrainer3@gmail.com','2022-12-27 15:32:10','duynvtrainer3@gmail.com','2022-12-27 15:32:10',NULL,'Group 3 - Introduction','\0','Group 3 - Introduction',294,14,74,2314,204,NULL,NULL,NULL),(1064,'duynvtrainer3@gmail.com','2022-12-27 15:32:55','duynvtrainer3@gmail.com','2022-12-27 15:32:55',NULL,'Group 1 - System Requirement Specification','\0','Group 1 - System Requirement Specification',314,14,74,2294,204,NULL,NULL,NULL),(1074,'duynvtrainer3@gmail.com','2022-12-27 15:33:34','duynvtrainer3@gmail.com','2022-12-27 15:33:34',NULL,'Group 2 - System Requirement Specification','\0','Group 2 - System Requirement Specification',264,14,74,2304,204,NULL,NULL,NULL),(1084,'duynvtrainer3@gmail.com','2022-12-27 15:33:46','duynvtrainer3@gmail.com','2022-12-27 15:33:46',NULL,'Group 3 - System Requirement Specification','\0','Group 3 - System Requirement Specification',334,14,74,2314,204,NULL,NULL,NULL),(1094,'duynvtrainer3@gmail.com','2022-12-27 15:34:32','duynvtrainer3@gmail.com','2022-12-27 15:34:32',NULL,'Group 1 - System Design Specification','\0','Group 1 - System Design Specification',344,14,74,2294,204,NULL,NULL,NULL),(1104,'duynvtrainer3@gmail.com','2022-12-27 15:34:48','duynvtrainer3@gmail.com','2022-12-27 15:34:48',NULL,'Group 2 - System Design Specification','\0','Group 2 - System Design Specification',274,14,74,2304,204,NULL,NULL,NULL),(1114,'duynvtrainer3@gmail.com','2022-12-27 15:35:00','duynvtrainer3@gmail.com','2022-12-27 15:35:00',NULL,'Group 3 - System Design Specification','\0','Group 3 - System Design Specification',354,14,74,2314,204,NULL,NULL,NULL),(1124,'duynvtrainer3@gmail.com','2022-12-27 15:36:15','duynvtrainer3@gmail.com','2022-12-27 15:36:15',NULL,'Group 1 - User Guide','\0','Group 1 - User Guide',364,14,74,2294,204,NULL,NULL,NULL),(1134,'duynvtrainer3@gmail.com','2022-12-27 15:36:27','duynvtrainer3@gmail.com','2022-12-27 15:36:27',NULL,'Group 2 - User Guide','\0','Group 2 - User Guide',324,14,74,2304,204,NULL,NULL,NULL),(1144,'duynvtrainer3@gmail.com','2022-12-27 15:38:41','duynvtrainer3@gmail.com','2022-12-27 15:38:41',NULL,'Submit code','\0','Submit code',NULL,14,74,NULL,214,NULL,NULL,NULL),(1154,'duynvtrainer3@gmail.com','2022-12-27 15:39:21','duynvtrainer3@gmail.com','2022-12-27 15:39:21',NULL,'Group 1 : Define Major feature','\0','Group 1 : Define Major feature',304,14,74,2324,224,NULL,NULL,NULL),(1164,'duynvtrainer3@gmail.com','2022-12-27 15:39:38','duynvtrainer3@gmail.com','2022-12-27 15:39:38',NULL,'Group 2 : Define Major feature','\0','Group 2 : Define Major feature',254,14,74,2334,224,NULL,NULL,NULL),(1174,'duynvtrainer3@gmail.com','2022-12-27 15:39:50','duynvtrainer3@gmail.com','2022-12-27 15:39:50',NULL,'Group 3: Define Major feature','\0','Group 3 : Define Major feature',294,14,74,2344,224,NULL,NULL,NULL),(1184,'duynvtrainer3@gmail.com','2022-12-27 15:40:09','duynvtrainer3@gmail.com','2022-12-27 15:40:09',NULL,'Group 1 : Draw mockup','\0','Group 1 : Draw mockup',314,14,74,2324,224,NULL,NULL,NULL),(1194,'duynvtrainer3@gmail.com','2022-12-27 15:40:19','duynvtrainer3@gmail.com','2022-12-27 15:40:19',NULL,'Group 2 : Draw mockup','\0','Group 2 : Draw mockup',264,14,74,2334,224,NULL,NULL,NULL),(1204,'duynvtrainer3@gmail.com','2022-12-27 15:40:31','duynvtrainer3@gmail.com','2022-12-27 15:40:31',NULL,'Group 3 : Draw mockup','\0','Group 3 : Draw mockup',334,14,74,2344,224,NULL,NULL,NULL),(1214,'duynvtrainer3@gmail.com','2022-12-27 15:40:52','duynvtrainer3@gmail.com','2022-12-27 15:40:52',NULL,'Group 1 : Database design','\0','Group 1 : Database design',344,14,74,2324,224,NULL,NULL,NULL),(1224,'duynvtrainer3@gmail.com','2022-12-27 15:41:03','duynvtrainer3@gmail.com','2022-12-27 15:41:03',NULL,'Group 2 : Database design','\0','Group 2 : Database design',274,14,74,2334,224,NULL,NULL,NULL),(1234,'duynvtrainer3@gmail.com','2022-12-27 15:41:13','duynvtrainer3@gmail.com','2022-12-27 15:41:13',NULL,'Group 3 : Database design','\0','Group 3 : Database design',354,14,74,2344,224,NULL,NULL,NULL),(1244,'duynvtrainer3@gmail.com','2022-12-27 15:41:43','duynvtrainer3@gmail.com','2022-12-27 15:41:43',NULL,'Group 1 : Write app overview','\0','Group 1 : Write app overview',364,14,74,2324,224,NULL,NULL,NULL),(1254,'duynvtrainer3@gmail.com','2022-12-27 15:41:54','duynvtrainer3@gmail.com','2022-12-27 15:41:54',NULL,'Group 2 : Write app overview','\0','Group 2 : Write app overview',324,14,74,2334,224,NULL,NULL,NULL),(1264,'duynvtrainer3@gmail.com','2022-12-27 15:43:31','duynvtrainer3@gmail.com','2022-12-27 15:43:31','2022-12-27','','\0','Spelling error at page 4',304,14,74,2294,204,1034,NULL,604),(1274,'duynvtrainer3@gmail.com','2022-12-27 15:44:34','duynvtrainer3@gmail.com','2022-12-27 15:44:34','2022-12-27','','\0','Dont know how to write SRS',264,14,74,2304,204,1074,NULL,604),(1284,'duynvtrainer3@gmail.com','2022-12-27 15:45:03','duynvtrainer3@gmail.com','2022-12-27 15:45:03',NULL,'','\0','Bug at line 231',NULL,14,74,NULL,214,NULL,NULL,614),(1294,'duynvtrainer3@gmail.com','2022-12-27 15:45:51','duynvtrainer3@gmail.com','2022-12-27 15:45:51','2022-12-27','','\0','Missing Introduction at Slide',314,14,74,2324,224,1164,NULL,604),(1304,'nhungbt@gmail.com','2022-12-28 01:42:02','nhungbt@gmail.com','2022-12-28 01:42:02','2022-12-29','','\0','nộp lại bài thuyết trình',164,94,64,2264,184,844,NULL,404);
/*!40000 ALTER TABLE `issue_tbl` ENABLE KEYS */;
UNLOCK TABLES;

--
-- Table structure for table `milestone`
--

DROP TABLE IF EXISTS `milestone`;
/*!40101 SET @saved_cs_client     = @@character_set_client */;
/*!40101 SET character_set_client = utf8 */;
CREATE TABLE `milestone` (
  `milestone_id` bigint(20) NOT NULL AUTO_INCREMENT,
  `created_by` varchar(255) DEFAULT NULL,
  `created_date` datetime DEFAULT NULL,
  `modified_by` varchar(255) DEFAULT NULL,
  `modified_date` datetime DEFAULT NULL,
  `from_date` date DEFAULT NULL,
  `status` bit(1) DEFAULT NULL,
  `title` varchar(255) DEFAULT NULL,
  `to_date` date DEFAULT NULL,
  `ass_id` bigint(20) DEFAULT NULL,
  `class_id` bigint(20) DEFAULT NULL,
  `description` text,
  PRIMARY KEY (`milestone_id`),
  UNIQUE KEY `UK_o2ipg0xqpr8mbb3hklwbod09y` (`ass_id`),
  KEY `FKodyoxmk0w776nvo4n66wyudev` (`class_id`),
  CONSTRAINT `FKd7oqvs9p3pey4678iqt66ll1y` FOREIGN KEY (`ass_id`) REFERENCES `assignment` (`ass_id`),
  CONSTRAINT `FKodyoxmk0w776nvo4n66wyudev` FOREIGN KEY (`class_id`) REFERENCES `class` (`class_id`)
) ENGINE=InnoDB AUTO_INCREMENT=235 DEFAULT CHARSET=utf8;
/*!40101 SET character_set_client = @saved_cs_client */;

--
-- Dumping data for table `milestone`
--

LOCK TABLES `milestone` WRITE;
/*!40000 ALTER TABLE `milestone` DISABLE KEYS */;
INSERT INTO `milestone` VALUES (24,'duynvtrainer3@gmail.com','2022-12-05 10:46:53','duynvtrainer3@gmail.com','2022-12-15 10:27:52','2022-12-05',NULL,' List all possible functions for the software','2022-12-08',384,14,'Constantly follow announcements on intranet/CMS at http://cms.fpt.edu.vn'),(34,'duynvtrainer3@gmail.com','2022-12-05 10:48:22','duynvtrainer3@gmail.com','2022-12-15 06:22:08','2022-12-09','','Screen Design, Screen Definition, UC Diagram','2022-12-16',394,14,'Follow the template as sample use case document'),(44,'duynvtrainer3@gmail.com','2022-12-05 10:49:55','duynvtrainer3@gmail.com','2022-12-09 14:24:18','2022-12-15','','Develop a business process 1','2022-12-31',404,14,'Use Astah Professsional for build diagram'),(54,'duynvtrainer3@gmail.com','2022-12-05 10:52:05','duynvtrainer3@gmail.com','2022-12-09 14:48:38','2023-01-01','','Develop specification','2023-01-07',414,14,'At least 10 UCs of the system mentioned in Vision and Scope document'),(84,'viettrainer@gmail.com','2022-12-10 17:29:29','viettrainer@gmail.com','2022-12-10 17:58:59','2022-12-11','','Lab 1: Unit testing','2022-12-31',454,44,'Milestone 1: Unit testing'),(94,'viettrainer@gmail.com','2022-12-10 17:30:07','viettrainer@gmail.com','2022-12-23 11:05:13','2022-12-11',NULL,'Lab 2: Preparing & writing test cases','2023-01-07',464,44,'Milestone 2: Preparing & writing test cases'),(104,'viettrainer@gmail.com','2022-12-10 17:30:27','viettrainer@gmail.com','2022-12-24 17:10:40','2022-12-11','','Lab 3: Automation testing','2023-01-07',474,44,'Milestone 3: Automation testing'),(114,'viettrainer@gmail.com','2022-12-10 17:30:42','viettrainer@gmail.com','2022-12-10 17:30:42','2022-12-11','\0','Lab 4: Performing test reports','2023-01-07',484,44,'Milestone 4: Performing test reports'),(124,'viettrainer@gmail.com','2022-12-10 17:30:54','viettrainer@gmail.com','2022-12-10 17:30:54','2022-12-11','\0','Presentation','2023-01-07',494,44,'Presentation'),(134,'viettrainer@gmail.com','2022-12-10 17:31:02','viettrainer@gmail.com','2022-12-24 16:55:55','2022-12-11',NULL,'Final Report','2023-01-07',504,44,'Final Report'),(144,'duynvtrainer3@gmail.com','2022-12-15 11:05:22','duynvtrainer3@gmail.com','2022-12-15 11:05:22','2022-12-15','\0','Complete SRS detail','2022-12-17',514,14,'Complete SRS detail'),(154,'viettrainer@gmail.com','2022-12-21 08:27:04','viettrainer@gmail.com','2022-12-21 08:27:04','2022-12-21','\0','Prepare to write introduction','2022-12-21',524,24,'Prepare to write introduction'),(164,'viettrainer@gmail.com','2022-12-24 15:13:43','viettrainer@gmail.com','2022-12-28 01:59:42','2022-12-24',NULL,'Workshop 2','2023-01-04',534,64,'Submit an Report'),(174,'viettrainer@gmail.com','2022-12-24 15:13:57','viettrainer@gmail.com','2022-12-24 16:57:51','2022-12-24','','Workshop 1','2023-01-04',544,64,'Progress Test 1 2 3'),(184,'viettrainer@gmail.com','2022-12-24 15:14:12','viettrainer@gmail.com','2022-12-24 19:43:24','2022-12-24','','Group Assignment presentation','2023-01-04',554,64,'Presentation'),(194,'viettrainer@gmail.com','2022-12-24 15:14:19','viettrainer@gmail.com','2022-12-27 23:42:31','2022-12-24','','Group Assignment coding','2023-01-04',564,64,'Final exam'),(204,'duynvtrainer3@gmail.com','2022-12-27 14:53:35','duynvtrainer3@gmail.com','2022-12-27 15:27:20','2022-12-27','','Welcome to Object-Oriented','2022-12-31',574,74,'Welcome to Object-Oriented'),(214,'duynvtrainer3@gmail.com','2022-12-27 14:54:08','duynvtrainer3@gmail.com','2022-12-27 15:27:25','2022-12-27','','Basic Java language','2022-12-31',584,74,'Basic Java language'),(224,'duynvtrainer3@gmail.com','2022-12-27 14:54:38','duynvtrainer3@gmail.com','2022-12-27 15:28:31','2022-12-27','','Abstract class - Interface','2022-12-31',594,74,'Abstract class - Interface'),(234,'duynvtrainer3@gmail.com','2022-12-27 14:54:46','duynvtrainer3@gmail.com','2022-12-27 14:54:46','2022-12-27','\0','Collections in Java','2022-12-31',604,74,'Collections in Java');
/*!40000 ALTER TABLE `milestone` ENABLE KEYS */;
UNLOCK TABLES;

--
-- Table structure for table `milestone_eval`
--

DROP TABLE IF EXISTS `milestone_eval`;
/*!40101 SET @saved_cs_client     = @@character_set_client */;
/*!40101 SET character_set_client = utf8 */;
CREATE TABLE `milestone_eval` (
  `milestone_eval_id` bigint(20) NOT NULL AUTO_INCREMENT,
  `created_by` varchar(255) DEFAULT NULL,
  `created_date` datetime DEFAULT NULL,
  `modified_by` varchar(255) DEFAULT NULL,
  `modified_date` datetime DEFAULT NULL,
  `bonus` double DEFAULT NULL,
  `comment` varchar(255) DEFAULT NULL,
  `grade` double DEFAULT NULL,
  `class_id` bigint(20) DEFAULT NULL,
  `user_id` bigint(20) DEFAULT NULL,
  `milestone_id` bigint(20) DEFAULT NULL,
  `submit_id` bigint(20) DEFAULT NULL,
  PRIMARY KEY (`milestone_eval_id`),
  KEY `FKn1i0gxtpp4qppo3yt18o7407n` (`class_id`,`user_id`),
  KEY `FK3qfo7kwdlq8gayhahp6yjjvr3` (`milestone_id`),
  KEY `FKrnfy6xs6bm3eliar6ie4t8bds` (`submit_id`),
  CONSTRAINT `FK3qfo7kwdlq8gayhahp6yjjvr3` FOREIGN KEY (`milestone_id`) REFERENCES `milestone` (`milestone_id`),
  CONSTRAINT `FKn1i0gxtpp4qppo3yt18o7407n` FOREIGN KEY (`class_id`, `user_id`) REFERENCES `class_user` (`class_id`, `user_id`),
  CONSTRAINT `FKrnfy6xs6bm3eliar6ie4t8bds` FOREIGN KEY (`submit_id`) REFERENCES `submit_tbl` (`submit_id`)
) ENGINE=InnoDB AUTO_INCREMENT=1355 DEFAULT CHARSET=utf8;
/*!40101 SET character_set_client = @saved_cs_client */;

--
-- Dumping data for table `milestone_eval`
--

LOCK TABLES `milestone_eval` WRITE;
/*!40000 ALTER TABLE `milestone_eval` DISABLE KEYS */;
INSERT INTO `milestone_eval` VALUES (684,'viettrainer@gmail.com','2022-12-14 10:03:29','viettrainer@gmail.com','2022-12-14 10:03:29',NULL,'good',7.1,NULL,NULL,94,3474),(694,'viettrainer@gmail.com','2022-12-14 10:21:54','viettrainer@gmail.com','2022-12-24 18:58:23',1,'good',7.9,44,64,94,3534),(704,'duynvtrainer3@gmail.com','2022-12-15 06:20:16','duynvtrainer3@gmail.com','2022-12-21 15:03:32',NULL,NULL,NULL,14,274,24,604),(714,'duynvtrainer3@gmail.com','2022-12-15 06:20:16','duynvtrainer3@gmail.com','2022-12-15 06:20:16',NULL,NULL,0,14,274,34,714),(724,'duynvtrainer3@gmail.com','2022-12-15 06:20:16','duynvtrainer3@gmail.com','2022-12-15 06:20:16',NULL,NULL,0,14,274,44,824),(734,'duynvtrainer3@gmail.com','2022-12-15 06:20:16','duynvtrainer3@gmail.com','2022-12-15 06:20:16',NULL,NULL,0,14,274,54,934),(744,'viettrainer@gmail.com','2022-12-15 10:22:51','viettrainer@gmail.com','2022-12-25 02:49:29',2,'good',10,44,84,94,2864),(754,'duynvtrainer3@gmail.com','2022-12-15 10:38:04','duynvtrainer3@gmail.com','2022-12-21 15:03:32',NULL,NULL,NULL,14,294,24,614),(764,'duynvtrainer3@gmail.com','2022-12-15 10:38:04','duynvtrainer3@gmail.com','2022-12-15 10:38:04',NULL,NULL,0,14,294,34,724),(774,'duynvtrainer3@gmail.com','2022-12-15 10:38:04','duynvtrainer3@gmail.com','2022-12-15 10:38:04',NULL,NULL,0,14,294,44,834),(784,'duynvtrainer3@gmail.com','2022-12-15 10:38:04','duynvtrainer3@gmail.com','2022-12-15 10:38:04',NULL,NULL,0,14,294,54,944),(794,'davm3@gmail.com','2022-12-20 15:05:20','davm3@gmail.com','2022-12-20 15:05:20',0,NULL,1,14,344,44,884),(804,'duynvtrainer3@gmail.com','2022-12-20 15:07:48','duynvtrainer3@gmail.com','2022-12-23 11:06:38',0,NULL,1.6030000000000002,14,344,24,664),(814,'duynvtrainer3@gmail.com','2022-12-21 15:05:03','duynvtrainer3@gmail.com','2022-12-21 15:05:03',NULL,NULL,0,14,344,34,774),(824,'duynvtrainer3@gmail.com','2022-12-21 15:05:03','duynvtrainer3@gmail.com','2022-12-21 15:05:03',NULL,NULL,0,14,344,54,994),(834,'duynvtrainer3@gmail.com','2022-12-21 15:05:03','duynvtrainer3@gmail.com','2022-12-21 15:05:03',NULL,NULL,0,14,344,144,4574),(844,'viettrainer@gmail.com','2022-12-22 04:09:18','viettrainer@gmail.com','2022-12-22 04:09:18',0,NULL,0,44,124,84,3034),(854,'viettrainer@gmail.com','2022-12-22 04:34:42','viettrainer@gmail.com','2022-12-22 04:34:42',NULL,'good',7.25,NULL,NULL,94,3444),(864,'viettrainer@gmail.com','2022-12-22 04:37:39','viettrainer@gmail.com','2022-12-24 18:58:23',NULL,NULL,7.25,44,124,94,3484),(874,'viettrainer@gmail.com','2022-12-22 04:37:39','viettrainer@gmail.com','2022-12-24 18:58:23',NULL,NULL,7.25,44,134,94,3104),(884,'viettrainer@gmail.com','2022-12-22 04:37:39','viettrainer@gmail.com','2022-12-24 18:58:23',NULL,NULL,7.25,44,164,94,3284),(894,'viettrainer@gmail.com','2022-12-22 04:40:17','viettrainer@gmail.com','2022-12-22 04:40:17',NULL,'good',7.6,NULL,NULL,94,3464),(904,'viettrainer@gmail.com','2022-12-22 04:40:35','viettrainer@gmail.com','2022-12-24 18:58:23',NULL,NULL,7.6,44,74,94,3544),(914,'viettrainer@gmail.com','2022-12-22 04:40:35','viettrainer@gmail.com','2022-12-24 18:58:23',NULL,NULL,7.6,44,154,94,3224),(924,'viettrainer@gmail.com','2022-12-24 16:22:46','viettrainer@gmail.com','2022-12-27 14:22:08',1,'very good',9.8,64,84,164,4984),(934,'viettrainer@gmail.com','2022-12-24 16:23:07','viettrainer@gmail.com','2022-12-27 14:22:08',0,'not bad',8.15,64,134,164,5184),(944,'viettrainer@gmail.com','2022-12-24 16:23:26','viettrainer@gmail.com','2022-12-27 14:22:08',1,'good job',7.5,64,144,164,5224),(954,'viettrainer@gmail.com','2022-12-24 16:24:33','viettrainer@gmail.com','2022-12-28 02:01:41',0,'not bad',8.2,64,64,164,4904),(964,'viettrainer@gmail.com','2022-12-24 16:24:48','viettrainer@gmail.com','2022-12-27 14:22:08',0.5,'good',8,64,94,164,5024),(974,'viettrainer@gmail.com','2022-12-24 16:25:33','viettrainer@gmail.com','2022-12-27 14:22:08',0,'try harder',7.55,64,104,164,5064),(984,'viettrainer@gmail.com','2022-12-24 16:25:56','viettrainer@gmail.com','2022-12-27 14:22:08',0,'bad',5.6,64,164,164,5304),(994,'viettrainer@gmail.com','2022-12-24 16:27:00','viettrainer@gmail.com','2022-12-27 14:22:08',-0.5,'spelling mistake',5.699999999999999,64,74,164,4944),(1004,'viettrainer@gmail.com','2022-12-24 16:27:24','viettrainer@gmail.com','2022-12-27 14:22:08',0,'not bad',8,64,114,164,5104),(1014,'viettrainer@gmail.com','2022-12-24 16:27:31','viettrainer@gmail.com','2022-12-27 14:22:08',-2,'terribal',4.2,64,124,164,5144),(1024,'viettrainer@gmail.com','2022-12-24 16:27:45','viettrainer@gmail.com','2022-12-27 14:22:08',0,'good',8.8,64,154,164,5264),(1034,'viettrainer@gmail.com','2022-12-24 16:32:34','viettrainer@gmail.com','2022-12-27 14:22:08',NULL,'good',4.8,NULL,NULL,164,5344),(1044,'viettrainer@gmail.com','2022-12-24 16:45:56','viettrainer@gmail.com','2022-12-27 14:22:08',NULL,'good',4.5,NULL,NULL,164,5354),(1054,'viettrainer@gmail.com','2022-12-24 16:47:54','viettrainer@gmail.com','2022-12-24 16:47:54',NULL,'good',7,NULL,NULL,134,4874),(1064,'viettrainer@gmail.com','2022-12-24 16:49:11','viettrainer@gmail.com','2022-12-25 01:38:58',-0.5,'good',6.9,44,104,134,3024),(1074,'viettrainer@gmail.com','2022-12-24 16:51:52','viettrainer@gmail.com','2022-12-27 14:22:08',NULL,'good',4.77,NULL,NULL,164,5364),(1084,'viettrainer@gmail.com','2022-12-24 16:55:07','viettrainer@gmail.com','2022-12-25 01:52:04',0,'good',7.200000000000001,44,124,134,3084),(1094,'viettrainer@gmail.com','2022-12-24 17:11:21','viettrainer@gmail.com','2022-12-24 17:13:03',NULL,'ok',7.5,NULL,NULL,104,3684),(1104,'viettrainer@gmail.com','2022-12-24 17:16:36','viettrainer@gmail.com','2022-12-24 17:17:41',0,'ok',9.2,44,94,104,2934),(1114,'viettrainer@gmail.com','2022-12-24 17:17:54','viettrainer@gmail.com','2022-12-24 17:34:59',NULL,'ok',8,NULL,NULL,104,3694),(1124,'viettrainer@gmail.com','2022-12-24 17:35:47','viettrainer@gmail.com','2022-12-24 17:35:47',NULL,NULL,0.8,44,114,104,2694),(1134,'viettrainer@gmail.com','2022-12-24 17:35:47','viettrainer@gmail.com','2022-12-24 17:35:47',NULL,NULL,0.8,44,124,104,3054),(1144,'viettrainer@gmail.com','2022-12-24 18:20:14','viettrainer@gmail.com','2022-12-27 14:03:13',0.25,'good',8.05,64,64,174,4914),(1154,'viettrainer@gmail.com','2022-12-24 18:20:43','viettrainer@gmail.com','2022-12-27 14:03:13',0.5,'good',8.75,64,74,174,4954),(1164,'viettrainer@gmail.com','2022-12-24 18:21:06','viettrainer@gmail.com','2022-12-27 14:03:13',0,'very good',8.4,64,84,174,4994),(1174,'viettrainer@gmail.com','2022-12-24 18:21:33','viettrainer@gmail.com','2022-12-27 14:03:13',0,'bad',5.75,64,94,174,5034),(1184,'viettrainer@gmail.com','2022-12-24 18:21:59','viettrainer@gmail.com','2022-12-27 14:03:13',0,'not bad',7.050000000000001,64,104,174,5074),(1194,'viettrainer@gmail.com','2022-12-24 18:22:23','viettrainer@gmail.com','2022-12-27 14:03:13',0,'good',7.95,64,114,174,5114),(1204,'viettrainer@gmail.com','2022-12-24 18:22:51','viettrainer@gmail.com','2022-12-27 14:03:13',0,'good',8.5,64,124,174,5154),(1214,'viettrainer@gmail.com','2022-12-24 18:23:08','viettrainer@gmail.com','2022-12-27 14:03:13',0,'bad',5.6,64,134,174,5194),(1224,'viettrainer@gmail.com','2022-12-24 18:23:26','viettrainer@gmail.com','2022-12-27 14:03:13',0,'not bad',7.050000000000001,64,144,174,5234),(1234,'viettrainer@gmail.com','2022-12-24 18:23:43','viettrainer@gmail.com','2022-12-27 14:03:13',0,'good',6.289999999999999,64,154,174,5274),(1244,'viettrainer@gmail.com','2022-12-24 18:24:02','viettrainer@gmail.com','2022-12-27 14:03:13',0,'good',8.8,64,164,174,5314),(1254,'viettrainer@gmail.com','2022-12-24 18:41:21','viettrainer@gmail.com','2022-12-24 18:41:21',NULL,NULL,0,44,124,114,4314),(1264,'viettrainer@gmail.com','2022-12-24 18:41:21','viettrainer@gmail.com','2022-12-24 18:41:21',NULL,NULL,0,44,124,124,3074),(1274,'viettrainer@gmail.com','2022-12-28 01:35:59','viettrainer@gmail.com','2022-12-28 01:57:11',1,'good',9.8,64,64,184,4924),(1284,'viettrainer@gmail.com','2022-12-28 01:36:14','viettrainer@gmail.com','2022-12-28 01:56:12',0,NULL,8.8,64,94,184,5044),(1294,'viettrainer@gmail.com','2022-12-28 01:36:27','viettrainer@gmail.com','2022-12-28 01:56:12',0,NULL,7.04,64,104,184,5084),(1304,'viettrainer@gmail.com','2022-12-28 01:51:55','viettrainer@gmail.com','2022-12-28 01:51:55',0,NULL,3.14,64,64,194,4934),(1314,'viettrainer@gmail.com','2022-12-28 01:52:02','viettrainer@gmail.com','2022-12-28 01:52:02',0,NULL,3.5,64,94,194,5054),(1324,'viettrainer@gmail.com','2022-12-28 01:53:31','viettrainer@gmail.com','2022-12-28 01:53:31',0,NULL,3.14,64,164,194,5334),(1334,'viettrainer@gmail.com','2022-12-28 01:53:39','viettrainer@gmail.com','2022-12-28 01:53:39',0,NULL,4,64,104,194,5094),(1344,'viettrainer@gmail.com','2022-12-28 01:55:34','viettrainer@gmail.com','2022-12-28 01:55:34',NULL,'good',8,NULL,NULL,184,5374),(1354,'viettrainer@gmail.com','2022-12-28 01:56:12','viettrainer@gmail.com','2022-12-28 01:56:12',NULL,NULL,4.8,64,164,184,5324);
/*!40000 ALTER TABLE `milestone_eval` ENABLE KEYS */;
UNLOCK TABLES;

--
-- Table structure for table `permission`
--

DROP TABLE IF EXISTS `permission`;
/*!40101 SET @saved_cs_client     = @@character_set_client */;
/*!40101 SET character_set_client = utf8 */;
CREATE TABLE `permission` (
  `role_id` bigint(20) NOT NULL,
  `screen_id` bigint(20) NOT NULL,
  `can_add` bit(1) DEFAULT NULL,
  `can_delete` bit(1) DEFAULT NULL,
  `can_edit` bit(1) DEFAULT NULL,
  `get_all_data` bit(1) DEFAULT NULL,
  PRIMARY KEY (`role_id`,`screen_id`),
  KEY `FKq08sawwu420t1x8w1d9ri9nyq` (`screen_id`),
  CONSTRAINT `FKn3pl49a555fbcdhl5nhbdtfo7` FOREIGN KEY (`role_id`) REFERENCES `setting` (`setting_id`),
  CONSTRAINT `FKq08sawwu420t1x8w1d9ri9nyq` FOREIGN KEY (`screen_id`) REFERENCES `setting` (`setting_id`)
) ENGINE=InnoDB DEFAULT CHARSET=utf8;
/*!40101 SET character_set_client = @saved_cs_client */;

--
-- Dumping data for table `permission`
--

LOCK TABLES `permission` WRITE;
/*!40000 ALTER TABLE `permission` DISABLE KEYS */;
/*!40000 ALTER TABLE `permission` ENABLE KEYS */;
UNLOCK TABLES;

--
-- Table structure for table `post_tbl`
--

DROP TABLE IF EXISTS `post_tbl`;
/*!40101 SET @saved_cs_client     = @@character_set_client */;
/*!40101 SET character_set_client = utf8 */;
CREATE TABLE `post_tbl` (
  `post_id` bigint(20) NOT NULL AUTO_INCREMENT,
  `created_by` varchar(255) DEFAULT NULL,
  `created_date` datetime DEFAULT NULL,
  `modified_by` varchar(255) DEFAULT NULL,
  `modified_date` datetime DEFAULT NULL,
  `content` text,
  `excerpt` text,
  `post_title` text,
  `status` varchar(255) DEFAULT NULL,
  `thumbnail_url` varchar(255) DEFAULT NULL,
  `view_count` bigint(20) DEFAULT NULL,
  `author_id` bigint(20) DEFAULT NULL,
  `category_id` bigint(20) DEFAULT NULL,
  PRIMARY KEY (`post_id`),
  KEY `FK1aupxx51q6e71uw2obr34smp0` (`author_id`),
  KEY `FKeq8da61pjbb0ntvaohiqk7sb2` (`category_id`),
  CONSTRAINT `FK1aupxx51q6e71uw2obr34smp0` FOREIGN KEY (`author_id`) REFERENCES `user` (`user_id`),
  CONSTRAINT `FKeq8da61pjbb0ntvaohiqk7sb2` FOREIGN KEY (`category_id`) REFERENCES `setting` (`setting_id`)
) ENGINE=InnoDB AUTO_INCREMENT=175 DEFAULT CHARSET=utf8;
/*!40101 SET character_set_client = @saved_cs_client */;

--
-- Dumping data for table `post_tbl`
--

LOCK TABLES `post_tbl` WRITE;
/*!40000 ALTER TABLE `post_tbl` DISABLE KEYS */;
INSERT INTO `post_tbl` VALUES (4,'viettrainer@gmail.com','2022-12-04 19:10:27','anonymousUser','2022-12-05 05:42:14','<p>Theo khảo sát ITviec, các vị trí liên quan Game và Management - Consulting đem lạị thu nhập cao hơn, Game Developer làm việc hơn 5 năm có thể nhận hơn 30 triệu đồng mỗi tháng.</p><p>ITviec vừa công bố <a href=\"https://itviec.com/blog/bao-cao-luong-it?utm_source=salary-research-2022&amp;utm_medium=pr-articles&amp;utm_campaign=vnexpress&amp;utm_content=nov2022-vn\">báo cáo</a> \"Mức lương và mong đợi nghề nghiệp của chuyên gia IT 2022-2023\" với sự tham gia của 1.257 nhân sự ngành công nghệ thông tin (IT) tại Việt Nam (16/8 đến 9/9). Tất cả vị trí trong khảo sát có kinh nghiệm trải dài từ dưới một năm đến hơn 8 năm, mức thu nhập hàng tháng từ 10 triệu đồng trở lên.</p><p>Đại diện ITviec cho biết, con số này cao hơn thu nhập bình quân tháng của người lao động Việt Nam trong quý III/2022 là 6,7 triệu đồng mỗi tháng theo số liệu từ Tổng cục Thống kê. Có thể thấy, IT vẫn là một trong những ngành nghề hấp dẫn nhất hiện nay vì có mức thu nhập ổn định, thu hút sự quan tâm từ người lao động Việt Nam.</p><p>Theo khảo sát này, các vị trí liên quan đến Game và Management - Consulting đem lại mức thu nhập cao hơn các vị trí khác. Nhân viên Game Developer chưa đầy một năm kinh nghiệm có thể đạt mức thu nhập 19 triệu đồng mỗi tháng. Mức thu nhập cho vị trí này cũng tăng đều theo số năm kinh nghiệm trong ngành. Game Developer đã làm việc hơn 5 năm có thể được trả lương hơn 30 triệu đồng mỗi tháng.</p><p>Đáng chú ý, Quản lý dự án (Project Manager hoặc Project Leader) là một trong những vị trí đem lại mức lương cao so với mặt bằng chung. Một Quản lý dự án chưa đầy một năm kinh nghiệm có thể nhận mức lương 19,5 triệu đồng mỗi tháng, trong khi các vị trí còn lại chỉ đem lại thu nhập 11-13 triệu đồng. Từ 5 đến 8 năm kinh nghiệm, vị trí Quản lý dự án cũng được trả mức lương lên đến 44,5 triệu đồng một tháng.</p><p>Ngoài vị trí, một yếu tố quan trọng khác quyết định mức lương trong ngành IT là ngôn ngữ lập trình của các chuyên gia. Theo kết quả từ báo cáo của ITviec, SWIFT là một trong những kỹ năng đem lại mức thu nhập tốt cho nhân sự ngành IT. Một chuyên gia với 7 năm kinh nghiệm và sử dụng thành thạo ngôn ngữ lập trình SWIFT có khả năng đạt mức thu nhập lên đến 50 triệu đồng một tháng. Ngôn ngữ lập trình này có mặt từ năm 2014, dùng để phát triển iOS và OS X.</p>','Theo khảo sát ITviec, các vị trí liên quan Game và Management - Consulting đem lạị thu nhập cao hơn, Game Developer làm việc hơn 5 năm có thể nhận hơn 30 triệu đồng mỗi tháng.','Nghề IT có mức lương cao nhất?','1','https://lms-thumbnail-g23.s3.ap-southeast-1.amazonaws.com/nguyenquocviet_388fc159-7af3-4315-a55b-d5159e31795b',6,174,794),(14,'viettrainer@gmail.com','2022-12-04 19:14:45','anonymousUser','2022-12-04 20:28:39','<p>Trước tiên chúng ta sẽ cùng tìm hiểu các tố chất cần có nếu muốn theo <strong>học ngành công nghệ thông tin</strong>. Những tố chất khi bạn cần có đó là:</p><ul><li>Tính cẩn thận: Học nghề công nghệ thông tin đòi hỏi tính cẩn thận tuyệt đối bởi chỉ cần sai sót 1 chút trong mã lệnh lập trình, hay đơn giản hơn là chỉ cần 1 lỗi nhỏ xảy ra cũng sẽ ảnh hưởng lớn đến cả hệ thống.</li><li>Tính kiên trì: Làm việc trong ngành này phải đối mặt thường xuyên với những bài toán khó. Kiên trì và nhẫn nại luôn là “kim chỉ nam” đối với người làm IT.</li><li>Khả năng tự học và tìm tòi: Học nghề công nghệ thông tin được cập nhật và thay đổi liên tục. Vì thế nếu bạn là người chủ động, luôn cố gắng nâng cao khả năng tự học và tìm tòi thì mới không bị tụt hậu.</li><li>Khả năng ngoại ngữ: Nếu là người không giỏi ngoại ngữ thì bạn cần đầu tư vào học tiếng Anh ngay bây giờ. Bởi công nghệ thông tin mang tính toàn cầu và muốn đọc hiểu được tài liệu liên quan thì học tiếng Anh rất quan trọng.</li><li>Khả năng làm việc nhóm: Làm việc nhóm hiệu quả giúp bạn giải quyết những công việc rắc rối tốt nhất. Kỹ năng làm việc nhóm là một trong những tố chất rất quan trọng.</li><li>Đam mê với công nghệ thông tin: Đây là tố chất quan trọng nhất bạn cần có khi học ngành công nghệ thông tin. Nếu không có niềm đam mê bạn sẽ không thể sống và làm việc cùng với ngành lâu dài.</li></ul><p>​Vì vậy, khi bạn xác định <strong>học ngành công nghệ thông tin</strong> là mục tiêu theo đuổi của cuộc đời mình. Ngay từ hôm nay bạn hãy trau dồi, học hỏi những yếu tố cần thiết trên để có một hành trang vững chắc trước khi đi làm.</p>','Trước tiên chúng ta sẽ cùng tìm hiểu các tố chất cần có nếu muốn theo học ngành công nghệ thông tin. Những tố chất khi bạn cần có','Học ngành công nghệ thông tin cần có những tố chất gì?','1','https://lms-thumbnail-g23.s3.ap-southeast-1.amazonaws.com/nguyenquocviet_308153e2-f205-43a2-88ef-64a8234be962',4,174,794),(24,'viettrainer@gmail.com','2022-12-04 19:24:40','viettrainer@gmail.com','2022-12-04 20:27:58','<p>Ngay từ khi mới là tân sinh viên, Hoàn đã là một sinh viên nổi bật trong học tập và hoạt động phong trào tại trường với hàng loạt thành tích, giải thưởng như: Top 5 sinh viên xuất sắc nhất khối ngành học kỳ Summer 2021, Quán quân Cóc Tài Tử FPTU 2020, Giải phụ cuộc thi nghiên cứu khoa học REFERS 2020; Quán quân Hult Prize on campus of FPT University,…</p><p>Cơ duyên đến với Đại học FPT của Hoàn khá đặc biệt vì Hoàn là du học sinh Mỹ trở về Việt Nam. Hoàn chia sẻ quyết định lựa chọn Đại học FPT để phát triển bản thân vì nơi đây là môi trường đào tạo theo hướng quốc tế, chất lượng từ giáo trình cho đến phương pháp giảng dạy của giảng viên. Chương trình học chú trọng thực hành, chú trọng ngoại ngữ,…giúp SV trau dồi được kỹ năng mềm cũng như rèn luyện khả năng tư duy.</p><p>Là người hướng nội nhưng anh chàng này lại lựa chọn theo học ngành Truyền thông đa phương tiện – một lĩnh vực đòi hỏi sự sáng tạo, giao lưu mỗi ngày, đây thực sự là một quyết định táo bạo. Với nhiệt huyết tuổi trẻ, Hoàn luôn cố gắng rèn luyện để mở ra một nhân sinh quan rộng mở hơn, dễ dàng thích ứng với môi trường&nbsp;mới, con người mới. Trở nên đa dạng không đồng nghĩa anh chàng &nbsp;sẽ đánh&nbsp; mất&nbsp; đi cái chất riêng của mình, bản thân sẽ giữ cho mình một không gian và thời gian riêng. Như vậy, sự đa cảm của người hướng nội và sự quyết đoán của người hướng ngoại luôn được trung hòa trong con người mình và tạo&nbsp; ra một lợi thế to lớn trong tiếp cận và xây dựng mối quan hệ tốt đẹp.</p><p>Hoàn chia sẻ đời sống sinh viên tại ngôi trường màu cam này có nhiều kỷ niệm đẹp đẽ với cậu. Một trong những kỷ niệm vui nhất đó chính là có cơ hội tham dự các cuộc thi do trường tổ chức và cùng với nhóm đi đến các thành phố khác dự thi. Đặc biệt, may mắn và tự hào hơn khi những lần cậu được đại diện trường tham dự các cuộc thi ở nước ngoài, được gặp gỡ và giao lưu với bạn bè quốc tế.</p><p>Được biết, Hoàn là tác giả của hai bài báo được đăng trên tạp chí khoa học quốc tế Journal of higher education theory and practice (in Scopus) và Southeast Asian Media Studies Association, hơn hết người truyền động lực cho Hoàn không ai khác chính là giảng viên Nguyễn Quốc Thuỵ Phương. Thời gian đầu, cậu gặp rất nhiều khó khăn, tuy nhiên nhờ nỗ lực cố gắng cũng như sự giúp đỡ từ giảng viên và bạn bè, Hoàn đã tìm được đam mê của bản thân với nghiên cứu khoa học. Hoàn cho hay, khi đắm chìm vào nghiên cứu khoa học, cậu mới biết việc rèn luyện thực hiện một bài nghiên cứu giúp ích rất nhiều trong cơ sở lý luận của bản thân cũng như tư duy phản biện giàu sự logic hơn. Cùng từ đó giúp cho những ý tưởng của bản thân có nền tảng chặt chẽ và tính thực tiễn cao hơn.</p><p>Hoàn cho hay, sinh viên ĐH FPT rất có lợi thế trong lĩnh vực nghiên cứu khoa học, bởi vì các bạn được trang bị Tiếng Anh thành thạo bên cạnh ngoại ngữ 2 (tiếng Nhật hoặc tiếng Trung). Đây chính là chìa khóa để khai thác và tìm kiếm các tài liệu, nguồn tham khảo uy tín trong quá trình viết các bài nghiên cứu khoa học.</p><p>Vừa qua, Hoàn chính thức tốt nghiệp loại Giỏi sau 4 năm gắn bó tại Đại học FPT với danh hiệu Thủ khoa khóa luận tốt nghiệp Summer 2022, sinh viên có thành tích học tập và hoạt động phong trào xuất sắc. Nhìn lại chặng đường 4 năm đã qua, Hoàn trải lòng: ‘Trong suốt thời gian qua, mình không ngừng cố gắng học tập và phát triển bản thân mỗi ngày. Về mặt kiến thức chuyên ngành mình nhận thấy mình học được rất nhiều kiến thức, rèn luyện được các kỹ năng, không chỉ dừng lại ở đó mình còn có cơ hội tiếp thu các kiến thức khác về dữ liệu, công nghệ thông tin, kinh tế qua các buổi dự thính. Đặc biệt, mình cảm thấy rất may mắn khi được học tập trong môi trường năng động, nhiều cuộc thi như ĐH FPT, từ đó giúp mình học được rất nhiều kiến thức bổ ích, cũng như gặp gỡ được nhiều người tài giỏi hơn, các doanh nghiệp lớn hiện nay”.</p><p>Sau khi tốt nghiệp, chàng cựu sinh viên trường F sẽ sang Đài Loan du học với học bổng Thạc sĩ. Cậu vẫn sẽ tiếp tục theo đuổi đam mê với lĩnh vực Truyền thông, Hoàn cho rằng: “Truyền thông&nbsp;tuy gắn liền với từ khóa năng động nhưng&nbsp;đôi khi cũng cần sự điềm&nbsp;đạm, tinh tế, suy nghĩ logic của một nhà quản trị khi ở vị thế là một người đưa ra chiến&nbsp; lược truyền&nbsp; thông cho&nbsp;những chiến dịch lớn. Vì vậy với&nbsp;Hoàn tuy&nbsp;bản thân không&nbsp;quá năng động hay quá&nbsp; sáng tạo&nbsp; trong&nbsp; mảng truyền thông&nbsp; nhưng &nbsp;cậu sẽ trau dồi&nbsp; để ứng&nbsp; dụng&nbsp; tốt&nbsp; để có&nbsp; thể làm tốt ở những khía cạnh khác trong&nbsp; ngành. Hoàn tin tưởng rằng mỗi điểm yếu đều chứa đựng một nguồn sức mạnh bên trong nó. Chính vì thế cậu vẫn sẽ theo đuổi con đường này hết mình.</p><p>Khi được hỏi cậu dự định trở thành giảng viên tại Đại học FPT sau khi kết thúc chương trình học ở Đài Loan hay không, Hoàn chia sẻ: “Trong cuộc sống, không thể chắc chắn được điều gì vì còn phụ thuộc vào nhiều yếu tố. Mình cảm thấy Đại học FPT là một môi trường rất tốt. Đối với bản thân mình, việc quay trở lại nơi mình đã từng học tập với một vai trò mới thật sự là một trải nghiệm rất thú vị và đáng thử. Chính vì thế, mình vẫn sẽ nuôi ước mơ quay lại nơi đây, cũng coi nó như là một mục tiêu để mình cố gắng”.</p><p>Văn Hoàn cũng không quên chia sẻ lời khuyên đến với các bạn sinh viên có cùng đam mê nghiên cứu khoa học như anh chàng: “Luôn giữ lửa với nghiên cứu khoa học, vì đây là một việc không hề dễ và đòi&nbsp; hỏi rất nhiều thời gian để tìm hiểu, nghiên cứu và tìm ra lối đi cho&nbsp; mình. Tuy nhiên, khi các bạn làm việc với nghiên cứu khoa học một thời gian dài, các bạn sẽ nhận ra được giá trị to lớn mà nó mang lại cho các bạn trong tư duy lập luận của mình. Cậu bạn nhắn nhủ: “Là những sinh viên trẻ, các bạn đừng bao giờ ngại đi, ngại học hỏi, ngại làm cho dù làm sai đi chăng nữa, nó sẽ luôn tạo ra một điều tốt đẹp hơn sau tất cả”.</p>','Hoàng Văn Hoàn vừa tốt nghiệp vào tuần qua tại ĐH FPT TP.HCM với danh hiệu Thủ khoa khối ngành Quản trị kinh doanh. Chàng trai đam mê nghiên cứu khoa học này còn sở hữu nhiều thành tích nổi bật được cậu “sưu tập” trong chặng đường 4 năm học tập dưới trường F. Cùng lắng nghe câu chuyện của Hoàn dưới','Gặp gỡ Hoàng Văn Hoàn – chàng SV Truyền thông mê nghiên cứu khoa học','1','https://lms-thumbnail-g23.s3.ap-southeast-1.amazonaws.com/nguyenquocviet_981d37cc-a332-4da2-a345-ee5687e9f385',2,174,804),(34,'viettrainer@gmail.com','2022-12-04 19:26:53','viettrainer@gmail.com','2022-12-04 20:27:30','<p>“FPT Edu Khơi nguồn võ Việt” là sân chơi Vovinam đầu tiên và lớn nhất của Tổ chức Giáo dục FPT với ba nội dung thi đấu: đối kháng, quyền và võ nhạc với sự đồng hành của Liên đoàn Vovinam Việt Nam.</p><p>Cuộc thi dành cho học sinh, sinh viên Tổ chức Giáo dục FPT (FPT Edu) trên toàn quốc, giúp các bạn trẻ nuôi dưỡng tinh thần thượng võ, rèn luyện tinh hoa võ Việt, đồng thời,tăng cường sức khoẻ học đường. Cuộc thi cũng góp phần phát triển phong trào rèn luyện Việt Võ đạo Vovinam ở lứa tuổi học sinh, khai phá và phát triển các tài năng thể thao trẻ tuổi cho nền võ thuật Việt Nam.</p><p>Trong đó, tại bảng A, thí sinh lựa chọn tham gia trong 12 nội dung, bao gồm: đơn luyện nam, đơn luyện nữ, tự vệ nữ, đa luyện tay không nam, đa luyện tay không nữ, đa luyện vũ khí nam, đa luyện vũ khí nữ, quyền đôi nam – nữ, quyền đồng đội nam, quyền đồng đội nữ, đối kháng, phản đòn đồng đội.</p><p>Kết quả, hội đồng giám khảo chọn ra 333 thí sinh xuất sắc để bước vào vòng Chung kết. Chuỗi sự kiện Chung kết được tổ chức tại Trường Đại học FPT AI Quy Nhơn và Trung tâm Hội nghị tỉnh Bình Định với sự tham dự của ông Mai Hữu Tín – Chủ tịch Liên đoàn Vovinam thế giới, lãnh đạo địa phương cùng nhiều tên tuổi có tiếng khác trong giới Vovinam.</p><p>Ngoài ra, sự kiện quy tụ dàn trọng tài quốc gia và quốc tế trực tiếp điều hành, cùng đại diện các liên đoàn Vovinam các tỉnh thành trên toàn quốc.</p><p>Cuộc thi “FPT Edu khơi nguồn võ Việt” có tổng giải thưởng lên tới 317 triệu đồng. Cơ cấu giải thưởng mỗi bảng sẽ có sự phân bổ khác nhau. Trong đó, tổng giá trị giải thưởng cao nhất là 104 triệu đồng dành cho bảng Võ nhạc.</p><p>Đây là một trong những cuộc thi Vovinam tại môi trường học đường có quy mô lớn nhất hiện nay. Đại diện ban tổ chức cho biết, đơn vị đã chuẩn bị sẵn sàng cho việc đăng cai các giải thi đấu trong hệ thống học sinh, sinh viên toàn quốc và quốc tế trong thời gian tới.</p><p>Tại Tổ chức giáo dục FPT, các trường học đã đưa võ Vovinam vào chương trình đào tạo như môn giáo dục thể chất chính khoá cho học sinh, sinh viên. Tại đây, các bạn trẻ được nâng cao sức khỏe thông qua võ thuật, rèn luyện võ đạo, thêm hiểu tinh thần và bản sắc dân tộc qua từng giờ học, từ đó, góp phần rèn luyện đạo đức và nhân cách.</p>','Hơn 300 học sinh, sinh viên từ thuộc Tổ chức Giáo dục FPT sẽ tranh tài trong vòng Chung kết “FPT Edu Khơi nguồn võ Việt”, diễn ra ngày 22-24/11, tại Quy Nhơn.','Sinh viên Đại học FPT tranh tài tại vòng chung kết “FPT Edu khơi nguồn võ Việt”','1','https://lms-thumbnail-g23.s3.ap-southeast-1.amazonaws.com/nguyenquocviet_a26e7814-654f-43ed-b452-47cf5aff55a0',2,174,794),(44,'viettrainer@gmail.com','2022-12-04 19:47:25','anonymousUser','2022-12-23 08:20:27','<p>Cuộc thi và Triển lãm Mỹ thuật ứng dụng toàn quốc năm 2022 nhằm khuyến khích, định hướng cho các tác giả sáng tác, thiết kế các sản phẩm vừa mang tính ứng dụng, vừa có giá trị thẩm mỹ cao, góp phần tăng cường mối liên kết giữa người thiết kế – thợ thủ công – nhà sản xuất – nhà phân phối và người tiêu dùng.</p><p>Ở cuộc thi này, loại hình thiết kế sáng tạo có giải Nhất được trao cho nhóm tác giả của Trường ĐH FPT gồm Trần Thị Lệ Quyên (giảng viên hướng dẫn), Lê Thị Thu Thảo, Bùi Hạnh Lưu với tác phẩm&nbsp;<i>Unzipped – Hỗ trợ trẻ vị thành niên về giới tính và ngăn chặn nạn xâm hại tình dục.</i></p><p>Chị Trần Thị Lệ Quyên hiện phụ trách chuyên ngành Thiết kế Mỹ thuật số của Trường ĐH FPT. Vị giảng viên cũng đang là nghiên cứu sinh năm cuối về Creative Industrial Design (Thiết kế công nghiệp sáng tạo) tại National Cheng Kung University (Đài Loan).</p><p>Nhóm tác giả cho biết họ cùng thiết kế nên ứng dụng này bởi có chung tình yêu dành cho trẻ và trăn trở về một sản phẩm thể hiện tính bền vững trong thiết kế.</p><p>“Qua quá trình tìm hiểu, nghiên cứu, chúng tôi thấy rằng vấn đề giáo dục giới tính ở Việt Nam thường bị hiểu nhầm, hiểu sai. Đặc biệt văn hóa phương Đông, cứ khi nghe nhắc đến từ “sex” thì thường nghĩ đến một điều gì đó rất kinh khủng, thậm chí bậy bạ.</p><p>Người Việt thường nhầm lẫn giữa tình dục và tính dục. Khi dạy trẻ con về giáo dục giới tính, thường người ta nghĩ đến tình dục, nhưng thực ra không phải, mà đó là tính dục (tức là hiểu về giới tính, về cơ thể). Bên cạnh đó, mọi người cũng thường không biết tiếp cận thông tin ở đâu. Bản thân nhiều cha mẹ, nhiều khi con hỏi cũng không biết để trả lời.</p><p>Hoặc đôi khi mọi người nghĩ sex education phải là điều gì đó vĩ mô, nhưng thực ra với trẻ con đôi khi chỉ đơn giản như việc khi mặc váy, ngồi xuống thì phải khép chân, kéo váy chẳng hạn…”, chị Quyên nói.</p><p>Bên cạnh đó, nhiều trường công lập hiện nay không có hoạt động này, hoặc một vài trường có nhưng thường chỉ dừng lại ở những buổi trao đổi song không cởi mở hay một chiều.</p><p>Cũng vì vậy, nhóm tác giả nảy sinh ý tưởng thiết kế nên một ứng dụng hỗ trợ trẻ vị thành niên về giới tính và ngăn chặn nạn xâm hại tình dục.</p><p>Chị Quyên cho hay sản phẩm của nhóm nhận được sự đánh giá cao từ Ban giám khảo có lẽ bởi dám đặt ra một vấn đề rất thực tế mà xã hội Việt Nam chưa giải quyết được, không hề viển vông và có phần nghiên cứu cơ sở dữ liệu bài bản.</p><p>“Phần nghiên cứu này cũng sẽ được nhóm trình bày báo cáo ở hội nghị khoa học tại Malaysia vào tháng 12/2022 tới đây”, chị Quyên thông tin.</p><p>Theo chị Quyên, ứng dụng Unzipped được nghiên cứu và triển khai với 2 mục tiêu chính là cải thiện và nâng cao nhận thức về giáo dục giới tính toàn diện cho trẻ vị thành niên và cung cấp nền tảng giáo dục giới tính toàn diện cho cha mẹ và thanh thiếu niên để tăng cường kết nối và phát triển giao tiếp.</p><p>Ứng dụng được xây dựng dựa trên bộ công cụ về thiết kế một chương trình mới hoặc đánh giá một chương trình hiện có về Giáo dục giới tính và tình dục toàn diện của UNESCO, gồm các mục tiêu: chính xác về mặt khoa học (dựa trên nghiên cứu, dữ kiện thực tế và bằng chứng); phù hợp với lứa tuổi và mức độ phát triển; lồng ghép trong chương trình giáo dục; có tính toàn diện chứ không đơn thuần là các hành vi tình dục.</p><p>Những câu chuyện được xây dựng để dạy trẻ như việc thói quen người lớn thấy một đứa trẻ xinh xắn và rồi ôm, hôn, động chạm vào cơ thể – đó là điều không được; hay không đi vào những chỗ vắng một mình hoặc khi ai đó tiếp cận rồi sờ vào người thì cần biết hét lên thật to và bỏ chạy…</p><p>“Chúng tôi tin khi trẻ hiểu vấn đề, có kiến thức thì sẽ tự biết cách bảo vệ chính mình. Thế hệ trước đây, nhiều khi chúng ta sợ nhưng không dám nói với bố mẹ, hay nhiều lúc bạn bè chơi đùa có những động chạm nhưng không biết đó là những việc không được phép”, chị Quyên nói.</p><p>Quá trình làm việc bao gồm cả khâu nghiên cứu và thiết kế ứng dụng này khoảng hơn 4 tháng. Khó khăn lớn nhất, theo chị Quyên, là việc thực hiện triển khai trong thời gian vẫn còn dư âm của đại dich Covid-19 và đối tượng nghiên cứu là trẻ em nên việc lấy số liệu nghiên cứu không hề dễ dàng.</p><p>“Kỉ niệm đáng nhớ nhất là việc phỏng vấn các em tuổi vị thành niên. Với đặc tính về tâm sinh lý của tuổi này, thực sự tiếp cận được các em để nghiên cứu cực kỳ khó. Chúng tôi cũng đã lên kế hoạch triển khai phỏng vấn kĩ càng nhưng thực tế diễn ra lại không như hình dung trước đó. Cách chúng tôi đối mặt và giải quyết vấn đề này là một trải nghiệm đáng nhớ”, chị Quyên kể.</p><p>“Phần giao diện, bài học được chúng tôi xây dựng, thiết kế thông qua tạo hình nhân vật phù hợp từng lứa tuổi, dựng thành các bộ phim hoạt hình ngắn để cho trẻ dễ tiếp cận. Những điều này được xây dựng theo những chuẩn của UNESCO và Bộ GD-ĐT Việt Nam”, chị Quyên nói.</p><p>“Chúng tôi không muốn chỉ dừng lại ở việc thiết kế hình thức đơn thuần của ứng dụng mà còn muốn thiết kế phần thể hiện sao cho truyền tải được những kiến thức, hiểu biết một cách hiệu quả nhất. Giáo dục cũng vậy, chúng tôi không hướng đến giáo dục một thời điểm mà muốn tạo nên nhận thức, hiểu biết trong cả dòng đời mỗi người từ những đứa trẻ”.</p><p>Chị Quyên chia sẻ hướng nghiên cứu của UNZIPPED cũng nằm trong định hướng nghiên cứu, mong muốn xây dựng cộng đồng bền vững của mình.</p><p>“Phát triển bền vững cũng là xu hướng của thế giới nói chung và hướng đến con người. Con người là chủ thể quan trọng nhất nên nếu bản thân con người mà không có chuỗi hành vi bền vững thì không có gì bền vững được. Ngay ở việc giáo dục giới tính, nếu chỉ nhà trường dạy trẻ thì cũng chỉ là một chiều và chưa thể nghĩ đến việc bền vững; nhưng nếu tất cả xã hội và mọi người cùng tham gia thì mới có thể tạo nên một cộng đồng bền vững”, chị Quyên nói.</p><p>Mong muốn lớn nhất của chị Quyên cũng như nhóm của mình là ứng dụng UNZIPPED này sẽ được ứng dụng trong hệ thống giáo dục Việt Nam. “Tất cả các nhà trường đều có thể sử dụng ứng dụng này bởi trong đó có phần bài giảng, có tương tác, có trao đổi, có bài kiểm tra dựa trên khung chương trình của Bộ GD-ĐT”.</p>','Với thiết kế sáng tạo cho sản phẩm hỗ trợ trẻ vị thành niên về giới tính và ngăn chặn nạn xâm hại tình dục, chị Trần Thị Lệ Quyên (Trường ĐH FPT Hà Nội) cùng nhóm tác giả đã giành giải Nhất Cuộc thi và Triển lãm Mỹ thuật ứng dụng toàn quốc năm 2022.','GV ĐH FPT Hà Nội thiết kế ứng dụng giáo dục giới tính được trao giải Nhất sáng tạo','1','https://lms-thumbnail-g23.s3.ap-southeast-1.amazonaws.com/nguyenquocviet_5f858a18-e704-4e47-8807-11522b60dc41',5,174,804),(54,'viettrainer@gmail.com','2022-12-04 19:57:02','anonymousUser','2022-12-04 20:24:13','<p>Trong chương trình Áo Ấm Hà Giang mùa 6, đoàn tình nguyện không chỉ gửi tặng các em nhỏ những chiếc áo ấm mà bên cạnh đó còn góp sức sửa chữa cơ sở vật chất tại các trường học nơi đây. Chính vì vậy, sự kiện “10k – Trường Mới Cho Em” được tổ chức với mong muốn kêu gọi hỗ trợ cho hoạt động chỉnh trang trường học tại điểm tổ chức ở Hà Giang.</p><p>Chương trình sẽ hướng tới các hoạt động nâng cấp, tu sửa cơ sở vật chất gồm các hạng mục: mái trường, trần lớp học, tường và khu sân trường của trường mầm non Cháng Lộ và tiểu học Mào Phố tại xã Sủng Cháng, huyện Yên Minh, tỉnh Hà Giang. Áo ấm Hà Giang 6 hứa hẹn sẽ tiếp bước và lan tỏa yêu thương của những con người iGo nói riêng và của những người con đất Việt nói chung để gửi gắm tới những trẻ em vùng đất Hà Giang. Đại diện ban tổ chức cho biết: <i>“Khi iGo đặt chân tới xã Sủng Cháng, chúng mình tận mắt chứng kiến những mái tôn bị lật và thủng nặng, những mảng trần bị sập, những bức tường bị hư hỏng không đảm bảo nhu cầu học tập và sinh hoạt của các em học sinh. Nhưng đồng thời, chúng mình cũng chứng kiến được sự khát khao và nỗ lực vươn mình thoát khỏi cuộc sống khó khăn của các em nhỏ nơi đây. CLB đã quyết định khởi động chương trình “10k trường mới cho em” nhằm tiếp bước động lực tới trường gửi đến các em nhỏ học sinh.”</i></p><p>Đi qua 5 mùa Áo Ấm Hà Giang, CLB Vì cộng đồng iGo đã mang những dấu chân tình nguyện đến nhiều vùng đất khó khăn trên mảnh đất Hà Giang. Nơi đây mang lại cho con người iGo những nỗi nhớ, cảm xúc khó quên, những nỗi vấn vương rất đỗi nhẹ nhàng; đồng thời cũng tiếp sức cho hành trình của iGo không ngừng nghỉ.</p><p>Và với sức mạnh đó, CLB Vì cộng đồng iGo đã tổ chức thành công 5 chuyến tình nguyện “Áo ấm Hà Giang” tại các xã nghèo trên địa bàn. Chương trình đã đặt chân đến 8 xã, hơn 20 điểm trường nơi đây. iGo đã trao tặng hơn 500 chiếc áo ấm, hơn 200 vật dụng cần thiết đến tay các em nhỏ với hy vọng mang đến cho các em một mùa đông thật ấm áp. Và, chương trình đã gửi tặng đến các điểm trường mầm non, tiểu học và trung học hơn 3500 cẩm nang tri thức giúp các em tiếp thêm nguồn động lực bước chân đến trường.</p><p>Sự kiện gây quỹ cho Áo ấm Hà Giang 6 sẽ diễn ra từ ngày 25/10 đến 13/11/2022. Cán bộ, giảng viên, sinh viên cùng tất cả những người quan tâm ủng hộ có thể ủng hộ qua số tài khoản tình nguyện minh bạch của chương trình hoặc tham gia vào các sự kiện offline đang được triển khai tại Đại học FPT.</p><p>Trong những tuần vừa qua, BTC đã có những hoạt động truyền thông tới các lớp từ tòa nhà Alpha, Beta, Delta, thu hút được rất nhiều sự quan tâm của cán bộ, giảng viên, sinh viên và học sinh FPT dành tình cảm ủng hộ cho dự án “10K – Trường mới cho em” trong chương trình Áo Ấm Hà Giang 6 của CLB Vì Cộng Đồng iGo.</p><p>Với hy vọng sẽ được gặp thêm nhiều nụ cười, gặp thêm những ánh trong veo, Áo Ấm Hà Giang 6, hứa hẹn sẽ mang đến những giá trị vật chất cũng như tinh thần tốt đẹp, giúp đỡ những em nhỏ vùng cao nơi đây có một mùa đông ấm áp và hạnh phúc hơn nữa.</p>','Áo Ấm Hà Giang là chương trình tình nguyện truyền thống của Câu lạc bộ Vì cộng đồng iGo trường Đại học FPT. Chương tình nhằm mục đích trao tận tay các em nhỏ ở những vùng khó khăn của tỉnh Hà Giang những chiếc áo ấm, bên cạnh đó tổ chức các hoạt động, sự kiện mang giá trị về tinh thần, đoàn tình ngu','Áo ấm Hà Giang 6: Chiến dịch 10k – trường mới cho em','1','https://lms-thumbnail-g23.s3.ap-southeast-1.amazonaws.com/nguyenquocviet_86b9ca30-6077-4a8d-a6b7-f00961c4a151',5,174,794),(64,'viettrainer@gmail.com','2022-12-04 20:00:51','viettrainer@gmail.com','2022-12-04 20:26:32','<p>Là sinh viên ngành Digital Marketing, Digital Art &amp; Design và Truyền thông đa Phương tiện thì sáng tạo là điều vô cùng quan trọng. Với mong muốn giúp các bạn sinh viên có khái niệm đúng đắn về sự sáng tạo, workshop Creativity Means Business mang đến cơ hội giao lưu với khách mời Alan Cerutti – CEO Happiness Saigon.</p><p>Đến với chương trình, CEO Happiness Saigon chia sẻ với các bạn sinh viên về tầm quan trọng của sáng tạo trong kinh doanh, quan điểm của Happiness Saigon về đổi mới sáng tạo, công nghệ ảnh hưởng đến thế giới của chúng ta. Giúp các bạn sinh viên hiểu đúng hơn về khái niệm sáng tạo, cách mà Happiness Saigon đã thực hiện để đoạt giải 3 Cannes khu vực Đông Nam Á năm nay.</p><p>Đặc biệt, trong chương trình diễn giả còn trình chiếu các sản phẩm sáng tạo của các thương hiệu lớn trên thế giới, từ đó giúp các bạn sinh viên có góc nhìn thực tế hơn về sự sáng tạo. Để có thế phát triển hơn trong lĩnh vực này thì các bạn sinh viên cần phải không ngừng đổi mới và sáng tạo để đi kịp với xu hướng hiện nay.</p><p>Ngoài thế mạnh về các ngành học Công nghệ thông tin thì khối ngành Quản trị kinh doanh của Đại học FPT cũng nhận được rất nhiều sự quan tâm của các bạn sinh viên. Nhà trường luôn cố gắng tổ chức các workshop, sự kiện để giúp các bạn sinh viên khối ngành này có cơ hội được giao lưu với các chuyên gia, nâng cao kiến thức và kỹ năng của mình.</p><p>Happiness Saigon là một Agency dành cho người Việt và thị trường Đông Nam Á được thành lập vào năm 2014 với định hướng cực kì sáng tạo đó là Everything is Media and Everyone is Media (tạm dịch: Mọi thứ là truyền thông và mọi người là truyền thông). Happiness Vietnam đã đoạt giải 3 Cannes khu vực Đông Nam Á năm nay. Họ muốn cùng chia sẻ niềm vui trên với các bạn sinh viên trường Đại học FPT TP.Hồ Chí Minh.</p>','Tuần qua, sinh viên Đại học FPT TP.HCM có cơ hội gặp gỡ và giao lưu với Diễn giả Alan Cerutti – CEO Happiness Saigon trong workshop Creativity Means Business– Cannes Lions Viewing với chủ đề sáng tạo của Happiness thông qua việc chia sẻ các sản phẩm sáng tạo đoạt giải thưởng Cannes Lion','SV ĐH FPT giao lưu với CEO Happiness Saigon','1','https://lms-thumbnail-g23.s3.ap-southeast-1.amazonaws.com/nguyenquocviet_05d9d606-439d-4edd-b7a0-29a31b253c36',2,174,794),(74,'viettrainer@gmail.com','2022-12-04 20:01:56','viettrainer@gmail.com','2022-12-04 20:25:55','<p>GameFi đang là một trong những lĩnh vực hot nhất của Web 3.0, khái niệm này chắc không còn xa lạ gì trong ngành công nghiệp game và blockchain. Với mong muốn đem đến cho các bạn sinh viên một góc nhìn hoàn toàn mới về GameFi, workshop Chain Academy Unitours với sự góp mặt của các diễn giả vô cùng chất lượng: anh Nguyễn Việt Tiến – Lead Developer Billionaire Plus – Cựu sinh viên Đại học FPT ngành Công nghệ thông tin, anh Bekhnam – CTO Metaspacecy – Nhận học bổng du học ngành năng lượng hạt nhân mảng phát triển công nghệ.</p><p>Tham dự Workshop, sinh viên Đại học FPT được cung nhiều thông tin bổ ích và kinh nghiệm quý giá về việc ứng dụng công nghệ blockchain trong GameFi. Diễn giả&nbsp; Việt Tiến giới thiệu đến các bạn sinh viên các game đang hot hiện này như AXie, billionaire plus, Thetan Arena, các đặc điểm nổi trội của GameFi so với game truyền thống và một loạt các định nghĩa chuyên dụng mới lạ mà không hề dễ tìm hiểu trên mạng như DeFi, NFT, Tokens,…</p><p>Trong phần giao lưu với anh Bekhnam – CTO Metaspacecy, các bạn sinh viên được tìm hiểu thêm về lịch sử hình thành và phát triển của GameFi, chuyển đổi blockchain vào thực tế để cải thiện vấn đề tài chính tại thời điểm khủng hoảng, giá trị cơ bản: have fun, thêm các economic model, tạo ra lợi nhuận khi chơi game, nhiều giá trị mới như cryptocurrency (FT) và ingame assets (NFT), Defi: staking, liquidity mining, yield farming.</p><p>Đặc biệt, trong chương trình các diễn giả còn chia sẻ thêm về cơ hội việc làm, thực tập trên dự án dành cho các bạn sinh viên mới ra trường. Hai vị khách mời đưa ra lời khuyên cho các bạn sinh viên rằng có thể thực tập và làm quen để dần dần đi sâu vào, chủ yếu liên quan về ví, kết nối ví, chuyển mạng, tương tác blockchain, sau đó có thể tùy ý handle. “Không nhất thiết phải nhảy trực tiếp về ngành này, có nhiều đường khác” – là lời khuyên mà vị diễn giả trị gửi đến các bạn sinh viên khoá dưới. Các bạn sinh viên theo mảng blockchain cần có tất cả kiến thức về IT như front-back end, có thể học để hiểu về blockchain từ các công ty truyền thống trước.</p><p>Bạn Thanh Phong – Sinh viên ngành Quản trị truyền thông đa phương tiện sau khi tham dự buổi workshop chia sẻ: “Mình từng là sinh viên ngành Công nghệ thông tin và có một chút hứng thú với blockchain nên đã đến với Workshop. Ban đầu mình chỉ nghĩ đơn giản đây là một buổi giới thiệu về Blockchain và các GameFi nói chung, nhưng mình rất bất ngờ khi những gì mình được biết và học hỏi nhiều hơn dự định. Buổi workshop đã cho mình rất nhiều thông tin hữu ích, các diễn giả cũng đã chia sẻ rất nhiều kinh nghiệm và hiểu biết cá nhân khiến mình thấy rất thú vị và dễ hiểu.”</p><p>Một trong những lợi thế khác biệt của sinh viên Đại học FPT là chương trình đào tạo gắn liền với nhu cầu doanh nghiệp hiện nay. Thông qua chương trình giảng dạy, kỳ thực tập, các cố vấn, giảng viên chia sẻ kiến thức thực chiến từ doanh nghiệp, cơ hội thực hành các dự án cho doanh nghiệp; các sự kiện, khóa học giúp sinh viên được trang bị thêm kiến thức, từ những điều trên sinh viên Đại học FPT được học tập bám sát thực tế, qua đó tích lũy kiến thức và kỹ năng để phát triển.</p>','Tuần qua, sinh viên Đại học FPT TP.HCM có cơ hội gặp gỡ và giao lưu với các chuyên gia trong workshop Chain Academy Unitours với chủ đề Cuộc cách mạng trong nền công nghiệp GameFi.','Sinh viên ĐH FPT tìm hiểu về công nghệ blockchain trong GameFi','1','https://lms-thumbnail-g23.s3.ap-southeast-1.amazonaws.com/nguyenquocviet_a1771ced-672b-41f8-a8a4-e52bee70ecd6',2,174,794),(84,'viettrainer@gmail.com','2022-12-04 20:04:02','anonymousUser','2022-12-05 17:31:05','<p>Mở đầu chương trình là phần giới thiệu, chia sẻ về công ty giúp các bạn sinh viên hiểu rõ thêm về Sconnect. Tiếp đó, các bạn sinh viên sẽ được trải nghiệm từng không gian, vị trí làm việc tại Sconnect: phòng tạo hình, phòng thu âm, phòng quay phim, hậu kì,… có cơ hội lắng nghe chia sẻ câu chuyện làm phim hoạt hình 2D Wofoo Family và nhiều bộ phim khác. Đặc biệt, các bạn sinh viên còn được trực tiếp xem, chạm vào nút kim cương mà Sconnect đã đạt được. Nhiều bạn sinh viên thì hứng thú hơn với tạo hình đất nặn cho nhân vật, ghép logo.</p><p>Bên cạnh đó, các bạn sinh viên còn được tìm hiểu thêm về chế độ đào tạo, thực tập và làm việc tại Sconnect. Hy vọng, thông qua Company Tour ngày hôm, các sinh viên nhà FPTU đã có những định hướng nghề nghiệp cho bản thân, đạt được mục tiêu và ước mơ của mình.</p><p>Sconnect là doanh nghiệp top đầu tại Việt Nam trong lĩnh vực MMO (Make Money Online). Sconnect chuyên sản xuất các sản phẩm giải trí giáo dục trên các nền tảng Youtube, Facebook, Tiktok tại thị trường quốc tế.</p><p>Sconnect hiện đang sở hữu WOA NETWORK và hệ thống nhân vật Wolfoo trên Youtube đang được đón nhận hàng ngày bởi hàng chục triệu khán giả nhỏ tuổi trên toàn Thế giới. Các sản phẩm thế mạnh của Sconnect như phim hoạt hình 2D, 3D, Stopmotion, Video biên tập. Thành tích đã đạt được: 30 nút vàng và 80 nút bạc trên nền tảng Youtube.</p><p>Company tour là chuỗi các chương trình mang tính định kỳ của Phòng Quan hệ doanh nghiệp và cựu sinh viên. Tổ chức nhằm đem đến cơ hội cho các bạn sinh viên được học hỏi, trải nghiệm và tham quan môi trường làm việc thực tế tại Doanh nghiệp. Là cơ hội để các em hiểu hơn về doanh nghiệp và lĩnh vực mà doanh nghiệp đang hoạt động. Từ đó có những định hướng cho bản thân về con đường sự nghiệp trong tương lai. Đồng thời, Company Tour còn là dịp để thể hiện sự gắn kết với doanh nghiệp. Là dịp để quảng bá hình ảnh đẹp của sinh viên trong mắt doanh nghiệp và hình ảnh của doanh nghiệp đối với sinh viên.</p>','Tuần qua, tại Trụ sở chính Sconnect Hà Nội, các bạn sinh viên trường Đại học FPT Hà Nội đã có buổi tham quan, trải nghiệm thực tế làm phim hoạt hình 2D vô cùng thú vị.','SV ĐH FPT tham quan công ty hoạt hình 2D Sconnect Hà Nội','1','https://lms-thumbnail-g23.s3.ap-southeast-1.amazonaws.com/nguyenquocviet_2a2d4465-1e9a-4658-b6c0-022c32c9ce0b',3,174,794),(94,'viettrainer@gmail.com','2022-12-04 20:06:13','viettrainer@gmail.com','2022-12-04 20:25:00','<p>Tham gia FPT Edu ResFes 2022 với đề tài “Deep Hashing for image indexing and retrieval”/ “Cải thiện độ chính xác của hệ thống tìm kiếm hình ảnh” quen thuộc, NO_CODE đã phá bỏ đi những lối mòn của các nghiên cứu trước, những phương pháp cũ của những người đi trước, để tự xây dựng và phát triển nên một thuật toán mới hoàn toàn mang tên “RelaHash” và đạt kết quả đột phá (state-of-the-art). Bên cạnh đó, nhóm cũng thể hiện tinh thần làm khoa học nghiêm túc, cầu tiến khi đưa ra một báo cáo khoa học với hàm lượng học thuật cao.</p><p>Trưởng nhóm NO_CODE Phạm Vũ Thái Minh cho biết, khi đến với FPT Edu ResFes 2022, nhóm đã hướng đến việc “ẵm trọn” giải Nhất của cuộc thi, nên không ngần ngại dồn mọi thời gian, công sức và tâm trí cho đề án này: “Trong suốt hành trình FPT Edu ResFes 2022, bọn mình làm việc đoàn kết, chăm chỉ và nỗ lực không ngừng. Tất cả mọi người đều hướng về một mục tiêu chung và chưa một lần cảm thấy muốn từ bỏ. Giải Quán quân thật sự là một phần thưởng xứng đáng cho hành trình làm khoa học nghiêm túc của nhóm”, Minh chia sẻ.</p><p>Sau FPT Edu ResFes 2022, NO_CODE sẽ tiếp tục hoàn thành đề tài nghiên cứu của mình và gửi đến các tạp chí nghiên cứu khoa học với mục tiêu ISI Q1 Journal. Đây là một mục tiêu hoàn toàn có cơ sở, khi báo cáo của NO_CODE tại FPT Edu ResFes 2022 đã được các giám khảo nhận định là vượt qua mức độ kỳ vọng dành cho sinh viên, có thể được xuất bản tại các hội nghị quốc tế.</p><p>Nói về “cột mốc” FPT Edu ResFes 2022, NO_CODE cho biết: “FPT Edu ResFes 2022 là một trải nghiệm tuyệt vời với những người bạn mới, những mối quan hệ mới, những kinh nghiệm thực chiến có 1-0-2. Đây chính là những bàn đạp giúp bọn mình tiến đến những cột mốc cao hơn trên con đường học thuật. Cảm ơn các thầy cô giáo cùng các anh chị cán bộ trong BTC đã tạo ra hành trình này”.</p>','Sau cuộc thi HSSV Nghiên cứu khoa học FPT Edu ResFes 2022, 4 chàng trai của đội NO_CODE  – Quán quân Tiểu ban CNTT là Phạm Vũ Thái Minh, Nguyễn Hoàng Giang, Nguyễn Đồng Đức Việt và Nguyễn Ngọc Huy Hoàng (ĐH FPT Hà Nội) thể hiện sự quyết tâm chinh phục những thành tích lớn hơn nữa.','Quán quân CNTT FPT Edu ResFes 2022: “Giải Nhất không phải là đích đến cuối cùng”','1','https://lms-thumbnail-g23.s3.ap-southeast-1.amazonaws.com/nguyenquocviet_95196a5a-4698-40b2-ba46-f6884145697d',2,174,804),(104,'viettrainer@gmail.com','2022-12-04 20:08:55','anonymousUser','2022-12-05 17:26:25','<p>25 sinh viên cùng các thầy cô tổ bộ môn Âm nhạc truyền thống đã đưa khán giả đi qua những cung bậc cảm xúc phong phú trong tiết thu Hà Nội với 10 tiết mục đa sắc màu cùng sự hùng hậu đa dạng về loại hình nhạc cụ gồm đàn Tranh, đàn Nhị, đàn Nguyệt, đàn Bầu, đàn Tỳ bà, Sáo, Trống. Đến với concert nhạc cụ truyền thống, những khán giả cứ ngỡ sẽ chỉ được nghe những ca khúc mang âm hưởng dân ca đã được thưởng thức một bữa tiệc âm nhạc bất ngờ khi bên cạnh những Lý cây đa, Lý cây bông còn là âm hưởng hào hùng của Trên đường chiến thắng, Hò kéo pháo, hay giai điệu nhạc nhẹ trẻ trung của Việt Nam ơi, cho đến&nbsp;nhạc vũ kịch Chiến binh và quái thú.</p><p>Những vị khách mời tham gia chương trình, từ thầy Hiệu trưởng Nguyễn Khắc Thành, cô Hiệu phó Nguyễn Kim Ánh, TS Rajesh Khajuria – Ủy viên Hội đồng kiểm định các trường học và chương trình đào tạo về kinh doanh (ACBSP), Mỹ, Giáo sư danh dự Trường ĐH FPT cùng các thầy cô cán bộ đều đặc biệt ấn tượng với khả năng biểu diễn nhuần nhuyễn nhiều loại nhạc cụ của sinh viên Đại học FPT.</p><p>Mở đầu chương trình là tiết mục Hát văn “FPT trong tôi” do tập thể sinh viên Đại học FPT biểu diễn, gửi gắm thông điệp ý nghĩa FPT Edu luôn ở trong tim mỗi con người nơi đây.</p><p>Tiết mục được cô Nguyễn Kim Ngọc – Giảng viên đàn nguyệt tại Đại học FPT sáng tác phỏng theo điệu Xá trong nghệ thuật hát Chầu văn, với sự tham gia nhiệt tình của các sinh viên. Từng tiếng Trống, tiếng đàn Nguyệt, tiếng hát đều được cô Ngọc chỉ dạy từng chút cho sinh viên luyện tập trong 1 tháng trời, tạo ra một tiết mục hoàn toàn do các bạn làm chủ chứ không trên một nền nhạc sẵn nào.</p><p>Tiếp theo chương trình lần lượt là các tiết mục Đại học FPT Hà Nội đã giành giải cao trong Cuộc thi FPT Edu Tích tịch tình tang 2022 – cuộc thi Nhạc cụ truyền thống do FPT Edu tổ chức cho học sinh, sinh viên.</p><p><i>“Chương trình Giai điệu mùa thu là một cái cớ thi vị nhân dịp Hà Nội bước vào mùa đẹp nhất trong năm, mùa của thơ ca nhạc hoạ, cũng là mùa để thầy trò Nhạc cụ truyền thống ĐH FPT khởi đầu một thói quen đẹp: thói quen lâu lâu ngồi lại với nhau để vừa ôn bài vừa thưởng thức âm hưởng truyền thống, vừa trình diễn kết quả của những tháng ngày khổ luyện”</i>, cô Nguyễn Thu Thuỷ (Trưởng bộ môn Âm nhạc truyền thống – Đại học FPT Hà Nội) chia sẻ về lý do ra đời Giai điệu mùa thu.</p><p>Cô Thuỷ cho biết, tất cả các sinh viên tham gia trình diễn trong chương trình đều chỉ vừa mới học nhạc cụ truyền thống từ nửa năm tới 1 năm với phần lớn thời gian tự tập ở nhà do giãn cách vì dịch Covid-19.&nbsp;<i>“Nhiều bài trong buổi biểu diễn hôm nay được giảng dạy và dùng làm bài thi tốt nghiệp cho sinh viên những trường Nhạc chuyên nghiệp. Nhìn các em biểu diễn những tác phẩm có độ khó cao hơn nhiều so với các bài trong chương trình học chính khoá các thầy cô chúng tôi đều rất xúc động và tự hào. Sinh viên ĐH FPT có khả năng và có đam mê với bộ môn nhạc cụ truyền thống, nên tổ bộ môn sẽ thường kỳ tổ chức các buổi như thế này để các em có thêm sân chơi, có cơ hội biểu diễn, học hỏi và tự tin hơn với khả năng âm nhạc của mình”.</i></p><p>Bạn Nguyễn Thị Vân – Chủ nhiệm CLB Nhạc Cụ Truyền Thống FTIC – Đại học FPT Hà Nội chia sẻ:&nbsp;<i>“Chúng em tập luyện cho chương trình này trong vòng 5 ngày, đa số biểu diễn những bài đã giành giải trong cuộc thi Tích tịch tình tang 2022, một số bạn thì tập nhuần nhuyễn thêm cho những bài yêu thích trước đó. CLB Nhạc cụ truyền thống FTIC có thêm 60 đăng ký vào ban chuyên môn sau cuộc thi Tích tịch tình tang, em hy vọng với những chương trình như Giai điệu mùa thu chúng em có thêm tự tin và động lực để tiếp tục lan toả tình yêu âm nhạc truyền thống trong cộng đồng học sinh, sinh viên Tổ chức Giáo dục FPT – FPT Edu.”.</i></p><p>Cuối chương trình, thầy Hiệu trưởng Nguyễn Khắc Thành đã dành thời gian để chúc mừng, động viên thầy trò của Giai điệu mùa thu. Thầy đồng thời dành một phần quà cho sinh viên chơi đàn Bầu – nhạc cụ được mệnh danh là khó chinh phục nhất trong số các nhạc cụ truyền thống của Việt Nam.</p><p>Có thể nói, chương trình Giai điệu mùa thu đã thành công tạo ra một không gian thưởng thức và giao lưu cho thầy trò yêu nhạc cụ truyền thống tại Đại học FPT, cũng là một nghi thức đẹp thi vị đón mùa sang trên mảnh đất Hà Nội nổi tiếng vì sắc thu.</p><p>Trong dòng chảy đời sống hiện đại, tại một ngôi trường công nghệ như Đại học FPT, những dấu ấn của thanh âm truyền thống trong đời sống học đường đang ngày một trở nên đậm nét hơn nhờ những nỗ lực sáng tạo không ngừng nghỉ của thầy và trò ngôi trường màu cam.</p>','Chương trình Giai điệu mùa thu diễn ra vào chiều ngày 29/9 là chương trình biểu diễn nhạc cụ truyền thống lần đầu tiên được tổ chức bởi Tổ bộ môn Âm nhạc truyền thống – Đại học FPT Hà Nội. Như một cách vừa lãng mạn vừa ứng dụng, Giai điệu mùa thu với 10 tiết mục 7 loại nhạc cụ đã giúp cô trò Đại học','Từ dân ca đến nhạc Cách mạng, SV ĐH FPT trổ tài với nhạc cụ truyền thống đón thu sang','1','https://lms-thumbnail-g23.s3.ap-southeast-1.amazonaws.com/nguyenquocviet_15a2ff66-f463-4b2d-9bf2-ed03dd3eb277',6,174,794),(114,'viettrainer@gmail.com','2022-12-04 20:12:50','anonymousUser','2022-12-14 09:39:54','<p><i><strong>Những ngày qua, khắp các trang mạng xã hội lan truyền nhau bức ảnh nữ sinh 2k4 trong khoảnh khắc đang hoàn tất thủ tục nhập học tại trường Đại học FPT khiến dân mạng dậy sóng vì quá xinh.</strong></i></p><p><i><strong>Đó là Bùi Ngọc Thanh Tuyền, đến từ trường THPT Phạm Văn Đồng, Tỉnh Đắk Nông. Thanh Tuyền là tân sinh viên K18 chuyên ngành Kinh doanh Quốc Tế trường Đại học FPT TP. HCM.</strong></i></p><p>Là một gương mặt mẫu ảnh quen thuộc các diễn dàn, MXH, Thanh Tuyền hiện đang sở hữu trang cá nhân Facebook với hơn 12,000 người theo dõi, kênh Tiktok với khoảng 4000 theo dõi và các kênh MXH khác trên 1000 lượt theo dõi dù không thường xuyên cập nhật. Thanh Tuyền chia sẻ thêm ngoài sở thích chụp ảnh và làm mẫu ảnh, bạn còn có thêm sở thích là đàn Guitar.</p><p>Nói về cơ duyên đến với Đại học FPT, Thanh Tuyền chia sẻ: <i>“Em biết đến Đại học FPT rất tình cờ qua mạng xã hội. Sau đó em bắt đầu tìm hiểu và mê luôn khuôn viên của trường. Em cảm thấy trường có cơ sở vật chất tốt nhất dành cho ngành học của em. Đặc biệt, môi trường học tập rất phù hợp với tính cách của em theo 3 tiêu chí: năng động – tự tin – sáng tạo nên em quyết định chọn trường.”</i></p><p>Ngay khi có thông báo chính thức nhận hồ sơ nhập học từ ngày 16/9/2022, Thanh Tuyền đã nhanh chóng hoàn thiện các thủ tục trực tuyến nhưng vẫn muốn đến trường để tham quan khuôn viên 1 lần nữa: <i>“Em rất vui và háo hức khi trở thành tân sinh viên trường ĐH FPT. Em rất thích khuôn viên trường với các góc sống ảo rất xịn. Em cũng rất thích quay Tiktok nên chắc chắn khi vào trường em sẽ làm nhiều clip check-in nè. Hy vọng các bạn theo dõi và ủng hộ mình nhé.”</i></p><p>&nbsp;</p>','Info nữ sinh sở hữu gương mặt xinh xắn thu hút ánh nhìn với với nụ cười toả nắng và lúm đồng tiền đốn tim người xem đang được truy lùng ráo riết. Và danh tính cô nàng đã được Đại học FPT hé lộ.','Chân dung “Hot face” 2k4 nhập học Đại học FPT làm dậy sóng CĐM những ngày qua','1','https://lms-thumbnail-g23.s3.ap-southeast-1.amazonaws.com/nguyenquocviet_213e2781-e529-4554-8c94-f8330f770da5',17,174,794),(124,'viettrainer@gmail.com','2022-12-04 20:16:21','anonymousUser','2022-12-04 20:23:20','<p>Đoàn Đại học Lucy Cavendish gồm Chủ Tịch – giáo sư Dame Madeleine Atkins, Giám Đốc Phát Triển – Ms. Jo Ryan cùng trợ lý – Ms. Tash Stokes.</p><p>Về phía Đại học FPT Hà Nội có sự hiện diện của Phó Giám đốc Đại học FPT Hà Nội, tiến sĩ Tạ Ngọc Cầu, thầy Phan Trường Lâm – Trưởng phòng Đào tạo Đại học FPT, chị Nguyễn Hà Thành – trưởng ban Hợp tác Quốc tế – FPT Education, trưởng phòng&nbsp;Phòng Hợp tác Quốc tế &amp; Phát triển Cá nhân ICPDP FPTU, Madam Mai, đại diện công ty VIDOTOUR, chị Nguyễn Thị Thu Nga – Trưởng ban Marketing – FPT Education cùng các cán bộ phòng ICPDP!</p><p>Tại buổi gặp gỡ, nhiều cơ hội, chương trình học tập tiềm năng cho sinh viên đã được thảo luận, nhằm mang đến nhiều cơ hội phát triển nhất có thể cho sinh viên Đại học FPT Hà Nội. Đặc biệt, rất nhiều khóa học bậc Thạc sĩ đã được đề cập, trao đổi, hứa hẹn thêm nhiều cơ hội giá trị trên con đường học vấn cho các sinh viên FPTU.</p><p>TS. Tạ Ngọc Cầu cũng đã chia sẻ mục tiêu trong 5 năm tới, 100% sinh viên FPTU Hà Nội sẽ là những công dân toàn cầu, tất cả sinh viên đều sẽ có cơ hội học tập và trải nghiệm cuộc sống tại nước ngoài, có cơ hội rèn luyện bản thân thích nghi và phát triển ở mọi môi trường, quốc gia và văn hoá.</p><p>Cuộc gặp gỡ và làm việc cùng những quan điểm tương đồng trong định hướng giảng dạy, phát triển, mối quan hệ hợp tác giữa Đại học FPT Hà Nội và Đại học Cambridge hứa hẹn mang đến nhiều kết quả tốt đẹp, tạo ra nhiều cơ hội học tập, trải nghiệm hấp dẫn trong tương lai cho sinh viên Đại học FPT!</p>','Vừa qua, Đại học FPT Hà Nội đã có buổi tiếp đón và làm việc với các đại diện Đại học Lucy Cavendish. Đây là một trong 31 trường Đại học thuộc Cambridge – Đại học hàng đầu Anh Quốc.','Đại học FOT đón tiếp đại diện Đại học Lucy Cavendish – Đại học Cambridge Anh Quốc','1','https://lms-thumbnail-g23.s3.ap-southeast-1.amazonaws.com/nguyenquocviet_a42614d1-4313-46e6-8d27-872e471fbbfa',10,174,794),(134,'viettrainer@gmail.com','2022-12-07 16:56:05','anonymousUser','2022-12-24 15:26:33','<p><strong>1. Giấy tờ mang theo khi đi RLTT</strong>:</p><ul><li>01 bản photo (không cần công chứng) CMTND/CCCD để nhận thẻ sinh viên</li></ul><p><strong>2. Các khoản phí cần chuẩn bị</strong></p><figure class=\"table\"><table><tbody><tr><td><strong>STT</strong></td><td><strong>Nội dung</strong></td><td><strong>Số tiền</strong></td><td><strong>Cách thức nộp</strong></td><td><strong>Ghi chú</strong></td></tr><tr><td>1</td><td>Đăng ký thông tin mua BHYT 2022 – 2023</td><td>– Mức phí: 657.090 VNĐ/sinh viên<br>– Hạn đăng ký: 10/10/2022</td><td>Quét QR code và làm theo hướng dẫn</td><td>&nbsp;</td></tr><tr><td>2</td><td>Khám sức khoẻ</td><td>45.000 VNĐ/ sinh viên</td><td rowspan=\"4\">Nộp tiền mặt theo lớp tại Trung tâm giáo dục QP&amp;AN</td><td>&nbsp;</td></tr><tr><td>3</td><td>Tiền ăn khi đi RLTT</td><td>70.000 VNĐ/ngày x số ngày thực tế</td><td>– Thời gian học tập tại Trung tâm giáo dục QP&amp;AN là 28 ngày</td></tr><tr><td>4</td><td>Tiền điện, nước</td><td>Thực tế theo công tơ</td><td>&nbsp;</td></tr><tr><td>5</td><td>Tiền võ phục Vovinam</td><td>200.000 VNĐ/bộ</td><td>SV đã có võ phục thì không cần mua</td></tr></tbody></table></figure>','Tân sinh viên K18 cần lưu ý các thông tin dưới đây để có sự chuẩn bị tốt nhất khi nhập học Đại học FPT Hà Nội','Những điều K18 cần biết khi nhập học ĐH FPT Hà Nội','1','https://lms-thumbnail-g23.s3.ap-southeast-1.amazonaws.com/vietnq_22bc9c15-17a8-4443-86f3-cd774e7b4bc0',1,174,NULL),(144,'viettrainer@gmail.com','2022-12-07 17:22:51','viettrainer@gmail.com','2022-12-07 17:22:51','<p><strong>1. Thời gian học tập:</strong></p><p><strong>Đợt I:</strong></p><p><i>–&nbsp; Học tập và rèn luyện tại Trung tâm giáo dục QP &amp; AN Trường Đại học Sư phạm Hà Nội 2 (Xuân Hòa – Vĩnh Phúc) từ ngày 08/10/2022 đến ngày 05/11/2022.</i></p><p><i>– Học tập và rèn luyện tại Trung tâm giáo dục QP &amp; AN Trường Quân sự Bộ tư lệnh Thủ đô Hà Nội (Sơn Tây – Hà Nội) từ ngày 09/10/2022 đến ngày 06/11/2022.</i></p><p><strong>2. Kế hoạch đón trả sinh viên:</strong></p><p>&nbsp;Nhà trường phối hợp với 02 trung tâm giáo dục QP &amp; AN tổ chức đón – trả sinh viên Khóa 18 lên tham gia tháng RLTT học tập môn giáo dục QP &amp; AN bằng phương tiện ô tô tại điểm đón Trường Đại học FPT – cơ sở Hòa Lạc. (<i>Kế hoạch phân xe và thời gian di chuyển cụ thể của từng lớp sẽ được Nhà trường thông báo)</i></p><p><strong>3. Các nội dung sinh viên được mượn và đảm bảo về vật chất, quân trang:</strong></p><p><strong>Trường Đại học FPT cấp phát</strong>:</p><ul><li>Cờ tổ quốc: 01 chiếc/01 lớp.</li><li>Ba lô quân sự: 01 chiếc/01 sinh viên.</li><li>Sách hồi ký: 01 quyển/nhóm (Trưởng nhóm hồi ký bắt buộc phải mượn sách, thư viện sẽ phát trên trung tâm).</li></ul><p><i>(Những vật chất này sinh viên sẽ được cấp phát tại Trung Tâm &amp; bàn giao lại sau khi kết thúc tháng RLTT trở về Hòa Lạc)</i></p><p><i><strong>Trung Tâm GDQP &amp; AN cấp phát</strong>:</i></p><p>– Cơ sở vật chất doanh trại dùng chung (Theo quy định)</p><p>– Bảo đảm quân trang, đồ dùng cá nhân (Cho sinh viên mượn)</p><p>– Quân phục: 02 quần, 02 áo, 01 mũ tai bèo</p><p><strong>4. Những điều cần lưu ý khi tham gia tháng RLTT</strong></p><p>1 – Sinh viên phải tự test Covid trước khi tham gia tháng RLTT, sinh viên mắc Covid sẽ làm đơn xin hoãn học tập gửi phòng QLĐT để được xét duyệt.</p><p>2 – Sinh viên mang theo Căn Cước Công Dân, thẻ Bảo Hiểm Y Tế.</p><p>3 – Sinh viên mang theo chi phí sinh hoạt để hoàn thiện cho TT GDQP (tiền ăn 70,000vnđ/ngày x số ngày thực tế, tiền nước, điện), chi phí võ phục 200,000vnđ/bộ.</p><p>4 – Sinh viên mang theo đồ sinh hoạt cá nhân, các loại thuốc đặc trị theo bệnh lý.</p><p>5 – Mang theo đồ dùng cá nhân quần áo, giày thể thao…</p><p>6 – Sinh viên khi về giáo dục QP &amp; AN tại Trung tâm phải có phẩm chất đạo đức tốt, chấp hành nghiêm pháp luật Nhà nước, kỷ luật quân đội, quy định của Trung tâm (mang mặc trang phục lịch sự, đầu tóc gọn gàng, không nhuộm tóc lòe loẹt, không lộ hình xăm phản cảm), đủ điều kiện sức khỏe để tham gia học tập.</p><p>7 – Không mang theo và sử dụng các chất kích thích, gây nghiện, gây cháy, nổ; không tàng trữ, sử dụng vũ khí quân dụng, vũ khí thô sơ.</p><p>8 – Sinh viên đã có chứng chỉ GDQP vẫn phải bắt buộc tham gia tháng RLTT theo đúng quy định của nhà trường.</p><p>9 – Sinh viên kiểm tra kỹ số xe, tiểu đội, địa điểm tập kết, giờ xuất quân.</p>','Để công tác tổ chức cho sinh viên đi học tập và rèn luyện được đảm bảo an toàn và đúng thời gian quy định, nhà trường xin thông báo cho sinh viên cần chuẩn bị trước thời gian lên đường tham gia tháng rèn luyện tập trung (viết tắt là RLTT) các nội dung như sau:','Đại học FPT Hà Nội thông báo tháng rèn luyện tập trung dành cho tân sinh viên K18','1','https://lms-thumbnail-g23.s3.ap-southeast-1.amazonaws.com/vietnq_8a21a157-29a3-4de4-a008-dab1f2f4ddc5',0,174,NULL),(154,'viettrainer@gmail.com','2022-12-07 17:24:42','viettrainer@gmail.com','2022-12-07 17:24:42','<p>Bước 1: Truy cập link: <a href=\"https://daihoc.fpt.edu.vn/tra-cuu-lich-hoc-tai-k18-tai-ha-noi/\">https://daihoc.fpt.edu.vn/tra-cuu-lich-hoc-tai-k18-tai-ha-noi/&nbsp;</a></p><p>Bước 2: Nhập mã sinh viên và ấn tìm kiếm</p>','Đại học FPT Hà Nội thông báo tới tân sinh viên K18 kết quả thi xếp lớp Tiếng Anh và kế hoạch học tập. Sinh viên tra cứu theo hướng dẫn sau đây','Tra cứu kế hoạch học tập sinh viên K18 tại ĐH FPT Hà Nội','1','https://lms-thumbnail-g23.s3.ap-southeast-1.amazonaws.com/vietnq_28ef85f9-84ad-43e6-a307-96f064eaab85',0,174,NULL),(164,'viettrainer@gmail.com','2022-12-07 17:29:32','viettrainer@gmail.com','2022-12-07 17:29:32','<p><strong>Yêu cầu:</strong> Sinh viên bắt buộc phải khai báo y tế và có chữ ký xác nhận của gia đình.</p><p><strong>Hình thức:</strong>&nbsp;Nộp bản cứng có chữ ký theo đại đội</p><p><strong>Thời gian:</strong>&nbsp;Nộp trực tiếp tại Trung tâm giáo dục QP&amp;AN Trường quân sự Bộ Tư lệnh Thủ đô Hà Nội (Sơn Tây – Hà Nội).</p><p>Sinh viên tải mẫu tờ khai y tế.</p><p><i>Lưu ý:</i></p><ul><li><i>Sinh viên cần khai báo trước ở nhà và có chữ ký xác nhận của gia đình, sau đó mang lên Trung tâm giáo dục QP&amp;AN Trường quân sự Bộ Tư lệnh Thủ đô Hà Nội nộp lại theo đại đội.</i></li><li><i>Tờ khai y tế chỉ bắt buộc với sinh viên đi RLTT ở Sơn Tây, không áp dụng với sinh viên đi RLTT tại Xuân Hoà.</i></li></ul>','Trường Đại học FPT Hà Nội thông báo, sinh viên K18 tham gia tháng rèn luyện tập trung tại Trung tâm giáo dục QP&AN Trường quân sự Bộ Tư lệnh Thủ đô Hà Nội (Sơn Tây – Hà Nội) bắt buộc phải điền tờ khai y tế theo mẫu dưới đây để khai báo tình hình sức khoẻ và tiền sử bệnh lý để Trung tâm đưa ra phương','Mẫu tờ khai bắt buộc cho sinh viên K18 tham gia rèn luyện tập trung tại Sơn Tây','1','https://lms-thumbnail-g23.s3.ap-southeast-1.amazonaws.com/vietnq_3a7ae7a8-77e1-4dff-b952-0c698359d9c7',0,174,NULL),(174,'viettrainer@gmail.com','2022-12-07 17:31:48','anonymousUser','2022-12-23 13:35:52','<p><strong>I. Chỉ tiêu, ngành đào tạo và lịch trình tuyển sinh bổ sung đợt 2</strong></p><ol><li><i><strong>Chỉ tiêu: </strong></i>1000</li><li><i><strong>Ngành học – mã ngành:</strong></i></li></ol><p>Mã trường: FPT</p><figure class=\"table\"><table><thead><tr><th><strong>Khối ngành</strong></th><th><strong>Ngành</strong></th><th><strong>Mã ngành</strong></th><th><strong>Chuyên Ngành</strong></th></tr></thead><tbody><tr><td>III</td><td>Quản trị kinh doanh</td><td>7340101</td><td>Digital Marketing; Kinh doanh quốc tế; Quản trị khách sạn; Quản trị dịch vụ du lịch &amp; lữ hành; Quản trị truyền thông đa phương tiện; Tài chính.</td></tr><tr><td>V</td><td>Công nghệ thông tin</td><td>7480201</td><td>Kỹ thuật phần mềm; Hệ thống thông tin; Trí tuệ nhân tạo; An toàn thông tin; Thiết kế Mỹ thuật số.</td></tr><tr><td rowspan=\"3\">VII</td><td>Ngôn ngữ Anh</td><td>7220201</td><td>Ngôn ngữ Anh</td></tr><tr><td>Ngôn ngữ Nhật</td><td>7220209</td><td>Ngôn ngữ Nhật</td></tr><tr><td>Ngôn ngữ Hàn Quốc</td><td>7220210</td><td>Ngôn ngữ Hàn Quốc</td></tr></tbody></table></figure><ol><li><i><strong>Lịch trình:</strong></i> Từ ngày 01/10/2022 đến ngày 10/10/2022.</li></ol><p><strong>II. Thủ tục đăng ký</strong></p><ol><li><i><strong>Thí sinh gửi bản chụp/scan các hồ sơ đăng ký bên dưới qua email hoặc website của trường</strong></i></li></ol><p>– Phiếu đăng ký ĐH FPT (theo mẫu của Trường Đại học FPT);</p><p>– Chứng minh thư nhân dân/Căn cước công dân/Hộ chiếu;</p><p>– Học bạ THPT (đủ 3 năm);</p><p>– Giấy chứng nhận kết quả kỳ thi tốt nghiệp THPT năm 2022;</p><p>– Giấy chứng nhận xếp hạng SchoolRank trên trang https://SchoolRank.fpt.edu.vn (áp dụng với thí sinh xét tuyển theo xếp hạng SchoolRank 2022);</p><p>– Các giấy tờ chứng nhận điều kiện đăng ký khác (nếu có).</p><ol><li><i><strong>Nộp lệ phí tuyển sinh</strong></i></li></ol><ul><li>Lệ phí tuyển sinh: 200,000 đồng;</li><li>Đăng ký chỉ hợp lệ khi Trường ĐH FPT nhận được đầy đủ hồ sơ và lệ phí tuyển sinh theo quy định.</li></ul><p><strong>III. Nhập học</strong></p><ol><li><i><strong>Thí sinh gửi bản chụp/scan các hồ sơ nhập học bên dưới qua email&nbsp;</strong></i><a href=\"mailto:daihocfpt@fpt.edu.vn\"><i><strong>daihocfpt@fpt.edu.vn</strong></i></a><i><strong>&nbsp;hoặc website của trường tại&nbsp;</strong></i><a href=\"https://daihoc.fpt.edu.vn/phieu-nhap-hoc\"><i><strong>https://daihoc.fpt.edu.vn/phieu-nhap-hoc</strong></i></a></li></ol><p><i>1.1. Hồ sơ thông thường</i></p><p>– Biên lai nộp tiền;</p><p>– <a href=\"https://daihoc.fpt.edu.vn/wp-content/uploads/2022/09/06.04abmdhFE11-Phieu-nhap-hoc-2022.pdf\">Phiếu nhập học</a> (có chữ ký theo mẫu của Trường Đại học FPT);</p><p>– Ảnh 3×4;</p><p>– Bằng tốt nghiệp THPT (hoặc Giấy chứng nhận tốt nghiệp THPT tạm thời – Sinh viên cần nộp bổ sung 01 bản sao chứng thực Bằng tốt nghiệp THPT trong vòng 1 năm kể từ ngày bắt đầu học);</p><p>– Giấy khai sinh.</p><p><i>1.2. Hồ sơ bổ sung (nếu có)</i></p><ul><li>Chứng chỉ Tiếng Anh TOEFL iBT từ 80 hoặc IELTS (học thuật) từ 6.0 hoặc quy đổi tương đương; Chứng chỉ tiếng Nhật JLPT từ N3 trở lên; hoặc Chứng chỉ tiếng Hàn TOPIK cấp độ 4 trong kỳ thi TOPIK II trở lên;</li><li>Bằng tốt nghiệp ĐH;</li><li>Bằng tốt nghiệp THPT ở nước ngoài;</li><li>Chứng chỉ/Bằng tốt nghiệp Chương trình APTECH HDSE/APTECH ADSE/ARENA ADIM/BTEC HND/FUNiX Software Engineering;</li><li>Giấy chứng nhận sinh viên và Bảng điểm các môn đã học của trường ĐH thuộc Top1000 trong 3 bảng xếp hạng gần nhất: QS, ARWU và THE hoặc đạt chứng nhận QS Star 5 sao về chất lượng đào tạo;</li><li>Kết quả bài thi Đánh giá năng lực của ĐHQG-HN/ĐHQG-HCM năm 2022;</li><li>Đơn đăng ký ưu tiên xét tuyển (có chữ ký theo mẫu của Trường Đại học FPT) (áp dụng đối với thí sinh là Thế hệ 1);</li><li>Giấy tờ chứng minh thành tích khác.</li></ul><p><i>1.3. Hồ sơ bổ sung (diện học bổng/tín dụng)</i></p><p>– Đơn đề nghị tham gia chương trình tín dụng có chữ ký xác nhận của phụ huynh (áp dụng đối với diện tín dụng);</p><p>– Thoả thuận tín dụng (áp dụng đối với diện tín dụng);</p><p>– Giấy tờ tài liệu xác thực hoàn cảnh khó khăn tài chính của gia đình (áp dụng đối với diện tín dụng);</p><p>– Sổ hộ khẩu/Giấy xác nhận cư trú sinh viên và của Người bảo lãnh (nếu Người bảo lãnh không cùng hộ khẩu sinh viên) (áp dụng đối với diện tín dụng/Ưu đãi học phí cho thí sinh có anh/chị/em ruột theo học FE);</p><p>– CMND/CCCD của Người bảo lãnh (áp dụng đối với diện tín dụng/Ưu đãi học phí cho thí sinh có anh/chị/em ruột theo học FE);</p><p>– CMND/CCCD của anh/chị/em ruột thí sinh theo học FE (áp dụng đối với diện Ưu đãi học phí cho thí sinh có anh/chị/em ruột theo học FE);</p><p>– Giấy xác nhận sinh viên của anh/chị/em ruột đang theo học tại các chương trình đào tạo của FE trên toàn quốc (áp dụng đối với diện Ưu đãi học phí cho thí sinh có anh/chị/em ruột theo học FE);</p><p>– Giấy tờ xác nhận thành tích (áp dụng đối với diện học bổng).</p><ol><li><i><strong>Thí sinh nộp bản cứng hồ sơ nhập học bên dưới qua bưu điện hoặc nộp trực tiếp khi đến trường nhập học</strong></i></li></ol><p>– Biên lai nộp tiền: Bản sao;</p><p>– Phiếu nhập học: Bản gốc có chữ ký theo mẫu của Trường Đại học FPT;</p><p>– 01 ảnh 3×4 (bỏ vào phong bì nhỏ, ghi rõ họ tên và ngày tháng năm sinh ra bên ngoài phong bì và đằng sau ảnh) hoặc bản scan ảnh 3×4;</p><p>– Đơn đăng ký ưu tiên xét tuyển: Bản gốc có chữ ký theo mẫu của Trường Đại học FPT (áp dụng đối với thí sinh là Thế hệ 1);</p><p>– Đơn đề nghị tham gia chương trình tín dụng: Bản gốc có chữ ký xác nhận của phụ huynh (áp dụng đối với diện tín dụng);</p><p>– Thỏa thuận tín dụng: Bản gốc (áp dụng đối với diện tín dụng);</p><p>– Giấy xác nhận sinh viên của anh/chị/em ruột đang theo học tại các chương trình đào tạo của FE trên toàn quốc: Bản gốc (áp dụng đối với diện Ưu đãi học phí cho thí sinh có anh/chị/em ruột theo học FE);</p><p>– Bản sao công chứng các hồ sơ còn lại tại mục III.1 của thông báo này.</p><ol><li><i><strong>Thời hạn nộp hồ sơ nhập học</strong></i></li></ol><ul><li>Thời hạn nộp hồ sơ online: Từ ngày 01/10/2022 đến ngày 10/10/2022;</li><li>Thời hạn nộp hồ sơ bản cứng: khi đến trường nhập học.</li></ul><p><strong>IV. Nộp học phí</strong></p><ul><li>Nộp học phí kỳ định hướng và 1 mức Tiếng Anh chuẩn bị<strong> (</strong>xem chi tiết mức phí tại Quy định tài chính năm 2022 cho sinh viên các hệ đào tạo Trường ĐH FPT);</li><li>Nếu thuộc diện được miễn học Tiếng Anh, học phí này sẽ chuyển vào học phí chuyên ngành cho học kỳ đầu tiên. Thí sinh nhận học bổng chỉ nộp học phí tương ứng với mức học bổng được cấp;</li><li>Thời gian nộp học phí: Từ ngày 01/10/2022 đến ngày 10/10/2022;</li><li>Thí sinh nộp các khoản phí vào tài khoản ngân hàng của Trường Đại học FPT theo hình thức chuyển khoản.</li></ul><p><strong>V. Chi tiết các khoản học phí thí sinh cần nộp theo nơi đăng ký học</strong></p><p>Đợt đóng học phí đầu tiên khi nhập học nhà trường thu các khoản học phí (1) + (2) bao gồm:</p><ul><li><strong>Tại Hà Nội/ Tp. Hồ Chí Minh:</strong></li></ul><p>1) Học phí kỳ định hướng: 11,300,000 VNĐ</p><p>2) Học phí 01 mức Tiếng Anh chuẩn bị: 11,300,000 VNĐ/mức</p><p>Tổng cộng (1) + (2): 22,600,000 VNĐ</p><ul><li><strong>Tại Đà Nẵng/ Quy Nhơn:</strong></li></ul><p>1) Học phí kỳ định hướng: 7,910,000 VNĐ</p><p>2) Học phí 01 mức Tiếng Anh chuẩn bị: 7,910,000 VNĐ/mức</p><p>Tổng cộng (1) + (2): 15,820,000 VNĐ</p><ul><li><strong>Tại Cần Thơ</strong></li></ul><p>1) Học phí kỳ định hướng: 7,250,000 VNĐ</p><p>2) Học phí 01 mức Tiếng Anh chuẩn bị: 7,250,000 VNĐ/mức</p><p>Tổng cộng (1) + (2): 14,500,000 VNĐ</p><p><strong>Tài khoản ngân hàng của Trường Đại học FPT</strong></p><figure class=\"table\"><table><thead><tr><th><strong>Tài khoản</strong></th><th><strong>Hà Nội</strong></th><th><strong>Tp.HCM</strong></th><th><strong>Đà Nẵng</strong></th><th><strong>Cần Thơ</strong></th><th><strong>Quy Nhơn</strong></th><th>&nbsp;</th></tr></thead><tbody><tr><td><strong>Chủ tài khoản</strong></td><td>Trường Đại học FPT</td><td>Phân hiệu Trường Đại học FPT tại thành phố Hồ Chí Minh</td><td>Phân hiệu Trường Đại học FPT tại thành phố Đà Nẵng</td><td>Phân hiệu trường Đại học FPT tại thành phố Cần Thơ</td><td>Phân hiệu trường Đại học FPT tại tỉnh Bình Định</td><td>&nbsp;</td></tr><tr><td><strong>Số tài khoản</strong></td><td>00006969009</td><td>20209090909</td><td>03557714901</td><td>09098788005</td><td>13111113804</td><td>&nbsp;</td></tr><tr><td><strong>Ngân hàng</strong></td><td>Ngân hàng Thương mại Cổ phần Tiên Phong – Chi nhánh Hoàn Kiếm</td><td>Ngân Hàng Thương mại Cổ phần Tiên Phong – Chi Nhánh Tp. Hồ Chí Minh</td><td>Ngân hàng Thương mại Cổ phần Tiên Phong – Chi nhánh Đà Nẵng</td><td>Ngân hàng Thương mại Cổ phần Tiên Phong – Chi nhánh Cần Thơ</td><td>Ngân hàng Thương mại Cổ phần Tiên Phong – Chi nhánh Bình Định</td><td>&nbsp;</td></tr><tr><td><strong>Nội dung nộp tiền</strong></td><td colspan=\"6\"><p>–&nbsp;&nbsp;&nbsp;&nbsp; Đối với thí sinh đăng ký tuyển sinh:</p><p>&nbsp;</p><p>&lt;Họ và tên thí sinh – Số CMND của thí sinh – Lệ phí ĐKTS 2022&gt;</p><p>–&nbsp;&nbsp;&nbsp;&nbsp; Đối với thí sinh đăng ký nhập học:</p><p>&lt;Họ và tên thí sinh – Số CMND của thí sinh – Lệ phí ĐKNH 2022&gt;</p></td></tr></tbody></table></figure><p><strong>VI. Lưu ý</strong></p><p>Các thông tin chi tiết khác xem tại Quy chế Tuyển sinh Hệ đại học chính quy năm 2022 ban hành kèm theo Quyết định số 867/QĐ-ĐHFPT ngày 28/09/2022 và Quy định Học bổng – Tín dụng cho sinh viên Hệ đại học chính quy được ban hành theo Quyết định số 121/QĐ-ĐHFPT ngày 23/02/2022 của Hiệu trưởng Trường Đại học FPT.</p>','Trường Đại học FPT trân trọng thông báo tuyển sinh bổ sung Hệ đại học chính quy đợt 2 năm 2022 như sau:','Đại học FPT thông báo tuyển sinh bổ sung Hệ đại học chính quy đợt 2 năm 2022','1','https://lms-thumbnail-g23.s3.ap-southeast-1.amazonaws.com/vietnq_3c83b58c-c109-4461-b9a7-fe226214a5d8',9,174,NULL);
/*!40000 ALTER TABLE `post_tbl` ENABLE KEYS */;
UNLOCK TABLES;

--
-- Table structure for table `schedule`
--

DROP TABLE IF EXISTS `schedule`;
/*!40101 SET @saved_cs_client     = @@character_set_client */;
/*!40101 SET character_set_client = utf8 */;
CREATE TABLE `schedule` (
  `schedule_id` bigint(20) NOT NULL AUTO_INCREMENT,
  `created_by` varchar(255) DEFAULT NULL,
  `created_date` datetime DEFAULT NULL,
  `modified_by` varchar(255) DEFAULT NULL,
  `modified_date` datetime DEFAULT NULL,
  `from_time` time DEFAULT NULL,
  `status` bit(1) DEFAULT NULL,
  `to_time` time DEFAULT NULL,
  `topic` varchar(255) DEFAULT NULL,
  `training_date` date DEFAULT NULL,
  `module_id` bigint(20) DEFAULT NULL,
  `class_id` bigint(20) DEFAULT NULL,
  `room_id` bigint(20) DEFAULT NULL,
  PRIMARY KEY (`schedule_id`),
  KEY `FK60xg4jvuwici9qugyyr45ktgf` (`module_id`),
  KEY `FKqqv2rqy5xxw2oyhie35seyclw` (`class_id`),
  KEY `FKbe4um70jjtrh25fo6kmxscl18` (`room_id`),
  CONSTRAINT `FK60xg4jvuwici9qugyyr45ktgf` FOREIGN KEY (`module_id`) REFERENCES `class_setting` (`class_setting_id`),
  CONSTRAINT `FKbe4um70jjtrh25fo6kmxscl18` FOREIGN KEY (`room_id`) REFERENCES `setting` (`setting_id`),
  CONSTRAINT `FKqqv2rqy5xxw2oyhie35seyclw` FOREIGN KEY (`class_id`) REFERENCES `class` (`class_id`)
) ENGINE=InnoDB AUTO_INCREMENT=265 DEFAULT CHARSET=utf8;
/*!40101 SET character_set_client = @saved_cs_client */;

--
-- Dumping data for table `schedule`
--

LOCK TABLES `schedule` WRITE;
/*!40000 ALTER TABLE `schedule` DISABLE KEYS */;
INSERT INTO `schedule` VALUES (24,'vietsupporter@gmail.com','2022-12-14 09:15:06','viettrainer@gmail.com','2022-12-14 09:39:00','16:10:00',NULL,'17:40:00','1','2022-12-14',64,44,644),(34,'vietsupporter@gmail.com','2022-12-14 09:15:17','vietsupporter@gmail.com','2022-12-14 09:41:04','16:10:00',NULL,'17:40:00','2','2022-12-15',74,44,644),(44,'vietsupporter@gmail.com','2022-12-14 09:15:28','vietsupporter@gmail.com','2022-12-14 13:45:24','16:10:00',NULL,'17:40:00','3','2022-12-16',84,44,644),(54,'vietsupporter@gmail.com','2022-12-14 09:15:38','vietsupporter@gmail.com','2022-12-14 09:15:38','16:10:00','\0','17:40:00','4','2022-12-17',94,44,644),(64,'vietsupporter@gmail.com','2022-12-14 09:15:52','vietsupporter@gmail.com','2022-12-14 09:15:52','16:10:00','\0','17:40:00','5','2022-12-19',104,44,644),(74,'vietsupporter@gmail.com','2022-12-14 09:16:02','vietsupporter@gmail.com','2022-12-14 09:16:02','16:10:00','\0','17:40:00','6','2022-12-20',114,44,644),(84,'vietsupporter@gmail.com','2022-12-14 09:16:11','vietsupporter@gmail.com','2022-12-14 09:16:11','16:10:00','\0','17:40:00','7','2022-12-21',124,44,644),(94,'vietsupporter@gmail.com','2022-12-14 09:16:23','vietsupporter@gmail.com','2022-12-14 09:16:23','16:10:00','\0','17:40:00','8','2022-12-22',134,44,644),(104,'vietsupporter@gmail.com','2022-12-14 09:16:33','vietsupporter@gmail.com','2022-12-14 09:16:33','16:10:00','\0','17:40:00','9','2022-12-23',144,44,644),(114,'vietsupporter@gmail.com','2022-12-14 09:16:44','vietsupporter@gmail.com','2022-12-27 22:36:59','16:10:00','\0','17:40:00','Slot 12','2022-12-31',154,44,644),(124,'vietsupporter@gmail.com','2022-12-14 09:16:53','vietsupporter@gmail.com','2022-12-27 22:34:48','16:10:00','\0','17:40:00','Slot 11','2022-12-29',164,44,644),(134,'vietsupporter@gmail.com','2022-12-21 14:32:20','vietsupporter@gmail.com','2022-12-21 14:32:20','21:30:00','\0','21:40:00','2','2022-12-21',254,54,644),(144,'vietsupporter@gmail.com','2022-12-24 18:30:57','vietsupporter@gmail.com','2022-12-24 18:47:38','07:30:00',NULL,'09:00:00','1','2022-12-25',274,64,644),(154,'vietsupporter@gmail.com','2022-12-24 18:32:05','vietsupporter@gmail.com','2022-12-24 18:48:03','09:10:00',NULL,'10:50:00','2','2022-12-25',284,64,644),(164,'vietsupporter@gmail.com','2022-12-24 18:32:34','vietsupporter@gmail.com','2022-12-24 18:48:24','11:00:00',NULL,'12:20:00','3','2022-12-25',294,64,644),(174,'vietsupporter@gmail.com','2022-12-24 18:32:55','vietsupporter@gmail.com','2022-12-24 18:32:55','11:00:00','\0','12:20:00','4','2022-12-26',304,64,644),(184,'vietsupporter@gmail.com','2022-12-24 18:35:11','vietsupporter@gmail.com','2022-12-24 18:35:11','12:50:00','\0','14:20:00','5','2022-12-26',314,64,644),(194,'vietsupporter@gmail.com','2022-12-24 18:35:22','vietsupporter@gmail.com','2022-12-24 18:35:22','12:50:00','\0','14:20:00','6','2022-12-27',324,64,644),(204,'vietsupporter@gmail.com','2022-12-24 18:35:52','vietsupporter@gmail.com','2022-12-24 18:35:52','07:30:00','\0','09:00:00','7','2022-12-27',334,64,644),(214,'vietsupporter@gmail.com','2022-12-24 18:36:07','viettrainer@gmail.com','2022-12-28 02:14:15','07:30:00',NULL,'09:00:00','8','2022-12-28',344,64,644),(224,'vietsupporter@gmail.com','2022-12-24 18:36:42','vietsupporter@gmail.com','2022-12-24 18:36:42','09:00:00','\0','10:50:00','9','2022-12-28',354,64,644),(234,'vietsupporter@gmail.com','2022-12-24 18:37:07','vietsupporter@gmail.com','2022-12-24 18:37:07','11:00:00','\0','12:20:00','10','2022-12-28',364,64,644),(244,'vietsupporter@gmail.com','2022-12-24 18:39:16','vietsupporter@gmail.com','2022-12-24 18:39:16','12:50:00','\0','14:20:00','11','2022-12-28',374,64,644),(254,'vietsupporter@gmail.com','2022-12-24 18:39:42','vietsupporter@gmail.com','2022-12-24 18:39:42','14:30:00','\0','16:00:00','12','2022-12-28',384,64,644),(264,'vietsupporter@gmail.com','2022-12-24 18:40:03','vietsupporter@gmail.com','2022-12-24 18:40:03','16:10:00','\0','17:40:00','13','2022-12-28',394,64,644);
/*!40000 ALTER TABLE `schedule` ENABLE KEYS */;
UNLOCK TABLES;

--
-- Table structure for table `setting`
--

DROP TABLE IF EXISTS `setting`;
/*!40101 SET @saved_cs_client     = @@character_set_client */;
/*!40101 SET character_set_client = utf8 */;
CREATE TABLE `setting` (
  `setting_id` bigint(20) NOT NULL AUTO_INCREMENT,
  `created_by` varchar(255) DEFAULT NULL,
  `created_date` datetime DEFAULT NULL,
  `modified_by` varchar(255) DEFAULT NULL,
  `modified_date` datetime DEFAULT NULL,
  `description` varchar(255) DEFAULT NULL,
  `display_order` varchar(255) DEFAULT NULL,
  `setting_title` varchar(255) DEFAULT NULL,
  `setting_value` varchar(255) DEFAULT NULL,
  `status` varchar(255) DEFAULT NULL,
  `screen_id` bigint(20) DEFAULT NULL,
  `type_id` bigint(20) DEFAULT NULL,
  PRIMARY KEY (`setting_id`),
  UNIQUE KEY `UK_3e4tk32iq98it81o0q40h5r1d` (`setting_value`),
  KEY `FKf0djegitn7cetorr7upxwc3vt` (`screen_id`),
  KEY `FKgd88q3lg873hfpg9vkjew3dvr` (`type_id`),
  CONSTRAINT `FKf0djegitn7cetorr7upxwc3vt` FOREIGN KEY (`screen_id`) REFERENCES `setting` (`setting_id`),
  CONSTRAINT `FKgd88q3lg873hfpg9vkjew3dvr` FOREIGN KEY (`type_id`) REFERENCES `setting` (`setting_id`)
) ENGINE=InnoDB AUTO_INCREMENT=805 DEFAULT CHARSET=utf8;
/*!40101 SET character_set_client = @saved_cs_client */;

--
-- Dumping data for table `setting`
--

LOCK TABLES `setting` WRITE;
/*!40000 ALTER TABLE `setting` DISABLE KEYS */;
INSERT INTO `setting` VALUES (1,NULL,'2022-10-07 23:15:03',NULL,'2022-10-07 23:15:03','contain setting for each screen in system',NULL,'System Screen','TYPE_SCREEN',NULL,NULL,NULL),(2,NULL,'2022-10-07 23:15:03',NULL,'2022-10-07 23:15:03','contain api link',NULL,'API','TYPE_API',NULL,NULL,NULL),(3,NULL,'2022-10-07 23:15:03',NULL,'2022-10-07 23:15:03','contain settings relate to user role',NULL,'User Role','TYPE_ROLE',NULL,NULL,NULL),(4,NULL,'2022-10-07 23:15:03',NULL,'2022-10-07 23:15:03','type for test',NULL,'Test','TYPE_TEST',NULL,NULL,NULL),(5,NULL,NULL,NULL,NULL,'term for classes','1','Term','TYPE_TERM','1',NULL,NULL),(6,NULL,NULL,NULL,NULL,'branch of classes','1','Branch','TYPE_BRANCH','1',NULL,NULL),(7,NULL,NULL,NULL,NULL,'contain different type of web contact','1','Contact Category','TYPE_CONTACT','1',NULL,NULL),(8,NULL,NULL,NULL,NULL,'contain subject setting','1','Subject setting','TYPE_SUBJECT_SETTING','1',NULL,NULL),(9,NULL,NULL,NULL,NULL,'contain class setting','1','Class setting','TYPE_CLASS_SETTING','1',NULL,NULL),(10,NULL,NULL,NULL,NULL,'Setting for room','1','Room','TYPE_ROOM','1',NULL,NULL),(11,NULL,NULL,NULL,NULL,'Contain category of post ','4','Post','TYPE_POST','1',NULL,NULL),(12,NULL,'2022-10-07 23:15:03',NULL,'2022-10-09 05:25:19','admin12','2','admin','ROLE_ADMIN','1',NULL,3),(13,NULL,'2022-10-07 23:15:03',NULL,'2022-10-09 05:52:04','trainee','1000000000000000000000000000000000000000000000000','trainee','ROLE_TRAINEE','1',NULL,3),(14,NULL,'2022-10-07 23:15:03',NULL,'2022-10-07 23:15:03','description for manager','1','manager','ROLE_MANAGER','1',NULL,3),(15,NULL,'2022-10-07 23:15:03',NULL,'2022-10-08 14:29:14','description for supporter','1','supporter','ROLE_SUPPORTER','1',NULL,3),(16,NULL,'2022-10-07 23:15:03',NULL,'2022-10-07 23:15:03','description for trainer','1','trainer','ROLE_TRAINER','1',NULL,3),(17,NULL,'2022-10-07 23:15:03',NULL,'2022-10-07 23:15:03','description for expert','1','expert','ROLE_EXPERT','1',NULL,3),(44,NULL,NULL,NULL,NULL,'term spring','3','Spring','TERM_SPRING','1',NULL,5),(54,NULL,NULL,NULL,NULL,'term summer','3','Summer','TERM_SUMMER','1',NULL,5),(64,NULL,NULL,NULL,NULL,'term fall','3','Fall','TERM_FALL','1',NULL,5),(74,NULL,NULL,NULL,NULL,'branch Ho Chi Minh','4','HCM','BRANCH_HCM','1',NULL,6),(84,NULL,NULL,NULL,NULL,'branch Ha Noi','4','Ha Noi','BRANCH_HN','1',NULL,6),(94,NULL,NULL,NULL,'2022-10-09 07:25:00','','1','Da Nang','BRANCH_DN','1',NULL,6),(104,NULL,NULL,NULL,NULL,'question about account','1','Account and billing','CONTACT_ACCOUNT','1',NULL,7),(114,NULL,NULL,NULL,NULL,'general question','1','General','CONTACT_GENERAL','1',NULL,7),(124,NULL,NULL,NULL,NULL,'report a bug , problem','1','Report a problem, bugs','CONTACT_PROBLEM','1',NULL,7),(184,'xucxichbo@doivl.com','2022-10-11 14:16:11','vietnqhe04@gmail.com','2022-11-24 15:22:02','LUK','1','LUK','LUK','1',NULL,5),(194,'xucxichbo@doivl.com','2022-10-11 16:13:35','vietnqhe04@gmail.com','2022-11-24 15:22:37','Block5','1','Block5','Term_Block_5','1',NULL,5),(275,NULL,NULL,NULL,NULL,'Setting for subject complexity','1','Subject complexity','TYPE_COMPLEXITY','1',NULL,8),(276,NULL,NULL,NULL,NULL,'Setting for subject quality','1','Subject quality','TYPE_QUALITY','1',NULL,8),(277,NULL,NULL,NULL,NULL,'Setting for subject slots','1','Subject slots','TYPE_SLOT','1',NULL,8),(280,NULL,NULL,NULL,NULL,'Setting for Class slots','1','Class slot','TYPE_CLASS_MODULE','1',NULL,9),(534,NULL,NULL,NULL,NULL,'Setting for issue type','1','Issue type','TYPE_ISSUE_TYPE','1',NULL,9),(544,NULL,NULL,NULL,NULL,'Setting for issue status','1','Issue status','TYPE_ISSUE_STATUS','1',NULL,9),(554,NULL,NULL,NULL,NULL,'Setting for subject modules','1','Subject modules','TYPE_SUBJECT_MODULES','1',NULL,8),(564,NULL,NULL,NULL,NULL,'Setting for keyword category','1','Keyword Category','TYPE_KEYWORD_CATEGORY','1',NULL,8),(574,NULL,NULL,NULL,NULL,'Setting forcontent group type','1','Subject Content group type','TYPE_CONTENT_GROUP','1',NULL,8),(644,NULL,NULL,NULL,NULL,'Setting for room Delta 303','2','Room D303','ROOM_D303','1',NULL,10),(654,NULL,NULL,NULL,NULL,'Setting for room Alpha 202','2','Room A202','ROOM_A202','1',NULL,10),(664,NULL,NULL,NULL,NULL,'Setting for room Alpha 306','2','Room A306','ROOM_A306','1',NULL,10),(674,NULL,NULL,'vietnqhe04@gmail.com','2022-11-24 12:37:41','Setting for room Alpha 301','2','Room A301','ROOM_A301','1',NULL,10),(684,NULL,NULL,NULL,NULL,'Setting for room Alpha 302','2','Room A302','ROOM_A302','1',NULL,10),(694,NULL,NULL,NULL,NULL,'Setting for room Alpha 303','2','Room A303','ROOM_A303','1',NULL,10),(704,NULL,NULL,'xucxichbo@doivl.com','2022-12-04 21:51:13','Room A3011','0','Room A3011','ROOM_A304','1',NULL,10),(754,'vietnqhe04@gmail.com','2022-11-24 12:42:07','xucxichbo@doivl.com','2022-12-14 03:40:39','Room A305','-1','Room A301','Room A305','1',NULL,10),(794,'vietadmin@gmail.com','2022-12-04 18:57:35','vietadmin@gmail.com','2022-12-04 18:57:35','A blog is a regularly updated website or web page, and can either be used for personal use or to fulfill a business need','1','Blog','Blog','1',NULL,11),(804,'vietadmin@gmail.com','2022-12-04 19:07:43','vietadmin@gmail.com','2022-12-04 19:07:43','A story is a depiction of a journey. In a story we follow a character or a series of characters on a journey as they pursue something up against certain obstacles.','1','Story','Story','1',NULL,11);
/*!40000 ALTER TABLE `setting` ENABLE KEYS */;
UNLOCK TABLES;

--
-- Table structure for table `subject`
--

DROP TABLE IF EXISTS `subject`;
/*!40101 SET @saved_cs_client     = @@character_set_client */;
/*!40101 SET character_set_client = utf8 */;
CREATE TABLE `subject` (
  `subject_id` bigint(20) NOT NULL AUTO_INCREMENT,
  `created_by` varchar(255) DEFAULT NULL,
  `created_date` datetime DEFAULT NULL,
  `modified_by` varchar(255) DEFAULT NULL,
  `modified_date` datetime DEFAULT NULL,
  `subject_code` varchar(255) NOT NULL,
  `subject_name` varchar(255) DEFAULT NULL,
  `subject_status` varchar(255) DEFAULT NULL,
  `expert_id` bigint(20) DEFAULT NULL,
  `manager_id` bigint(20) DEFAULT NULL,
  `body` text,
  PRIMARY KEY (`subject_id`),
  UNIQUE KEY `UK_bqn0dl9ld0wcq9na8amhhramm` (`subject_code`),
  KEY `FK3q2ooejviwaxfhel0gs1cdgrw` (`expert_id`),
  KEY `FKnymjcv6wa4jysqsm7sw9trxiv` (`manager_id`),
  CONSTRAINT `FK3q2ooejviwaxfhel0gs1cdgrw` FOREIGN KEY (`expert_id`) REFERENCES `user` (`user_id`),
  CONSTRAINT `FKnymjcv6wa4jysqsm7sw9trxiv` FOREIGN KEY (`manager_id`) REFERENCES `user` (`user_id`)
) ENGINE=InnoDB AUTO_INCREMENT=85 DEFAULT CHARSET=utf8;
/*!40101 SET character_set_client = @saved_cs_client */;

--
-- Dumping data for table `subject`
--

LOCK TABLES `subject` WRITE;
/*!40000 ALTER TABLE `subject` DISABLE KEYS */;
INSERT INTO `subject` VALUES (14,'chungmanager3@gmail.com','2022-12-04 15:40:11','chungmanager3@gmail.com','2022-12-05 09:18:56','SWR301','Software Requirements','1',234,224,NULL),(34,'vietmanager@gmail.com','2022-12-04 15:51:22','vietmanager@gmail.com','2022-12-26 19:34:03','SWD391','Software Architecture and Design','1',234,194,'This course covers a set of important software design methodologies, architectural styles, design guidelines and design tools. Java is used to explain design principles and present case studies.'),(44,'vietmanager@gmail.com','2022-12-04 15:52:13','vietmanager@gmail.com','2022-12-26 19:26:48','CSI101','Connecting to Computer Science','0',234,194,'This course provides an overview of computer Fundamentals. Topics cover all areas of computer science in breadth such as computer organization, network, operating system, data structure , file structure, social and ethical issues.\nMajor Instructional Areas\n- Introduction to Von Neumann Model and computer components\n- Numbering system & data representation\n- Different data types and operations on data\n- The concepts of computer networking and internet\n- Operating system\n- Introduction to basic algorithms and algorithms representation\n- Introduction to Data structure and File structure\n- The concepts of database\n- software engineering\n- Computing Security & Ethics\n\nAssessment structure:\n\n1) Ongoing assessment: 60%:\n02 progress tests: 30%\n02 labs 20%\n02 Presentations 10%\n2) Final Exam: 40%\n3) Final result 100%'),(54,'vietmanager@gmail.com','2022-12-06 14:42:07','vietmanager@gmail.com','2022-12-26 19:29:50','SWP391','Web Java Lab','0',234,194,'	\'This course focuses on designing, developing, and integrating the basic Web-based management system (as assigned/agreed by the teacher) using Java Web (JSP, Servlet, JDBC) or .NET (ASP.NET, ADO.NET) technologies . Students are required to build the system with other 3-5 team members as appointed by the teacher.\nAfter the course, students will be able to achieve Java web programing proficiency with the following skills by practicing with other members in the assigned team\n- Proficiency in common web techniques and basic Java Web skills (JSP, Servlet, JDBC) or .NET Web skills (ASP.NET, ADO.NET)\n- Proficiency in front end skills (HTML, CSS, JS) require for industry\n- Proficiency in SQL skills required for industry\n- Analyze & design the solution following the object oriented models\n- Co-ordinate with the team to complete the works in the form of a project'),(64,'vietmanager@gmail.com','2022-12-10 15:49:19','vietmanager@gmail.com','2022-12-27 22:32:33','SWT301','Software Testing','1',234,194,'• General concepts about software testing\n• Testing techniques aimed at assuring that appropriate functionality has been implemented correctly in the software system or product, including: a) black box or functional testing, b) clear box or structural testing, c) usage-based statistical testing.\nThese testing techniques are organized by their underlying models, including lists, partitions and equivalent classes, finite-state machines.\n• Test activities, management, and related issues, such as testing sub-phases, team organization, testing process, people\'s roles and responsibilities, test automation, etc., will also be discussed.\n• Other testing, verification and validation techniques…'),(74,'vietmanager@gmail.com','2022-12-24 15:06:52','vietmanager@gmail.com','2022-12-26 19:31:51','PRJ321','Java Web Application','1',234,194,'\'This course focuses on designing, developing, and integrating the basic Web-based management system (as assigned/agreed by the teacher) using Java Web (JSP, Servlet, JDBC) or .NET (ASP.NET, ADO.NET) technologies . Students are required to build the system with other 3-5 team members as appointed by the teacher.\nAfter the course, students will be able to achieve Java web programing proficiency with the following skills by practicing with other members in the assigned team\n- Proficiency in common web techniques and basic Java Web skills (JSP, Servlet, JDBC) or .NET Web skills (ASP.NET, ADO.NET)\n- Proficiency in front end skills (HTML, CSS, JS) require for industry\n- Proficiency in SQL skills required for industry\n- Analyze & design the solution following the object oriented models\n- Co-ordinate with the team to complete the works in the form of a project'),(84,'xucxichbo@doivl.com','2022-12-27 14:07:29','xucxichbo@doivl.com','2022-12-27 14:07:29','PRO192','Object-Oriented Programming','1',214,224,'- This subject introduces the student to object-oriented programming.\n- The student learns to build reusable objects, encapsulate data and logic within a class, inherit one class from another and implement polymorphism.');
/*!40000 ALTER TABLE `subject` ENABLE KEYS */;
UNLOCK TABLES;

--
-- Table structure for table `subject_setting`
--

DROP TABLE IF EXISTS `subject_setting`;
/*!40101 SET @saved_cs_client     = @@character_set_client */;
/*!40101 SET character_set_client = utf8 */;
CREATE TABLE `subject_setting` (
  `subject_setting_id` bigint(20) NOT NULL AUTO_INCREMENT,
  `created_by` varchar(255) DEFAULT NULL,
  `created_date` datetime DEFAULT NULL,
  `modified_by` varchar(255) DEFAULT NULL,
  `modified_date` datetime DEFAULT NULL,
  `description` varchar(255) DEFAULT NULL,
  `display_order` varchar(255) DEFAULT NULL,
  `setting_title` varchar(255) DEFAULT NULL,
  `setting_value` varchar(255) DEFAULT NULL,
  `status` varchar(255) DEFAULT NULL,
  `subject_id` bigint(20) DEFAULT NULL,
  `type_id` bigint(20) DEFAULT NULL,
  PRIMARY KEY (`subject_setting_id`),
  KEY `FKe2c0cr1iyuls138jgg70waqaj` (`subject_id`),
  KEY `FKg268byjfs9pf1h1gb23ic55p7` (`type_id`),
  CONSTRAINT `FKe2c0cr1iyuls138jgg70waqaj` FOREIGN KEY (`subject_id`) REFERENCES `subject` (`subject_id`),
  CONSTRAINT `FKg268byjfs9pf1h1gb23ic55p7` FOREIGN KEY (`type_id`) REFERENCES `setting` (`setting_id`)
) ENGINE=InnoDB AUTO_INCREMENT=415 DEFAULT CHARSET=utf8;
/*!40101 SET character_set_client = @saved_cs_client */;

--
-- Dumping data for table `subject_setting`
--

LOCK TABLES `subject_setting` WRITE;
/*!40000 ALTER TABLE `subject_setting` DISABLE KEYS */;
INSERT INTO `subject_setting` VALUES (4,'chungmanager3@gmail.com','2022-12-05 10:08:00','vietmanager@gmail.com','2022-12-14 07:04:55','1.1 What is Requirement Engineering\nHomework, recommended reading','1','Slot 1','Course Instruction','1',14,277),(14,'chungmanager3@gmail.com','2022-12-05 10:10:22','chungmanager3@gmail.com','2022-12-05 10:10:22','1.2 Why engineer requirements?\n1.3 Obstacles to good requirements engineering practice.\n1.4 Agile development processes and requirements engineering.','1','Slot 2','Class exercises: Read & Understand Case studies','1',14,277),(24,'chungmanager3@gmail.com','2022-12-05 10:11:39','chungmanager3@gmail.com','2022-12-05 10:11:39','1.2 Why engineer requirements?\n1.3 Obstacles to good requirements engineering practice.\n1.4 Agile development processes and requirements engineering.','1','Slot 3','Summary and Exercises','1',14,277),(34,'chungmanager3@gmail.com','2022-12-05 10:13:11','chungmanager3@gmail.com','2022-12-05 10:13:11','2.1 Identifying stakeholders and interacting with them.\n2.2 Artefact-driven elicitation techniques.\n2.3 Stakeholder-driven elicitation techniques.\n2.4 Conclusion and Summary.','1','Slot 4','Domain Analysis and Requirements Elicitation','1',14,277),(44,'chungmanager3@gmail.com','2022-12-05 10:14:30','chungmanager3@gmail.com','2022-12-05 10:14:30','3.1 Inconsistency management.\n3.2 Risk analysis.\n3.3 Evaluating alternative options for decision making.\n','1','Slot 5','Requirements Evaluation','1',14,277),(54,'chungmanager3@gmail.com','2022-12-05 14:40:30','chungmanager3@gmail.com','2022-12-05 14:43:38','Low quality','1','Low','50','1',14,276),(64,'chungmanager3@gmail.com','2022-12-05 14:41:06','chungmanager3@gmail.com','2022-12-05 14:50:20','High quality','1','High','80','1',14,276),(74,'chungmanager3@gmail.com','2022-12-05 14:41:57','chungmanager3@gmail.com','2022-12-05 14:50:45','Very high quality','1','Very High','120','1',14,276),(84,'chungmanager3@gmail.com','2022-12-05 14:51:53','chungmanager3@gmail.com','2022-12-05 14:51:53','Medium quality','1','Medium','65','1',14,276),(94,'chungmanager3@gmail.com','2022-12-05 14:53:26','chungmanager3@gmail.com','2022-12-05 14:55:23','Simple complexity','1','Simple','60','1',14,275),(104,'chungmanager3@gmail.com','2022-12-05 14:54:43','chungmanager3@gmail.com','2022-12-05 14:54:43','Medium complexity','1','Medium','85','1',14,275),(114,'chungmanager3@gmail.com','2022-12-05 14:56:44','chungmanager3@gmail.com','2022-12-05 14:56:52','Complex','1','Complex','100','1',14,275),(194,'vietmanager@gmail.com','2022-12-10 15:51:06','vietmanager@gmail.com','2022-12-10 15:52:48','','1','Complex','100','1',64,275),(204,'vietmanager@gmail.com','2022-12-10 15:51:24','vietmanager@gmail.com','2022-12-10 15:52:51','','1','Medium','75','1',64,275),(214,'vietmanager@gmail.com','2022-12-10 15:51:37','vietmanager@gmail.com','2022-12-10 15:51:37','','1','Simple','50','1',64,275),(224,'vietmanager@gmail.com','2022-12-10 15:52:00','vietmanager@gmail.com','2022-12-10 15:52:00','','1','High','100','1',64,276),(234,'vietmanager@gmail.com','2022-12-10 15:52:18','vietmanager@gmail.com','2022-12-10 15:52:18','','1','Medium','75','1',64,276),(244,'vietmanager@gmail.com','2022-12-10 15:52:27','vietmanager@gmail.com','2022-12-10 15:52:27','','1','Low','50','1',64,276),(254,'vietmanager@gmail.com','2022-12-10 15:52:37','vietmanager@gmail.com','2022-12-10 15:52:37','','1','Very Low','25','1',64,276),(264,'vietmanager@gmail.com','2022-12-24 16:20:25','vietmanager@gmail.com','2022-12-24 16:20:25','','1','Simple','50','1',74,275),(274,'vietmanager@gmail.com','2022-12-24 16:20:37','vietmanager@gmail.com','2022-12-24 16:20:37','','1','Medium','75','1',74,275),(284,'vietmanager@gmail.com','2022-12-24 16:20:51','vietmanager@gmail.com','2022-12-24 16:20:51','','1','Complex','90','1',74,275),(294,'vietmanager@gmail.com','2022-12-24 16:21:02','vietmanager@gmail.com','2022-12-24 16:21:02','','1','Very Complex','100','1',74,275),(304,'vietmanager@gmail.com','2022-12-24 16:21:09','vietmanager@gmail.com','2022-12-24 16:21:09','','1','Low','100','1',74,276),(314,'vietmanager@gmail.com','2022-12-24 16:21:30','vietmanager@gmail.com','2022-12-24 16:21:30','','1','Medium','150','1',74,276),(324,'vietmanager@gmail.com','2022-12-24 16:21:38','vietmanager@gmail.com','2022-12-24 16:21:38','','1','High','175','1',74,276),(334,'vietmanager@gmail.com','2022-12-24 16:21:47','vietmanager@gmail.com','2022-12-24 16:21:47','','1','Very High','200','1',74,276),(344,'chungmanager3@gmail.com','2022-12-27 14:19:24','chungmanager3@gmail.com','2022-12-27 14:19:24','','1','Simple','50','1',84,275),(354,'chungmanager3@gmail.com','2022-12-27 14:19:48','chungmanager3@gmail.com','2022-12-27 14:19:48','','1','Medium','75','1',84,275),(364,'chungmanager3@gmail.com','2022-12-27 14:20:02','chungmanager3@gmail.com','2022-12-27 14:20:02','','1','Complex','90','1',84,275),(374,'chungmanager3@gmail.com','2022-12-27 14:20:34','chungmanager3@gmail.com','2022-12-27 14:20:34','','1','Very Complex','100','1',84,275),(384,'chungmanager3@gmail.com','2022-12-27 14:20:57','chungmanager3@gmail.com','2022-12-27 14:20:57','','1','Low','100','1',84,276),(394,'chungmanager3@gmail.com','2022-12-27 14:21:10','chungmanager3@gmail.com','2022-12-27 14:21:10','','1','Medium','150','1',84,276),(404,'chungmanager3@gmail.com','2022-12-27 14:21:23','chungmanager3@gmail.com','2022-12-27 14:21:23','','1','High','175','1',84,276),(414,'chungmanager3@gmail.com','2022-12-27 14:21:39','chungmanager3@gmail.com','2022-12-27 14:21:39','','1','Very High','200','1',84,276);
/*!40000 ALTER TABLE `subject_setting` ENABLE KEYS */;
UNLOCK TABLES;

--
-- Table structure for table `submit_tbl`
--

DROP TABLE IF EXISTS `submit_tbl`;
/*!40101 SET @saved_cs_client     = @@character_set_client */;
/*!40101 SET character_set_client = utf8 */;
CREATE TABLE `submit_tbl` (
  `submit_id` bigint(20) NOT NULL AUTO_INCREMENT,
  `created_by` varchar(255) DEFAULT NULL,
  `created_date` datetime DEFAULT NULL,
  `modified_by` varchar(255) DEFAULT NULL,
  `modified_date` datetime DEFAULT NULL,
  `status` bit(1) DEFAULT NULL,
  `submit_file_url` varchar(255) DEFAULT NULL,
  `submit_time` datetime DEFAULT NULL,
  `user_note` varchar(255) DEFAULT NULL,
  `class_id` bigint(20) DEFAULT NULL,
  `user_id` bigint(20) DEFAULT NULL,
  `group_id` bigint(20) DEFAULT NULL,
  `milestone_id` bigint(20) DEFAULT NULL,
  PRIMARY KEY (`submit_id`),
  KEY `FKiwjdbqc50w5kg38iylwatmhlx` (`class_id`,`user_id`),
  KEY `FKinvtjwii9msmjtru01t1mw0xa` (`group_id`),
  KEY `FKp1agsivyliuq4l9x89r8rklwh` (`milestone_id`),
  CONSTRAINT `FKinvtjwii9msmjtru01t1mw0xa` FOREIGN KEY (`group_id`) REFERENCES `group_tbl` (`group_id`),
  CONSTRAINT `FKiwjdbqc50w5kg38iylwatmhlx` FOREIGN KEY (`class_id`, `user_id`) REFERENCES `class_user` (`class_id`, `user_id`),
  CONSTRAINT `FKp1agsivyliuq4l9x89r8rklwh` FOREIGN KEY (`milestone_id`) REFERENCES `milestone` (`milestone_id`)
) ENGINE=InnoDB AUTO_INCREMENT=5955 DEFAULT CHARSET=utf8;
/*!40101 SET character_set_client = @saved_cs_client */;

--
-- Dumping data for table `submit_tbl`
--

LOCK TABLES `submit_tbl` WRITE;
/*!40000 ALTER TABLE `submit_tbl` DISABLE KEYS */;
INSERT INTO `submit_tbl` VALUES (584,'duynvtrainer3@gmail.com','2022-12-05 10:46:53','duynvtrainer3@gmail.com','2022-12-11 15:27:46','','https://lms-assignment-g23.s3.ap-southeast-1.amazonaws.com/hoapt03584_TraineeImportTemplate.zip','2022-12-11 15:27:13',NULL,14,254,NULL,24),(594,'duynvtrainer3@gmail.com','2022-12-05 10:46:53','duynvtrainer3@gmail.com','2022-12-15 06:59:47','','https://lms-assignment-g23.s3.ap-southeast-1.amazonaws.com/GiangNH3594_RoleTrainer.zip','2022-12-15 06:17:55',NULL,14,264,NULL,24),(604,'duynvtrainer3@gmail.com','2022-12-05 10:46:53','duynvtrainer3@gmail.com','2022-12-11 15:28:04','','https://lms-assignment-g23.s3.ap-southeast-1.amazonaws.com/hangntt3604_TraineeImportTemplate.zip','2022-12-11 15:26:45',NULL,14,274,NULL,24),(614,'duynvtrainer3@gmail.com','2022-12-05 10:46:53','duynvtrainer3@gmail.com','2022-12-05 10:46:53',NULL,NULL,NULL,NULL,14,294,NULL,24),(624,'duynvtrainer3@gmail.com','2022-12-05 10:46:53','duynvtrainer3@gmail.com','2022-12-05 10:46:53',NULL,NULL,NULL,NULL,14,304,NULL,24),(634,'duynvtrainer3@gmail.com','2022-12-05 10:46:53','duynvtrainer3@gmail.com','2022-12-05 10:46:53',NULL,NULL,NULL,NULL,14,314,NULL,24),(644,'duynvtrainer3@gmail.com','2022-12-05 10:46:53','duynvtrainer3@gmail.com','2022-12-05 10:46:53',NULL,NULL,NULL,NULL,14,324,NULL,24),(654,'duynvtrainer3@gmail.com','2022-12-05 10:46:53','duynvtrainer3@gmail.com','2022-12-05 10:46:53',NULL,NULL,NULL,NULL,14,334,NULL,24),(664,'duynvtrainer3@gmail.com','2022-12-05 10:46:53','duynvtrainer3@gmail.com','2022-12-20 15:07:48','','https://lms-assignment-g23.s3.ap-southeast-1.amazonaws.com/davm3664_1_Lectures.zip','2022-12-20 15:03:02',NULL,14,344,NULL,24),(674,'duynvtrainer3@gmail.com','2022-12-05 10:46:53','duynvtrainer3@gmail.com','2022-12-05 10:46:53',NULL,NULL,NULL,NULL,14,354,NULL,24),(684,'duynvtrainer3@gmail.com','2022-12-05 10:46:53','duynvtrainer3@gmail.com','2022-12-05 10:46:53',NULL,NULL,NULL,NULL,14,364,NULL,24),(694,'duynvtrainer3@gmail.com','2022-12-05 10:48:23','duynvtrainer3@gmail.com','2022-12-05 10:48:23',NULL,NULL,NULL,NULL,14,254,NULL,34),(704,'duynvtrainer3@gmail.com','2022-12-05 10:48:23','duynvtrainer3@gmail.com','2022-12-16 10:03:00','','https://lms-assignment-g23.s3.ap-southeast-1.amazonaws.com/GiangNH3704_RoleTrainer.zip','2022-12-16 10:01:22',NULL,14,264,NULL,34),(714,'duynvtrainer3@gmail.com','2022-12-05 10:48:23','duynvtrainer3@gmail.com','2022-12-05 10:48:23',NULL,NULL,NULL,NULL,14,274,NULL,34),(724,'duynvtrainer3@gmail.com','2022-12-05 10:48:23','duynvtrainer3@gmail.com','2022-12-05 10:48:23',NULL,NULL,NULL,NULL,14,294,NULL,34),(734,'duynvtrainer3@gmail.com','2022-12-05 10:48:23','duynvtrainer3@gmail.com','2022-12-05 10:48:23',NULL,NULL,NULL,NULL,14,304,NULL,34),(744,'duynvtrainer3@gmail.com','2022-12-05 10:48:23','duynvtrainer3@gmail.com','2022-12-05 10:48:23',NULL,NULL,NULL,NULL,14,314,NULL,34),(754,'duynvtrainer3@gmail.com','2022-12-05 10:48:23','duynvtrainer3@gmail.com','2022-12-05 10:48:23',NULL,NULL,NULL,NULL,14,324,NULL,34),(764,'duynvtrainer3@gmail.com','2022-12-05 10:48:23','duynvtrainer3@gmail.com','2022-12-05 10:48:23',NULL,NULL,NULL,NULL,14,334,NULL,34),(774,'duynvtrainer3@gmail.com','2022-12-05 10:48:23','davm3@gmail.com','2022-12-20 15:04:24','\0','https://lms-assignment-g23.s3.ap-southeast-1.amazonaws.com/davm3774_1_Lectures.zip','2022-12-20 15:04:24',NULL,14,344,NULL,34),(784,'duynvtrainer3@gmail.com','2022-12-05 10:48:23','duynvtrainer3@gmail.com','2022-12-05 10:48:23',NULL,NULL,NULL,NULL,14,354,NULL,34),(794,'duynvtrainer3@gmail.com','2022-12-05 10:48:23','duynvtrainer3@gmail.com','2022-12-05 10:48:23',NULL,NULL,NULL,NULL,14,364,NULL,34),(814,'duynvtrainer3@gmail.com','2022-12-05 10:49:55','duynvtrainer3@gmail.com','2022-12-17 14:23:26','','https://lms-assignment-g23.s3.ap-southeast-1.amazonaws.com/GiangNH3814_RoleTrainer.zip','2022-12-15 06:16:45',NULL,14,264,1174,44),(824,'duynvtrainer3@gmail.com','2022-12-05 10:49:55','duynvtrainer3@gmail.com','2022-12-09 14:41:51','','https://lms-assignment-g23.s3.ap-southeast-1.amazonaws.com/hoapt031154_TraineeImportTemplate.zip','2022-12-09 14:35:58',NULL,14,274,1194,44),(834,'duynvtrainer3@gmail.com','2022-12-05 10:49:55','duynvtrainer3@gmail.com','2022-12-09 14:41:51','','https://lms-assignment-g23.s3.ap-southeast-1.amazonaws.com/hoapt031154_TraineeImportTemplate.zip','2022-12-09 14:35:58',NULL,14,294,1194,44),(844,'duynvtrainer3@gmail.com','2022-12-05 10:49:55','davm3@gmail.com','2022-12-20 15:05:20','','https://lms-assignment-g23.s3.ap-southeast-1.amazonaws.com/davm3884_GiangNH3924_Update%20File.zip','2022-12-20 13:48:42',NULL,14,304,1184,44),(854,'duynvtrainer3@gmail.com','2022-12-05 10:49:55','davm3@gmail.com','2022-12-20 15:05:20','','https://lms-assignment-g23.s3.ap-southeast-1.amazonaws.com/davm3884_GiangNH3924_Update%20File.zip','2022-12-20 13:48:42',NULL,14,314,1184,44),(874,'duynvtrainer3@gmail.com','2022-12-05 10:49:55','duynvtrainer3@gmail.com','2022-12-17 14:23:26','','https://lms-assignment-g23.s3.ap-southeast-1.amazonaws.com/GiangNH3814_RoleTrainer.zip','2022-12-15 06:16:45',NULL,14,334,1174,44),(884,'duynvtrainer3@gmail.com','2022-12-05 10:49:55','davm3@gmail.com','2022-12-20 15:05:20','','https://lms-assignment-g23.s3.ap-southeast-1.amazonaws.com/davm3884_GiangNH3924_Update%20File.zip','2022-12-20 13:48:42',NULL,14,344,1184,44),(904,'duynvtrainer3@gmail.com','2022-12-05 10:49:55','duynvtrainer3@gmail.com','2022-12-17 14:23:26','','https://lms-assignment-g23.s3.ap-southeast-1.amazonaws.com/GiangNH3814_RoleTrainer.zip','2022-12-15 06:16:45',NULL,14,364,1174,44),(914,'duynvtrainer3@gmail.com','2022-12-05 10:52:05','duynvtrainer3@gmail.com','2022-12-09 15:00:51','','https://lms-assignment-g23.s3.ap-southeast-1.amazonaws.com/hoapt03914_TraineeImportTemplate.zip','2022-12-09 14:51:38',NULL,14,254,1194,54),(924,'duynvtrainer3@gmail.com','2022-12-05 10:52:05','duynvtrainer3@gmail.com','2022-12-17 14:17:51','','https://lms-assignment-g23.s3.ap-southeast-1.amazonaws.com/GiangNH3924_Update%20File.zip','2022-12-17 14:17:04',NULL,14,264,1174,54),(934,'duynvtrainer3@gmail.com','2022-12-05 10:52:05','duynvtrainer3@gmail.com','2022-12-09 15:00:51','','https://lms-assignment-g23.s3.ap-southeast-1.amazonaws.com/hoapt03914_TraineeImportTemplate.zip','2022-12-09 14:51:38',NULL,14,274,1194,54),(944,'duynvtrainer3@gmail.com','2022-12-05 10:52:05','duynvtrainer3@gmail.com','2022-12-09 15:00:51','','https://lms-assignment-g23.s3.ap-southeast-1.amazonaws.com/hoapt03914_TraineeImportTemplate.zip','2022-12-09 14:51:38',NULL,14,294,1194,54),(954,'duynvtrainer3@gmail.com','2022-12-05 10:52:05','davm3@gmail.com','2022-12-21 14:45:39','\0','https://lms-assignment-g23.s3.ap-southeast-1.amazonaws.com/davm3994_TraineeImportTemplate.zip','2022-12-21 14:45:39',NULL,14,304,1184,54),(964,'duynvtrainer3@gmail.com','2022-12-05 10:52:05','davm3@gmail.com','2022-12-21 14:45:39','\0','https://lms-assignment-g23.s3.ap-southeast-1.amazonaws.com/davm3994_TraineeImportTemplate.zip','2022-12-21 14:45:39',NULL,14,314,1184,54),(974,'duynvtrainer3@gmail.com','2022-12-05 10:52:05','davm3@gmail.com','2022-12-21 14:45:39','\0','https://lms-assignment-g23.s3.ap-southeast-1.amazonaws.com/davm3994_TraineeImportTemplate.zip','2022-12-21 14:45:39',NULL,14,324,1184,54),(984,'duynvtrainer3@gmail.com','2022-12-05 10:52:05','duynvtrainer3@gmail.com','2022-12-17 14:17:51','','https://lms-assignment-g23.s3.ap-southeast-1.amazonaws.com/GiangNH3924_Update%20File.zip','2022-12-17 14:17:04',NULL,14,334,1174,54),(994,'duynvtrainer3@gmail.com','2022-12-05 10:52:05','davm3@gmail.com','2022-12-21 14:45:39','\0','https://lms-assignment-g23.s3.ap-southeast-1.amazonaws.com/davm3994_TraineeImportTemplate.zip','2022-12-21 14:45:39',NULL,14,344,1184,54),(1004,'duynvtrainer3@gmail.com','2022-12-05 10:52:05','duynvtrainer3@gmail.com','2022-12-17 14:17:51','','https://lms-assignment-g23.s3.ap-southeast-1.amazonaws.com/GiangNH3924_Update%20File.zip','2022-12-17 14:17:04',NULL,14,354,1174,54),(1014,'duynvtrainer3@gmail.com','2022-12-05 10:52:05','duynvtrainer3@gmail.com','2022-12-17 14:17:51','','https://lms-assignment-g23.s3.ap-southeast-1.amazonaws.com/GiangNH3924_Update%20File.zip','2022-12-17 14:17:04',NULL,14,364,1174,54),(1144,'duynvtrainer3@gmail.com','2022-12-05 11:06:16','davm3@gmail.com','2022-12-20 15:05:20','','https://lms-assignment-g23.s3.ap-southeast-1.amazonaws.com/davm3884_GiangNH3924_Update%20File.zip','2022-12-20 13:48:42',NULL,14,324,1184,44),(1154,'duynvtrainer3@gmail.com','2022-12-05 11:06:31','duynvtrainer3@gmail.com','2022-12-09 14:41:51','','https://lms-assignment-g23.s3.ap-southeast-1.amazonaws.com/hoapt031154_TraineeImportTemplate.zip','2022-12-09 14:35:58',NULL,14,254,1194,44),(1164,'duynvtrainer3@gmail.com','2022-12-05 11:07:25','duynvtrainer3@gmail.com','2022-12-17 14:23:26','','https://lms-assignment-g23.s3.ap-southeast-1.amazonaws.com/GiangNH3814_RoleTrainer.zip','2022-12-15 06:16:45',NULL,14,354,1174,44),(2614,'duynvtrainer3@gmail.com','2022-12-09 14:23:17','duynvtrainer3@gmail.com','2022-12-17 14:23:26','','https://lms-assignment-g23.s3.ap-southeast-1.amazonaws.com/GiangNH3814_RoleTrainer.zip','2022-12-15 06:16:45',NULL,NULL,NULL,1174,44),(2624,'duynvtrainer3@gmail.com','2022-12-09 14:23:17','davm3@gmail.com','2022-12-20 15:05:20','','https://lms-assignment-g23.s3.ap-southeast-1.amazonaws.com/davm3884_GiangNH3924_Update%20File.zip','2022-12-20 13:48:42',NULL,NULL,NULL,1184,44),(2634,'duynvtrainer3@gmail.com','2022-12-09 14:23:17','duynvtrainer3@gmail.com','2022-12-09 14:41:51','','https://lms-assignment-g23.s3.ap-southeast-1.amazonaws.com/hoapt031154_TraineeImportTemplate.zip','2022-12-09 14:35:58',NULL,NULL,NULL,1194,44),(2644,'duynvtrainer3@gmail.com','2022-12-09 14:48:06','duynvtrainer3@gmail.com','2022-12-17 14:17:51','','https://lms-assignment-g23.s3.ap-southeast-1.amazonaws.com/GiangNH3924_Update%20File.zip','2022-12-17 14:17:04',NULL,NULL,NULL,1174,54),(2654,'duynvtrainer3@gmail.com','2022-12-09 14:48:06','davm3@gmail.com','2022-12-21 14:45:39','\0','https://lms-assignment-g23.s3.ap-southeast-1.amazonaws.com/davm3994_TraineeImportTemplate.zip','2022-12-21 14:45:39',NULL,NULL,NULL,1184,54),(2664,'duynvtrainer3@gmail.com','2022-12-09 14:48:06','duynvtrainer3@gmail.com','2022-12-09 15:00:51','','https://lms-assignment-g23.s3.ap-southeast-1.amazonaws.com/hoapt03914_TraineeImportTemplate.zip','2022-12-09 14:51:38',NULL,NULL,NULL,1194,54),(2674,'viettrainer@gmail.com','2022-12-10 17:38:23','viettrainer@gmail.com','2022-12-10 17:38:23',NULL,NULL,NULL,NULL,44,114,NULL,84),(2684,'viettrainer@gmail.com','2022-12-10 17:38:23','viettrainer@gmail.com','2022-12-13 10:44:16',NULL,NULL,NULL,NULL,44,114,1324,94),(2694,'viettrainer@gmail.com','2022-12-10 17:38:23','viettrainer@gmail.com','2022-12-24 17:16:36','','https://lms-assignment-g23.s3.ap-southeast-1.amazonaws.com/buithinhung2934_GiangNH3924_Update%20File.zip','2022-12-24 17:16:06',NULL,44,114,1534,104),(2714,'viettrainer@gmail.com','2022-12-10 17:38:23','viettrainer@gmail.com','2022-12-10 17:38:23',NULL,NULL,NULL,NULL,44,114,NULL,124),(2724,'viettrainer@gmail.com','2022-12-10 17:38:23','viettrainer@gmail.com','2022-12-23 11:11:26',NULL,NULL,NULL,NULL,44,114,1324,134),(2734,'viettrainer@gmail.com','2022-12-10 17:38:23','viettrainer@gmail.com','2022-12-11 15:22:31','','https://lms-assignment-g23.s3.ap-southeast-1.amazonaws.com/phamchidung2734_TraineeImportTemplate.zip','2022-12-11 15:21:47',NULL,44,74,NULL,84),(2754,'viettrainer@gmail.com','2022-12-10 17:38:23','viettrainer@gmail.com','2022-12-13 16:31:37',NULL,NULL,NULL,NULL,44,74,1524,104),(2774,'viettrainer@gmail.com','2022-12-10 17:38:23','viettrainer@gmail.com','2022-12-10 17:38:23',NULL,NULL,NULL,NULL,44,74,NULL,124),(2784,'viettrainer@gmail.com','2022-12-10 17:38:23','viettrainer@gmail.com','2022-12-23 11:11:26',NULL,NULL,NULL,NULL,44,74,1334,134),(2794,'viettrainer@gmail.com','2022-12-10 17:38:23','viettrainer@gmail.com','2022-12-10 17:38:23',NULL,NULL,NULL,NULL,44,64,NULL,84),(2814,'viettrainer@gmail.com','2022-12-10 17:38:23','viettrainer@gmail.com','2022-12-13 16:31:37',NULL,NULL,NULL,NULL,44,64,1524,104),(2824,'viettrainer@gmail.com','2022-12-10 17:38:23','viettrainer@gmail.com','2022-12-15 00:37:32',NULL,NULL,NULL,NULL,44,64,2034,114),(2834,'viettrainer@gmail.com','2022-12-10 17:38:23','viettrainer@gmail.com','2022-12-10 17:38:23',NULL,NULL,NULL,NULL,44,64,NULL,124),(2844,'viettrainer@gmail.com','2022-12-10 17:38:23','viettrainer@gmail.com','2022-12-23 11:11:26',NULL,NULL,NULL,NULL,44,64,1344,134),(2854,'viettrainer@gmail.com','2022-12-10 17:38:23','viettrainer@gmail.com','2022-12-11 15:24:09','','https://lms-assignment-g23.s3.ap-southeast-1.amazonaws.com/buiducthang2854_TraineeImportTemplate.zip','2022-12-11 15:21:12',NULL,44,84,NULL,84),(2864,'viettrainer@gmail.com','2022-12-10 17:38:23','viettrainer@gmail.com','2022-12-14 10:02:15','','https://lms-assignment-g23.s3.ap-southeast-1.amazonaws.com/buiducthang2864_TraineeImportTemplate.zip','2022-12-14 10:00:25',NULL,44,84,1344,94),(2884,'viettrainer@gmail.com','2022-12-10 17:38:23','viettrainer@gmail.com','2022-12-15 00:37:32',NULL,NULL,NULL,NULL,44,84,2004,114),(2894,'viettrainer@gmail.com','2022-12-10 17:38:23','viettrainer@gmail.com','2022-12-10 17:38:23',NULL,NULL,NULL,NULL,44,84,NULL,124),(2904,'viettrainer@gmail.com','2022-12-10 17:38:23','viettrainer@gmail.com','2022-12-23 11:11:26',NULL,NULL,NULL,NULL,44,84,1344,134),(2914,'viettrainer@gmail.com','2022-12-10 17:38:23','viettrainer@gmail.com','2022-12-11 15:24:25','','https://lms-assignment-g23.s3.ap-southeast-1.amazonaws.com/buithinhung2914_TraineeImportTemplate.zip','2022-12-11 15:20:34',NULL,44,94,NULL,84),(2924,'viettrainer@gmail.com','2022-12-10 17:38:23','viettrainer@gmail.com','2022-12-13 10:44:16',NULL,NULL,NULL,NULL,44,94,1304,94),(2934,'viettrainer@gmail.com','2022-12-10 17:38:23','viettrainer@gmail.com','2022-12-24 17:16:36','','https://lms-assignment-g23.s3.ap-southeast-1.amazonaws.com/buithinhung2934_GiangNH3924_Update%20File.zip','2022-12-24 17:16:06',NULL,44,94,1534,104),(2944,'viettrainer@gmail.com','2022-12-10 17:38:23','viettrainer@gmail.com','2022-12-15 00:37:32',NULL,NULL,NULL,NULL,44,94,2014,114),(2954,'viettrainer@gmail.com','2022-12-10 17:38:23','viettrainer@gmail.com','2022-12-10 17:38:23',NULL,NULL,NULL,NULL,44,94,NULL,124),(2964,'viettrainer@gmail.com','2022-12-10 17:38:23','viettrainer@gmail.com','2022-12-23 11:11:26',NULL,NULL,NULL,NULL,44,94,1304,134),(2974,'viettrainer@gmail.com','2022-12-10 17:38:23','viettrainer@gmail.com','2022-12-10 17:38:23',NULL,NULL,NULL,NULL,44,104,NULL,84),(2984,'viettrainer@gmail.com','2022-12-10 17:38:23','viettrainer@gmail.com','2022-12-13 10:44:16',NULL,NULL,NULL,NULL,44,104,1324,94),(2994,'viettrainer@gmail.com','2022-12-10 17:38:23','viettrainer@gmail.com','2022-12-15 09:36:36',NULL,NULL,NULL,NULL,44,104,NULL,104),(3014,'viettrainer@gmail.com','2022-12-10 17:38:23','viettrainer@gmail.com','2022-12-10 17:38:23',NULL,NULL,NULL,NULL,44,104,NULL,124),(3024,'viettrainer@gmail.com','2022-12-10 17:38:23','viettrainer@gmail.com','2022-12-23 11:11:26',NULL,NULL,NULL,NULL,44,104,1324,134),(3034,'viettrainer@gmail.com','2022-12-10 17:38:23','viettrainer@gmail.com','2022-12-22 04:09:18','','https://lms-assignment-g23.s3.ap-southeast-1.amazonaws.com/hoangtunglam3034_TraineeImportTemplate.zip','2022-12-16 13:58:56',NULL,44,124,NULL,84),(3054,'viettrainer@gmail.com','2022-12-10 17:38:23','viettrainer@gmail.com','2022-12-24 17:16:36','','https://lms-assignment-g23.s3.ap-southeast-1.amazonaws.com/buithinhung2934_GiangNH3924_Update%20File.zip','2022-12-24 17:16:06',NULL,44,124,1534,104),(3074,'viettrainer@gmail.com','2022-12-10 17:38:23','viettrainer@gmail.com','2022-12-10 17:38:23',NULL,NULL,NULL,NULL,44,124,NULL,124),(3084,'viettrainer@gmail.com','2022-12-10 17:38:23','lammht@gmail.com','2022-12-23 11:22:12','\0','https://lms-assignment-g23.s3.ap-southeast-1.amazonaws.com/hoangtunglam3084_TraineeImportTemplate.zip','2022-12-23 11:22:11',NULL,44,124,1314,134),(3094,'viettrainer@gmail.com','2022-12-10 17:38:23','viettrainer@gmail.com','2022-12-10 17:38:23',NULL,NULL,NULL,NULL,44,134,NULL,84),(3104,'viettrainer@gmail.com','2022-12-10 17:38:23','viettrainer@gmail.com','2022-12-22 04:33:48','','https://lms-assignment-g23.s3.ap-southeast-1.amazonaws.com/hoangtunglam3484_TraineeImportTemplate.zip','2022-12-21 07:52:30',NULL,44,134,1314,94),(3114,'viettrainer@gmail.com','2022-12-10 17:38:23','viettrainer@gmail.com','2022-12-13 16:31:37',NULL,NULL,NULL,NULL,44,134,1544,104),(3134,'viettrainer@gmail.com','2022-12-10 17:38:23','viettrainer@gmail.com','2022-12-10 17:38:23',NULL,NULL,NULL,NULL,44,134,NULL,124),(3144,'viettrainer@gmail.com','2022-12-10 17:38:23','lammht@gmail.com','2022-12-23 11:22:12','\0','https://lms-assignment-g23.s3.ap-southeast-1.amazonaws.com/hoangtunglam3084_TraineeImportTemplate.zip','2022-12-23 11:22:11',NULL,44,134,1314,134),(3154,'viettrainer@gmail.com','2022-12-10 17:38:23','viettrainer@gmail.com','2022-12-10 17:38:23',NULL,NULL,NULL,NULL,44,144,NULL,84),(3164,'viettrainer@gmail.com','2022-12-10 17:38:23','viettrainer@gmail.com','2022-12-13 10:44:16',NULL,NULL,NULL,NULL,44,144,1304,94),(3174,'viettrainer@gmail.com','2022-12-10 17:38:23','viettrainer@gmail.com','2022-12-13 16:31:37',NULL,NULL,NULL,NULL,44,144,1544,104),(3184,'viettrainer@gmail.com','2022-12-10 17:38:23','viettrainer@gmail.com','2022-12-15 00:37:32',NULL,NULL,NULL,NULL,44,144,2004,114),(3194,'viettrainer@gmail.com','2022-12-10 17:38:23','viettrainer@gmail.com','2022-12-10 17:38:23',NULL,NULL,NULL,NULL,44,144,NULL,124),(3204,'viettrainer@gmail.com','2022-12-10 17:38:23','viettrainer@gmail.com','2022-12-23 11:11:26',NULL,NULL,NULL,NULL,44,144,1304,134),(3214,'viettrainer@gmail.com','2022-12-10 17:38:24','viettrainer@gmail.com','2022-12-10 17:38:24',NULL,NULL,NULL,NULL,44,154,NULL,84),(3224,'viettrainer@gmail.com','2022-12-10 17:38:24','viettrainer@gmail.com','2022-12-22 04:31:18','','https://lms-assignment-g23.s3.ap-southeast-1.amazonaws.com/phamchidung3544_TraineeImportTemplate.zip','2022-12-21 07:53:56',NULL,44,154,1334,94),(3234,'viettrainer@gmail.com','2022-12-10 17:38:24','viettrainer@gmail.com','2022-12-13 16:31:37',NULL,NULL,NULL,NULL,44,154,1554,104),(3244,'viettrainer@gmail.com','2022-12-10 17:38:24','viettrainer@gmail.com','2022-12-15 00:37:32',NULL,NULL,NULL,NULL,44,154,2014,114),(3254,'viettrainer@gmail.com','2022-12-10 17:38:24','viettrainer@gmail.com','2022-12-10 17:38:24',NULL,NULL,NULL,NULL,44,154,NULL,124),(3264,'viettrainer@gmail.com','2022-12-10 17:38:24','viettrainer@gmail.com','2022-12-23 11:11:26',NULL,NULL,NULL,NULL,44,154,1334,134),(3274,'viettrainer@gmail.com','2022-12-10 17:38:24','viettrainer@gmail.com','2022-12-10 17:38:24',NULL,NULL,NULL,NULL,44,164,NULL,84),(3284,'viettrainer@gmail.com','2022-12-10 17:38:24','viettrainer@gmail.com','2022-12-22 04:33:48','','https://lms-assignment-g23.s3.ap-southeast-1.amazonaws.com/hoangtunglam3484_TraineeImportTemplate.zip','2022-12-21 07:52:30',NULL,44,164,1314,94),(3294,'viettrainer@gmail.com','2022-12-10 17:38:24','viettrainer@gmail.com','2022-12-13 16:31:37',NULL,NULL,NULL,NULL,44,164,1554,104),(3304,'viettrainer@gmail.com','2022-12-10 17:38:24','viettrainer@gmail.com','2022-12-15 00:37:32',NULL,NULL,NULL,NULL,44,164,2004,114),(3314,'viettrainer@gmail.com','2022-12-10 17:38:24','viettrainer@gmail.com','2022-12-10 17:38:24',NULL,NULL,NULL,NULL,44,164,NULL,124),(3324,'viettrainer@gmail.com','2022-12-10 17:38:24','lammht@gmail.com','2022-12-23 11:22:12','\0','https://lms-assignment-g23.s3.ap-southeast-1.amazonaws.com/hoangtunglam3084_TraineeImportTemplate.zip','2022-12-23 11:22:11',NULL,44,164,1314,134),(3434,'viettrainer@gmail.com','2022-12-13 10:44:16','viettrainer@gmail.com','2022-12-13 10:44:16',NULL,NULL,NULL,NULL,NULL,NULL,1304,94),(3444,'viettrainer@gmail.com','2022-12-13 10:44:16','viettrainer@gmail.com','2022-12-22 04:33:48','','https://lms-assignment-g23.s3.ap-southeast-1.amazonaws.com/hoangtunglam3484_TraineeImportTemplate.zip','2022-12-21 07:52:30',NULL,NULL,NULL,1314,94),(3454,'viettrainer@gmail.com','2022-12-13 10:44:16','viettrainer@gmail.com','2022-12-13 10:44:16',NULL,NULL,NULL,NULL,NULL,NULL,1324,94),(3464,'viettrainer@gmail.com','2022-12-13 10:44:16','viettrainer@gmail.com','2022-12-22 04:31:18','','https://lms-assignment-g23.s3.ap-southeast-1.amazonaws.com/phamchidung3544_TraineeImportTemplate.zip','2022-12-21 07:53:56',NULL,NULL,NULL,1334,94),(3474,'viettrainer@gmail.com','2022-12-13 10:44:16','viettrainer@gmail.com','2022-12-14 10:02:15','','https://lms-assignment-g23.s3.ap-southeast-1.amazonaws.com/buiducthang2864_TraineeImportTemplate.zip','2022-12-14 10:00:25',NULL,NULL,NULL,1344,94),(3484,'viettrainer@gmail.com','2022-12-13 10:44:42','viettrainer@gmail.com','2022-12-22 04:33:48','','https://lms-assignment-g23.s3.ap-southeast-1.amazonaws.com/hoangtunglam3484_TraineeImportTemplate.zip','2022-12-21 07:52:30',NULL,44,124,1314,94),(3534,'viettrainer@gmail.com','2022-12-13 10:59:08','viettrainer@gmail.com','2022-12-14 10:02:15','','https://lms-assignment-g23.s3.ap-southeast-1.amazonaws.com/buiducthang2864_TraineeImportTemplate.zip','2022-12-14 10:00:25',NULL,44,64,1344,94),(3544,'viettrainer@gmail.com','2022-12-13 10:59:37','viettrainer@gmail.com','2022-12-22 04:31:18','','https://lms-assignment-g23.s3.ap-southeast-1.amazonaws.com/phamchidung3544_TraineeImportTemplate.zip','2022-12-21 07:53:56',NULL,44,74,1334,94),(3684,'viettrainer@gmail.com','2022-12-13 16:31:38','viettrainer@gmail.com','2022-12-13 16:31:38',NULL,NULL,NULL,NULL,NULL,NULL,1524,104),(3694,'viettrainer@gmail.com','2022-12-13 16:31:38','viettrainer@gmail.com','2022-12-24 17:16:36','','https://lms-assignment-g23.s3.ap-southeast-1.amazonaws.com/buithinhung2934_GiangNH3924_Update%20File.zip','2022-12-24 17:16:06',NULL,NULL,NULL,1534,104),(3704,'viettrainer@gmail.com','2022-12-13 16:31:38','viettrainer@gmail.com','2022-12-13 16:31:38',NULL,NULL,NULL,NULL,NULL,NULL,1544,104),(3714,'viettrainer@gmail.com','2022-12-13 16:31:38','viettrainer@gmail.com','2022-12-13 16:31:38',NULL,NULL,NULL,NULL,NULL,NULL,1554,104),(3734,'viettrainer@gmail.com','2022-12-14 22:38:27','viettrainer@gmail.com','2022-12-14 22:45:20',NULL,NULL,NULL,NULL,44,84,1524,104),(4314,'viettrainer@gmail.com','2022-12-15 00:31:03','viettrainer@gmail.com','2022-12-15 00:37:32',NULL,NULL,NULL,NULL,44,124,2014,114),(4324,'viettrainer@gmail.com','2022-12-15 00:31:25','viettrainer@gmail.com','2022-12-15 00:37:32',NULL,NULL,NULL,NULL,44,134,2034,114),(4354,'viettrainer@gmail.com','2022-12-15 00:37:32','viettrainer@gmail.com','2022-12-15 00:37:32',NULL,NULL,NULL,NULL,NULL,NULL,2004,114),(4364,'viettrainer@gmail.com','2022-12-15 00:37:32','viettrainer@gmail.com','2022-12-15 00:37:32',NULL,NULL,NULL,NULL,NULL,NULL,2014,114),(4374,'viettrainer@gmail.com','2022-12-15 00:37:32','viettrainer@gmail.com','2022-12-15 00:37:32',NULL,NULL,NULL,NULL,NULL,NULL,2024,114),(4384,'viettrainer@gmail.com','2022-12-15 00:37:32','viettrainer@gmail.com','2022-12-15 00:37:32',NULL,NULL,NULL,NULL,NULL,NULL,2034,114),(4424,'viettrainer@gmail.com','2022-12-15 00:43:55','viettrainer@gmail.com','2022-12-15 00:43:55',NULL,NULL,NULL,NULL,44,104,2024,114),(4434,'viettrainer@gmail.com','2022-12-15 00:45:40','viettrainer@gmail.com','2022-12-15 00:46:02',NULL,NULL,NULL,NULL,44,114,2074,114),(4444,'viettrainer@gmail.com','2022-12-15 00:46:02','viettrainer@gmail.com','2022-12-15 00:46:02',NULL,NULL,NULL,NULL,NULL,NULL,2074,114),(4474,'viettrainer@gmail.com','2022-12-15 00:53:09','viettrainer@gmail.com','2022-12-15 00:53:34',NULL,NULL,NULL,NULL,44,74,2094,114),(4484,'viettrainer@gmail.com','2022-12-15 00:53:34','viettrainer@gmail.com','2022-12-15 00:53:34',NULL,NULL,NULL,NULL,NULL,NULL,2094,114),(4504,'duynvtrainer3@gmail.com','2022-12-15 11:05:24','duynvtrainer3@gmail.com','2022-12-17 17:17:25',NULL,NULL,NULL,NULL,14,264,2214,144),(4524,'duynvtrainer3@gmail.com','2022-12-15 11:05:24','duynvtrainer3@gmail.com','2022-12-17 17:17:25',NULL,NULL,NULL,NULL,14,294,2204,144),(4534,'duynvtrainer3@gmail.com','2022-12-15 11:05:24','duynvtrainer3@gmail.com','2022-12-17 17:17:25',NULL,NULL,NULL,NULL,14,304,2224,144),(4564,'duynvtrainer3@gmail.com','2022-12-15 11:05:24','duynvtrainer3@gmail.com','2022-12-17 17:17:25',NULL,NULL,NULL,NULL,14,334,2214,144),(4574,'duynvtrainer3@gmail.com','2022-12-15 11:05:24','duynvtrainer3@gmail.com','2022-12-17 17:17:25',NULL,NULL,NULL,NULL,14,344,2204,144),(4584,'duynvtrainer3@gmail.com','2022-12-15 11:05:24','duynvtrainer3@gmail.com','2022-12-17 17:17:25',NULL,NULL,NULL,NULL,14,354,2224,144),(4594,'duynvtrainer3@gmail.com','2022-12-15 11:05:24','duynvtrainer3@gmail.com','2022-12-17 17:17:25',NULL,NULL,NULL,NULL,14,364,2214,144),(4644,'duynvtrainer3@gmail.com','2022-12-15 11:07:37','duynvtrainer3@gmail.com','2022-12-17 17:17:25',NULL,NULL,NULL,NULL,14,324,2204,144),(4714,'duynvtrainer3@gmail.com','2022-12-15 11:10:17','duynvtrainer3@gmail.com','2022-12-17 17:17:25',NULL,NULL,NULL,NULL,14,254,2224,144),(4734,'duynvtrainer3@gmail.com','2022-12-15 11:14:38','duynvtrainer3@gmail.com','2022-12-17 17:17:25',NULL,NULL,NULL,NULL,14,274,2204,144),(4754,'duynvtrainer3@gmail.com','2022-12-15 11:18:11','duynvtrainer3@gmail.com','2022-12-17 17:17:25',NULL,NULL,NULL,NULL,14,314,2214,144),(4764,'duynvtrainer3@gmail.com','2022-12-17 17:17:25','duynvtrainer3@gmail.com','2022-12-17 17:17:25',NULL,NULL,NULL,NULL,NULL,NULL,2204,144),(4774,'duynvtrainer3@gmail.com','2022-12-17 17:17:25','duynvtrainer3@gmail.com','2022-12-17 17:17:25',NULL,NULL,NULL,NULL,NULL,NULL,2214,144),(4784,'duynvtrainer3@gmail.com','2022-12-17 17:17:25','duynvtrainer3@gmail.com','2022-12-17 17:17:25',NULL,NULL,NULL,NULL,NULL,NULL,2224,144),(4794,'viettrainer@gmail.com','2022-12-21 08:27:04','viettrainer@gmail.com','2022-12-21 08:27:04',NULL,NULL,NULL,NULL,24,74,NULL,154),(4854,'viettrainer@gmail.com','2022-12-23 11:11:26','viettrainer@gmail.com','2022-12-23 11:11:26',NULL,NULL,NULL,NULL,NULL,NULL,1304,134),(4864,'viettrainer@gmail.com','2022-12-23 11:11:26','lammht@gmail.com','2022-12-23 11:22:12','\0','https://lms-assignment-g23.s3.ap-southeast-1.amazonaws.com/hoangtunglam3084_TraineeImportTemplate.zip','2022-12-23 11:22:11',NULL,NULL,NULL,1314,134),(4874,'viettrainer@gmail.com','2022-12-23 11:11:26','viettrainer@gmail.com','2022-12-23 11:11:26',NULL,NULL,NULL,NULL,NULL,NULL,1324,134),(4884,'viettrainer@gmail.com','2022-12-23 11:11:26','viettrainer@gmail.com','2022-12-23 11:11:26',NULL,NULL,NULL,NULL,NULL,NULL,1334,134),(4894,'viettrainer@gmail.com','2022-12-23 11:11:26','viettrainer@gmail.com','2022-12-23 11:11:26',NULL,NULL,NULL,NULL,NULL,NULL,1344,134),(4904,'viettrainer@gmail.com','2022-12-24 15:56:24','viettrainer@gmail.com','2022-12-24 16:24:33','','https://lms-assignment-g23.s3.ap-southeast-1.amazonaws.com/buithinhung5024_TraineeImportTemplate.zip','2022-12-24 16:16:48',NULL,64,64,2234,164),(4914,'viettrainer@gmail.com','2022-12-24 15:56:24','viettrainer@gmail.com','2022-12-24 18:20:15','','https://lms-assignment-g23.s3.ap-southeast-1.amazonaws.com/buidinhhoang4914_TraineeImportTemplate.zip','2022-12-24 18:09:59',NULL,64,64,NULL,174),(4924,'viettrainer@gmail.com','2022-12-24 15:56:24','viettrainer@gmail.com','2022-12-28 01:35:59','','https://lms-assignment-g23.s3.ap-southeast-1.amazonaws.com/buithinhung5044_final-iter-1-2-3.zip','2022-12-28 01:34:30',NULL,64,64,2264,184),(4934,'viettrainer@gmail.com','2022-12-24 15:56:24','viettrainer@gmail.com','2022-12-28 01:51:20','','https://lms-assignment-g23.s3.ap-southeast-1.amazonaws.com/buithinhung5054_final-iter-1-2-3.zip','2022-12-28 01:46:39',NULL,64,64,2264,194),(4944,'viettrainer@gmail.com','2022-12-24 15:56:24','viettrainer@gmail.com','2022-12-24 16:27:00','','https://lms-assignment-g23.s3.ap-southeast-1.amazonaws.com/hoangtunglam5144_TraineeImportTemplate.zip','2022-12-24 16:11:32',NULL,64,74,2244,164),(4954,'viettrainer@gmail.com','2022-12-24 15:56:24','viettrainer@gmail.com','2022-12-24 18:20:43','','https://lms-assignment-g23.s3.ap-southeast-1.amazonaws.com/DungPC4954_TraineeImportTemplate.zip','2022-12-24 18:13:53',NULL,64,74,NULL,174),(4964,'viettrainer@gmail.com','2022-12-24 15:56:24','viettrainer@gmail.com','2022-12-24 19:41:53',NULL,NULL,NULL,NULL,64,74,2274,184),(4974,'viettrainer@gmail.com','2022-12-24 15:56:24','viettrainer@gmail.com','2022-12-27 23:41:33',NULL,NULL,NULL,NULL,64,74,2274,194),(4984,'viettrainer@gmail.com','2022-12-24 15:56:24','viettrainer@gmail.com','2022-12-24 16:22:46','','https://lms-assignment-g23.s3.ap-southeast-1.amazonaws.com/buiducthang4984_TraineeImportTemplate.zip','2022-12-24 16:14:09',NULL,64,84,2254,164),(4994,'viettrainer@gmail.com','2022-12-24 15:56:24','viettrainer@gmail.com','2022-12-24 18:21:06','','https://lms-assignment-g23.s3.ap-southeast-1.amazonaws.com/buiducthang4994_TraineeImportTemplate.zip','2022-12-24 18:14:41',NULL,64,84,NULL,174),(5004,'viettrainer@gmail.com','2022-12-24 15:56:24','viettrainer@gmail.com','2022-12-24 19:41:53',NULL,NULL,NULL,NULL,64,84,2284,184),(5014,'viettrainer@gmail.com','2022-12-24 15:56:24','viettrainer@gmail.com','2022-12-27 23:41:33',NULL,NULL,NULL,NULL,64,84,2284,194),(5024,'viettrainer@gmail.com','2022-12-24 15:56:24','viettrainer@gmail.com','2022-12-24 16:24:33','','https://lms-assignment-g23.s3.ap-southeast-1.amazonaws.com/buithinhung5024_TraineeImportTemplate.zip','2022-12-24 16:16:48',NULL,64,94,2234,164),(5034,'viettrainer@gmail.com','2022-12-24 15:56:24','viettrainer@gmail.com','2022-12-24 18:21:33','','https://lms-assignment-g23.s3.ap-southeast-1.amazonaws.com/buithinhung5034_TraineeImportTemplate.zip','2022-12-24 18:15:35',NULL,64,94,NULL,174),(5044,'viettrainer@gmail.com','2022-12-24 15:56:24','viettrainer@gmail.com','2022-12-28 01:35:59','','https://lms-assignment-g23.s3.ap-southeast-1.amazonaws.com/buithinhung5044_final-iter-1-2-3.zip','2022-12-28 01:34:30',NULL,64,94,2264,184),(5054,'viettrainer@gmail.com','2022-12-24 15:56:24','viettrainer@gmail.com','2022-12-28 01:51:20','','https://lms-assignment-g23.s3.ap-southeast-1.amazonaws.com/buithinhung5054_final-iter-1-2-3.zip','2022-12-28 01:46:39',NULL,64,94,2264,194),(5064,'viettrainer@gmail.com','2022-12-24 15:56:24','viettrainer@gmail.com','2022-12-24 16:24:33','','https://lms-assignment-g23.s3.ap-southeast-1.amazonaws.com/buithinhung5024_TraineeImportTemplate.zip','2022-12-24 16:16:48',NULL,64,104,2234,164),(5074,'viettrainer@gmail.com','2022-12-24 15:56:24','viettrainer@gmail.com','2022-12-24 18:21:59','','https://lms-assignment-g23.s3.ap-southeast-1.amazonaws.com/phamducduy5074_TraineeImportTemplate.zip','2022-12-24 18:09:07',NULL,64,104,NULL,174),(5084,'viettrainer@gmail.com','2022-12-24 15:56:24','viettrainer@gmail.com','2022-12-28 01:35:59','','https://lms-assignment-g23.s3.ap-southeast-1.amazonaws.com/buithinhung5044_final-iter-1-2-3.zip','2022-12-28 01:34:30',NULL,64,104,2264,184),(5094,'viettrainer@gmail.com','2022-12-24 15:56:24','viettrainer@gmail.com','2022-12-28 01:51:20','','https://lms-assignment-g23.s3.ap-southeast-1.amazonaws.com/buithinhung5054_final-iter-1-2-3.zip','2022-12-28 01:46:39',NULL,64,104,2264,194),(5104,'viettrainer@gmail.com','2022-12-24 15:56:24','viettrainer@gmail.com','2022-12-24 16:27:00','','https://lms-assignment-g23.s3.ap-southeast-1.amazonaws.com/hoangtunglam5144_TraineeImportTemplate.zip','2022-12-24 16:11:32',NULL,64,114,2244,164),(5114,'viettrainer@gmail.com','2022-12-24 15:56:24','viettrainer@gmail.com','2022-12-24 18:22:23','','https://lms-assignment-g23.s3.ap-southeast-1.amazonaws.com/phamthanhan5114_TraineeImportTemplate.zip','2022-12-24 18:05:49',NULL,64,114,NULL,174),(5124,'viettrainer@gmail.com','2022-12-24 15:56:24','viettrainer@gmail.com','2022-12-24 19:41:53',NULL,NULL,NULL,NULL,64,114,2274,184),(5134,'viettrainer@gmail.com','2022-12-24 15:56:24','viettrainer@gmail.com','2022-12-27 23:41:33',NULL,NULL,NULL,NULL,64,114,2274,194),(5144,'viettrainer@gmail.com','2022-12-24 15:56:25','viettrainer@gmail.com','2022-12-24 16:27:00','','https://lms-assignment-g23.s3.ap-southeast-1.amazonaws.com/hoangtunglam5144_TraineeImportTemplate.zip','2022-12-24 16:11:32',NULL,64,124,2244,164),(5154,'viettrainer@gmail.com','2022-12-24 15:56:25','viettrainer@gmail.com','2022-12-24 18:22:51','','https://lms-assignment-g23.s3.ap-southeast-1.amazonaws.com/hoangtunglam5154_TraineeImportTemplate.zip','2022-12-24 18:10:41',NULL,64,124,NULL,174),(5164,'viettrainer@gmail.com','2022-12-24 15:56:25','viettrainer@gmail.com','2022-12-24 19:41:53',NULL,NULL,NULL,NULL,64,124,2274,184),(5174,'viettrainer@gmail.com','2022-12-24 15:56:25','viettrainer@gmail.com','2022-12-27 23:41:33',NULL,NULL,NULL,NULL,64,124,2274,194),(5184,'viettrainer@gmail.com','2022-12-24 15:56:25','viettrainer@gmail.com','2022-12-24 16:22:46','','https://lms-assignment-g23.s3.ap-southeast-1.amazonaws.com/buiducthang4984_TraineeImportTemplate.zip','2022-12-24 16:14:09',NULL,64,134,2254,164),(5194,'viettrainer@gmail.com','2022-12-24 15:56:25','viettrainer@gmail.com','2022-12-24 18:23:08','','https://lms-assignment-g23.s3.ap-southeast-1.amazonaws.com/chinq5194_TraineeImportTemplate.zip','2022-12-24 18:16:28',NULL,64,134,NULL,174),(5204,'viettrainer@gmail.com','2022-12-24 15:56:25','viettrainer@gmail.com','2022-12-24 19:41:53',NULL,NULL,NULL,NULL,64,134,2284,184),(5214,'viettrainer@gmail.com','2022-12-24 15:56:25','viettrainer@gmail.com','2022-12-27 23:41:33',NULL,NULL,NULL,NULL,64,134,2284,194),(5224,'viettrainer@gmail.com','2022-12-24 15:56:25','viettrainer@gmail.com','2022-12-24 16:22:46','','https://lms-assignment-g23.s3.ap-southeast-1.amazonaws.com/buiducthang4984_TraineeImportTemplate.zip','2022-12-24 16:14:09',NULL,64,144,2254,164),(5234,'viettrainer@gmail.com','2022-12-24 15:56:25','viettrainer@gmail.com','2022-12-24 18:23:26','','https://lms-assignment-g23.s3.ap-southeast-1.amazonaws.com/dovanduc5234_TraineeImportTemplate.zip','2022-12-24 18:17:13',NULL,64,144,NULL,174),(5244,'viettrainer@gmail.com','2022-12-24 15:56:25','viettrainer@gmail.com','2022-12-24 19:41:53',NULL,NULL,NULL,NULL,64,144,2284,184),(5254,'viettrainer@gmail.com','2022-12-24 15:56:25','viettrainer@gmail.com','2022-12-27 23:41:33',NULL,NULL,NULL,NULL,64,144,2284,194),(5264,'viettrainer@gmail.com','2022-12-24 15:56:25','viettrainer@gmail.com','2022-12-24 16:27:00','','https://lms-assignment-g23.s3.ap-southeast-1.amazonaws.com/hoangtunglam5144_TraineeImportTemplate.zip','2022-12-24 16:11:32',NULL,64,154,2244,164),(5274,'viettrainer@gmail.com','2022-12-24 15:56:25','viettrainer@gmail.com','2022-12-24 18:23:43','','https://lms-assignment-g23.s3.ap-southeast-1.amazonaws.com/phamthuchien5274_TraineeImportTemplate.zip','2022-12-24 18:18:04',NULL,64,154,NULL,174),(5284,'viettrainer@gmail.com','2022-12-24 15:56:25','viettrainer@gmail.com','2022-12-24 19:41:53',NULL,NULL,NULL,NULL,64,154,2274,184),(5294,'viettrainer@gmail.com','2022-12-24 15:56:25','viettrainer@gmail.com','2022-12-27 23:41:33',NULL,NULL,NULL,NULL,64,154,2274,194),(5304,'viettrainer@gmail.com','2022-12-24 15:56:25','viettrainer@gmail.com','2022-12-24 16:24:33','','https://lms-assignment-g23.s3.ap-southeast-1.amazonaws.com/buithinhung5024_TraineeImportTemplate.zip','2022-12-24 16:16:48',NULL,64,164,2234,164),(5314,'viettrainer@gmail.com','2022-12-24 15:56:25','viettrainer@gmail.com','2022-12-24 18:24:02','','https://lms-assignment-g23.s3.ap-southeast-1.amazonaws.com/phamgiabao5314_TraineeImportTemplate.zip','2022-12-24 18:19:05',NULL,64,164,NULL,174),(5324,'viettrainer@gmail.com','2022-12-24 15:56:25','viettrainer@gmail.com','2022-12-28 01:35:59','','https://lms-assignment-g23.s3.ap-southeast-1.amazonaws.com/buithinhung5044_final-iter-1-2-3.zip','2022-12-28 01:34:30',NULL,64,164,2264,184),(5334,'viettrainer@gmail.com','2022-12-24 15:56:25','viettrainer@gmail.com','2022-12-28 01:51:20','','https://lms-assignment-g23.s3.ap-southeast-1.amazonaws.com/buithinhung5054_final-iter-1-2-3.zip','2022-12-28 01:46:39',NULL,64,164,2264,194),(5344,'viettrainer@gmail.com','2022-12-24 15:57:16','viettrainer@gmail.com','2022-12-24 16:24:33','','https://lms-assignment-g23.s3.ap-southeast-1.amazonaws.com/buithinhung5024_TraineeImportTemplate.zip','2022-12-24 16:16:48',NULL,NULL,NULL,2234,164),(5354,'viettrainer@gmail.com','2022-12-24 15:57:16','viettrainer@gmail.com','2022-12-24 16:27:00','','https://lms-assignment-g23.s3.ap-southeast-1.amazonaws.com/hoangtunglam5144_TraineeImportTemplate.zip','2022-12-24 16:11:32',NULL,NULL,NULL,2244,164),(5364,'viettrainer@gmail.com','2022-12-24 15:57:16','viettrainer@gmail.com','2022-12-24 16:22:46','','https://lms-assignment-g23.s3.ap-southeast-1.amazonaws.com/buiducthang4984_TraineeImportTemplate.zip','2022-12-24 16:14:09',NULL,NULL,NULL,2254,164),(5374,'viettrainer@gmail.com','2022-12-24 19:41:53','viettrainer@gmail.com','2022-12-28 01:35:59','','https://lms-assignment-g23.s3.ap-southeast-1.amazonaws.com/buithinhung5044_final-iter-1-2-3.zip','2022-12-28 01:34:30',NULL,NULL,NULL,2264,184),(5384,'viettrainer@gmail.com','2022-12-24 19:41:53','viettrainer@gmail.com','2022-12-24 19:41:53',NULL,NULL,NULL,NULL,NULL,NULL,2274,184),(5394,'viettrainer@gmail.com','2022-12-24 19:41:53','viettrainer@gmail.com','2022-12-24 19:41:53',NULL,NULL,NULL,NULL,NULL,NULL,2284,184),(5404,'duynvtrainer3@gmail.com','2022-12-27 15:18:43','duynvtrainer3@gmail.com','2022-12-27 15:21:21',NULL,NULL,NULL,NULL,74,254,2304,204),(5414,'duynvtrainer3@gmail.com','2022-12-27 15:18:43','duynvtrainer3@gmail.com','2022-12-27 15:18:43',NULL,NULL,NULL,NULL,74,254,NULL,214),(5424,'duynvtrainer3@gmail.com','2022-12-27 15:18:43','duynvtrainer3@gmail.com','2022-12-27 15:28:07',NULL,NULL,NULL,NULL,74,254,2334,224),(5434,'duynvtrainer3@gmail.com','2022-12-27 15:18:43','duynvtrainer3@gmail.com','2022-12-28 01:27:35',NULL,NULL,NULL,NULL,74,254,2334,234),(5444,'duynvtrainer3@gmail.com','2022-12-27 15:18:43','duynvtrainer3@gmail.com','2022-12-27 15:21:21',NULL,NULL,NULL,NULL,74,264,2304,204),(5454,'duynvtrainer3@gmail.com','2022-12-27 15:18:43','duynvtrainer3@gmail.com','2022-12-27 15:18:43',NULL,NULL,NULL,NULL,74,264,NULL,214),(5464,'duynvtrainer3@gmail.com','2022-12-27 15:18:43','duynvtrainer3@gmail.com','2022-12-27 15:28:07',NULL,NULL,NULL,NULL,74,264,2334,224),(5474,'duynvtrainer3@gmail.com','2022-12-27 15:18:43','duynvtrainer3@gmail.com','2022-12-28 01:27:35',NULL,NULL,NULL,NULL,74,264,2334,234),(5484,'duynvtrainer3@gmail.com','2022-12-27 15:18:43','duynvtrainer3@gmail.com','2022-12-27 15:21:21',NULL,NULL,NULL,NULL,74,274,2304,204),(5494,'duynvtrainer3@gmail.com','2022-12-27 15:18:43','duynvtrainer3@gmail.com','2022-12-27 15:18:43',NULL,NULL,NULL,NULL,74,274,NULL,214),(5504,'duynvtrainer3@gmail.com','2022-12-27 15:18:43','duynvtrainer3@gmail.com','2022-12-27 15:28:07',NULL,NULL,NULL,NULL,74,274,2334,224),(5514,'duynvtrainer3@gmail.com','2022-12-27 15:18:43','duynvtrainer3@gmail.com','2022-12-28 01:27:35',NULL,NULL,NULL,NULL,74,274,2334,234),(5524,'duynvtrainer3@gmail.com','2022-12-27 15:18:43','duynvtrainer3@gmail.com','2022-12-27 15:21:21',NULL,NULL,NULL,NULL,74,294,2314,204),(5534,'duynvtrainer3@gmail.com','2022-12-27 15:18:43','duynvtrainer3@gmail.com','2022-12-27 15:18:43',NULL,NULL,NULL,NULL,74,294,NULL,214),(5544,'duynvtrainer3@gmail.com','2022-12-27 15:18:43','duynvtrainer3@gmail.com','2022-12-27 15:28:07',NULL,NULL,NULL,NULL,74,294,2344,224),(5554,'duynvtrainer3@gmail.com','2022-12-27 15:18:43','duynvtrainer3@gmail.com','2022-12-28 01:27:35',NULL,NULL,NULL,NULL,74,294,2344,234),(5564,'duynvtrainer3@gmail.com','2022-12-27 15:18:43','duynvtrainer3@gmail.com','2022-12-27 15:21:21',NULL,NULL,NULL,NULL,74,304,2294,204),(5574,'duynvtrainer3@gmail.com','2022-12-27 15:18:43','duynvtrainer3@gmail.com','2022-12-27 15:18:43',NULL,NULL,NULL,NULL,74,304,NULL,214),(5584,'duynvtrainer3@gmail.com','2022-12-27 15:18:43','duynvtrainer3@gmail.com','2022-12-27 15:28:07',NULL,NULL,NULL,NULL,74,304,2324,224),(5594,'duynvtrainer3@gmail.com','2022-12-27 15:18:43','duynvtrainer3@gmail.com','2022-12-28 01:27:35',NULL,NULL,NULL,NULL,74,304,2324,234),(5604,'duynvtrainer3@gmail.com','2022-12-27 15:18:43','duynvtrainer3@gmail.com','2022-12-27 15:21:21',NULL,NULL,NULL,NULL,74,314,2294,204),(5614,'duynvtrainer3@gmail.com','2022-12-27 15:18:43','duynvtrainer3@gmail.com','2022-12-27 15:18:43',NULL,NULL,NULL,NULL,74,314,NULL,214),(5624,'duynvtrainer3@gmail.com','2022-12-27 15:18:43','duynvtrainer3@gmail.com','2022-12-27 15:28:07',NULL,NULL,NULL,NULL,74,314,2324,224),(5634,'duynvtrainer3@gmail.com','2022-12-27 15:18:43','duynvtrainer3@gmail.com','2022-12-28 01:27:35',NULL,NULL,NULL,NULL,74,314,2324,234),(5644,'duynvtrainer3@gmail.com','2022-12-27 15:18:43','duynvtrainer3@gmail.com','2022-12-27 15:21:21',NULL,NULL,NULL,NULL,74,324,2304,204),(5654,'duynvtrainer3@gmail.com','2022-12-27 15:18:43','duynvtrainer3@gmail.com','2022-12-27 15:18:43',NULL,NULL,NULL,NULL,74,324,NULL,214),(5664,'duynvtrainer3@gmail.com','2022-12-27 15:18:43','duynvtrainer3@gmail.com','2022-12-27 15:28:07',NULL,NULL,NULL,NULL,74,324,2334,224),(5674,'duynvtrainer3@gmail.com','2022-12-27 15:18:43','duynvtrainer3@gmail.com','2022-12-28 01:27:35',NULL,NULL,NULL,NULL,74,324,2334,234),(5684,'duynvtrainer3@gmail.com','2022-12-27 15:18:43','duynvtrainer3@gmail.com','2022-12-27 15:21:21',NULL,NULL,NULL,NULL,74,334,2314,204),(5694,'duynvtrainer3@gmail.com','2022-12-27 15:18:43','duynvtrainer3@gmail.com','2022-12-27 15:18:43',NULL,NULL,NULL,NULL,74,334,NULL,214),(5704,'duynvtrainer3@gmail.com','2022-12-27 15:18:43','duynvtrainer3@gmail.com','2022-12-27 15:28:07',NULL,NULL,NULL,NULL,74,334,2344,224),(5714,'duynvtrainer3@gmail.com','2022-12-27 15:18:43','duynvtrainer3@gmail.com','2022-12-28 01:27:35',NULL,NULL,NULL,NULL,74,334,2344,234),(5724,'duynvtrainer3@gmail.com','2022-12-27 15:18:43','duynvtrainer3@gmail.com','2022-12-27 15:21:21',NULL,NULL,NULL,NULL,74,344,2294,204),(5734,'duynvtrainer3@gmail.com','2022-12-27 15:18:43','duynvtrainer3@gmail.com','2022-12-27 15:18:43',NULL,NULL,NULL,NULL,74,344,NULL,214),(5744,'duynvtrainer3@gmail.com','2022-12-27 15:18:43','duynvtrainer3@gmail.com','2022-12-27 15:28:07',NULL,NULL,NULL,NULL,74,344,2324,224),(5754,'duynvtrainer3@gmail.com','2022-12-27 15:18:43','duynvtrainer3@gmail.com','2022-12-28 01:27:35',NULL,NULL,NULL,NULL,74,344,2324,234),(5764,'duynvtrainer3@gmail.com','2022-12-27 15:18:43','duynvtrainer3@gmail.com','2022-12-27 15:21:21',NULL,NULL,NULL,NULL,74,354,2314,204),(5774,'duynvtrainer3@gmail.com','2022-12-27 15:18:43','duynvtrainer3@gmail.com','2022-12-27 15:18:43',NULL,NULL,NULL,NULL,74,354,NULL,214),(5784,'duynvtrainer3@gmail.com','2022-12-27 15:18:43','duynvtrainer3@gmail.com','2022-12-27 15:28:07',NULL,NULL,NULL,NULL,74,354,2344,224),(5794,'duynvtrainer3@gmail.com','2022-12-27 15:18:43','duynvtrainer3@gmail.com','2022-12-28 01:27:35',NULL,NULL,NULL,NULL,74,354,2344,234),(5804,'duynvtrainer3@gmail.com','2022-12-27 15:18:44','duynvtrainer3@gmail.com','2022-12-27 15:21:21',NULL,NULL,NULL,NULL,74,364,2294,204),(5814,'duynvtrainer3@gmail.com','2022-12-27 15:18:44','duynvtrainer3@gmail.com','2022-12-27 15:18:44',NULL,NULL,NULL,NULL,74,364,NULL,214),(5824,'duynvtrainer3@gmail.com','2022-12-27 15:18:44','duynvtrainer3@gmail.com','2022-12-27 15:28:07',NULL,NULL,NULL,NULL,74,364,2324,224),(5834,'duynvtrainer3@gmail.com','2022-12-27 15:18:44','duynvtrainer3@gmail.com','2022-12-28 01:27:35',NULL,NULL,NULL,NULL,74,364,2324,234),(5844,'duynvtrainer3@gmail.com','2022-12-27 15:21:22','duynvtrainer3@gmail.com','2022-12-27 15:21:22',NULL,NULL,NULL,NULL,NULL,NULL,2294,204),(5854,'duynvtrainer3@gmail.com','2022-12-27 15:21:22','duynvtrainer3@gmail.com','2022-12-27 15:21:22',NULL,NULL,NULL,NULL,NULL,NULL,2304,204),(5864,'duynvtrainer3@gmail.com','2022-12-27 15:21:22','duynvtrainer3@gmail.com','2022-12-27 15:21:22',NULL,NULL,NULL,NULL,NULL,NULL,2314,204),(5874,'duynvtrainer3@gmail.com','2022-12-27 15:28:07','duynvtrainer3@gmail.com','2022-12-27 15:28:07',NULL,NULL,NULL,NULL,NULL,NULL,2324,224),(5884,'duynvtrainer3@gmail.com','2022-12-27 15:28:07','duynvtrainer3@gmail.com','2022-12-27 15:28:07',NULL,NULL,NULL,NULL,NULL,NULL,2334,224),(5894,'duynvtrainer3@gmail.com','2022-12-27 15:28:07','duynvtrainer3@gmail.com','2022-12-27 15:28:07',NULL,NULL,NULL,NULL,NULL,NULL,2344,224),(5904,'viettrainer@gmail.com','2022-12-27 23:41:33','viettrainer@gmail.com','2022-12-28 01:51:20','','https://lms-assignment-g23.s3.ap-southeast-1.amazonaws.com/buithinhung5054_final-iter-1-2-3.zip','2022-12-28 01:46:39',NULL,NULL,NULL,2264,194),(5914,'viettrainer@gmail.com','2022-12-27 23:41:33','viettrainer@gmail.com','2022-12-27 23:41:33',NULL,NULL,NULL,NULL,NULL,NULL,2274,194),(5924,'viettrainer@gmail.com','2022-12-27 23:41:33','viettrainer@gmail.com','2022-12-27 23:41:33',NULL,NULL,NULL,NULL,NULL,NULL,2284,194),(5934,'duynvtrainer3@gmail.com','2022-12-28 01:27:35','duynvtrainer3@gmail.com','2022-12-28 01:27:35',NULL,NULL,NULL,NULL,NULL,NULL,2324,234),(5944,'duynvtrainer3@gmail.com','2022-12-28 01:27:35','duynvtrainer3@gmail.com','2022-12-28 01:27:35',NULL,NULL,NULL,NULL,NULL,NULL,2334,234),(5954,'duynvtrainer3@gmail.com','2022-12-28 01:27:35','duynvtrainer3@gmail.com','2022-12-28 01:27:35',NULL,NULL,NULL,NULL,NULL,NULL,2344,234);
/*!40000 ALTER TABLE `submit_tbl` ENABLE KEYS */;
UNLOCK TABLES;

--
-- Table structure for table `submit_work`
--

DROP TABLE IF EXISTS `submit_work`;
/*!40101 SET @saved_cs_client     = @@character_set_client */;
/*!40101 SET character_set_client = utf8 */;
CREATE TABLE `submit_work` (
  `work_id` bigint(20) NOT NULL,
  `submit_id` bigint(20) NOT NULL,
  `created_by` varchar(255) DEFAULT NULL,
  `created_date` datetime DEFAULT NULL,
  `modified_by` varchar(255) DEFAULT NULL,
  `modified_date` datetime DEFAULT NULL,
  `reject_reason` varchar(255) DEFAULT NULL,
  `status` bit(1) DEFAULT NULL,
  `milestone_id` bigint(20) DEFAULT NULL,
  PRIMARY KEY (`work_id`,`submit_id`),
  KEY `FKca6mci8nwittluu69f0du78s1` (`milestone_id`),
  KEY `FKccyirpsuwwyles37jute3mpwm` (`submit_id`),
  CONSTRAINT `FKca6mci8nwittluu69f0du78s1` FOREIGN KEY (`milestone_id`) REFERENCES `milestone` (`milestone_id`),
  CONSTRAINT `FKccyirpsuwwyles37jute3mpwm` FOREIGN KEY (`submit_id`) REFERENCES `submit_tbl` (`submit_id`),
  CONSTRAINT `FKo7o0bjxfh8jg9g8iwgovwg3u8` FOREIGN KEY (`work_id`) REFERENCES `issue_tbl` (`issue_id`)
) ENGINE=InnoDB DEFAULT CHARSET=utf8;
/*!40101 SET character_set_client = @saved_cs_client */;

--
-- Dumping data for table `submit_work`
--

LOCK TABLES `submit_work` WRITE;
/*!40000 ALTER TABLE `submit_work` DISABLE KEYS */;
INSERT INTO `submit_work` VALUES (134,824,'hoapt3@gmail.com','2022-12-09 14:35:58','duynvtrainer3@gmail.com','2022-12-09 14:41:52',NULL,'',44),(144,814,'giangnh3@gmail.com','2022-12-15 06:16:45','duynvtrainer3@gmail.com','2022-12-17 14:23:26',NULL,'',44),(154,884,'davm3@gmail.com','2022-12-20 13:48:42','davm3@gmail.com','2022-12-20 15:05:20',NULL,'',44),(164,914,'hoapt3@gmail.com','2022-12-09 14:51:38','duynvtrainer3@gmail.com','2022-12-09 15:01:38',NULL,'',54),(184,2734,'dungpc@gmail.com','2022-12-11 15:21:47','viettrainer@gmail.com','2022-12-11 15:22:31',NULL,'',84),(184,2854,'thangbd@gmail.com','2022-12-11 15:21:12','viettrainer@gmail.com','2022-12-11 15:24:09',NULL,'',84),(184,2914,'nhungbt@gmail.com','2022-12-11 15:20:34','viettrainer@gmail.com','2022-12-11 15:24:25',NULL,'',84),(184,3034,'lammht@gmail.com','2022-12-16 13:58:56','viettrainer@gmail.com','2022-12-22 04:09:19',NULL,'',84),(194,584,'hoapt3@gmail.com','2022-12-11 15:27:14','duynvtrainer3@gmail.com','2022-12-11 15:27:46',NULL,'',24),(194,594,'giangnh3@gmail.com','2022-12-15 06:17:56','duynvtrainer3@gmail.com','2022-12-15 06:59:47',NULL,'',24),(194,604,'hangntt3@gmail.com','2022-12-11 15:26:45','duynvtrainer3@gmail.com','2022-12-11 15:28:05',NULL,'',24),(194,664,'davm3@gmail.com','2022-12-20 15:03:02','duynvtrainer3@gmail.com','2022-12-20 15:07:48',NULL,'',24),(214,3484,'lammht@gmail.com','2022-12-21 07:52:30','viettrainer@gmail.com','2022-12-22 04:33:48',NULL,'',94),(234,3544,'dungpc@gmail.com','2022-12-21 07:53:56','viettrainer@gmail.com','2022-12-22 04:31:18',NULL,'',94),(244,2864,'thangbd@gmail.com','2022-12-14 10:00:25','viettrainer@gmail.com','2022-12-14 10:02:15',NULL,'',94),(334,704,'giangnh3@gmail.com','2022-12-16 10:01:22','duynvtrainer3@gmail.com','2022-12-16 10:03:01',NULL,'',34),(334,774,'davm3@gmail.com','2022-12-20 15:04:24','davm3@gmail.com','2022-12-20 15:04:24',NULL,NULL,34),(354,924,'giangnh3@gmail.com','2022-12-17 14:17:04','duynvtrainer3@gmail.com','2022-12-17 14:17:51',NULL,'',54),(374,954,'davm3@gmail.com','2022-12-21 14:45:39','davm3@gmail.com','2022-12-21 14:45:39',NULL,NULL,54),(564,3084,'lammht@gmail.com','2022-12-23 11:22:12','lammht@gmail.com','2022-12-23 11:22:12',NULL,NULL,134),(594,4904,'nhungbt@gmail.com','2022-12-24 16:16:48','viettrainer@gmail.com','2022-12-24 16:24:33',NULL,'',164),(604,5024,'nhungbt@gmail.com','2022-12-24 16:16:48','viettrainer@gmail.com','2022-12-24 16:24:48',NULL,'',164),(614,5064,'nhungbt@gmail.com','2022-12-24 16:16:48','viettrainer@gmail.com','2022-12-24 16:25:33',NULL,'',164),(624,5304,'nhungbt@gmail.com','2022-12-24 16:16:48','viettrainer@gmail.com','2022-12-24 16:25:56',NULL,'',164),(634,4944,'lammht@gmail.com','2022-12-24 16:11:32','viettrainer@gmail.com','2022-12-24 16:27:00',NULL,'',164),(644,5104,'lammht@gmail.com','2022-12-24 16:11:32','viettrainer@gmail.com','2022-12-24 16:27:24',NULL,'',164),(654,5144,'lammht@gmail.com','2022-12-24 16:11:32','viettrainer@gmail.com','2022-12-24 16:27:31',NULL,'',164),(664,5264,'lammht@gmail.com','2022-12-24 16:11:32','viettrainer@gmail.com','2022-12-24 16:27:45',NULL,'',164),(674,4984,'thangbd@gmail.com','2022-12-24 16:14:09','viettrainer@gmail.com','2022-12-24 16:22:46',NULL,'',164),(684,5184,'thangbd@gmail.com','2022-12-24 16:14:09','viettrainer@gmail.com','2022-12-24 16:23:07',NULL,'',164),(694,5224,'thangbd@gmail.com','2022-12-24 16:14:09','viettrainer@gmail.com','2022-12-24 16:23:27',NULL,'',164),(814,2934,'nhungbt@gmail.com','2022-12-24 17:16:06','viettrainer@gmail.com','2022-12-24 17:16:36',NULL,'',104),(834,4914,'hoangbd@gmail.com','2022-12-24 18:09:59','viettrainer@gmail.com','2022-12-24 18:20:15',NULL,'',174),(834,4954,'dungpc@gmail.com','2022-12-24 18:13:53','viettrainer@gmail.com','2022-12-24 18:20:43',NULL,'',174),(834,4994,'thangbd@gmail.com','2022-12-24 18:14:41','viettrainer@gmail.com','2022-12-24 18:21:06',NULL,'',174),(834,5034,'nhungbt@gmail.com','2022-12-24 18:15:35','viettrainer@gmail.com','2022-12-24 18:21:33',NULL,'',174),(834,5074,'duypd@gmail.com','2022-12-24 18:09:07','viettrainer@gmail.com','2022-12-24 18:21:59',NULL,'',174),(834,5114,'anpt@gmail.com','2022-12-24 18:05:49','viettrainer@gmail.com','2022-12-24 18:22:23',NULL,'',174),(834,5154,'lammht@gmail.com','2022-12-24 18:10:41','viettrainer@gmail.com','2022-12-24 18:22:51',NULL,'',174),(834,5194,'chinq@gmail.com','2022-12-24 18:16:28','viettrainer@gmail.com','2022-12-24 18:23:08',NULL,'',174),(834,5234,'ducdv@gmail.com','2022-12-24 18:17:13','viettrainer@gmail.com','2022-12-24 18:23:26',NULL,'',174),(834,5274,'hienpt@gmail.com','2022-12-24 18:18:05','viettrainer@gmail.com','2022-12-24 18:23:43',NULL,'',174),(834,5314,'baopg@gmail.com','2022-12-24 18:19:06','viettrainer@gmail.com','2022-12-24 18:24:02',NULL,'',174),(844,4924,'nhungbt@gmail.com','2022-12-28 01:34:30','viettrainer@gmail.com','2022-12-28 01:35:59',NULL,'',184),(854,5044,'nhungbt@gmail.com','2022-12-28 01:34:30','viettrainer@gmail.com','2022-12-28 01:36:14',NULL,'',184),(864,5084,'nhungbt@gmail.com','2022-12-28 01:34:30','viettrainer@gmail.com','2022-12-28 01:36:27',NULL,'',184),(874,5324,'nhungbt@gmail.com','2022-12-28 01:34:30','viettrainer@gmail.com','2022-12-28 01:37:02','ko đúng định dạng thuyết trình','\0',184),(954,4934,'nhungbt@gmail.com','2022-12-28 01:46:39','viettrainer@gmail.com','2022-12-28 01:51:55',NULL,'',194),(964,5054,'nhungbt@gmail.com','2022-12-28 01:46:39','viettrainer@gmail.com','2022-12-28 01:52:02',NULL,'',194),(974,5094,'nhungbt@gmail.com','2022-12-28 01:46:39','viettrainer@gmail.com','2022-12-28 01:53:39',NULL,'',194),(984,5334,'nhungbt@gmail.com','2022-12-28 01:46:39','viettrainer@gmail.com','2022-12-28 01:53:31',NULL,'',194);
/*!40000 ALTER TABLE `submit_work` ENABLE KEYS */;
UNLOCK TABLES;

--
-- Table structure for table `user`
--

DROP TABLE IF EXISTS `user`;
/*!40101 SET @saved_cs_client     = @@character_set_client */;
/*!40101 SET character_set_client = utf8 */;
CREATE TABLE `user` (
  `user_id` bigint(20) NOT NULL AUTO_INCREMENT,
  `created_by` varchar(255) DEFAULT NULL,
  `created_date` datetime DEFAULT NULL,
  `modified_by` varchar(255) DEFAULT NULL,
  `modified_date` datetime DEFAULT NULL,
  `username` varchar(255) NOT NULL,
  `avatar_url` varchar(255) DEFAULT NULL,
  `email` varchar(40) NOT NULL,
  `full_name` varchar(255) DEFAULT NULL,
  `mail_token` varchar(255) DEFAULT NULL,
  `mobile` varchar(255) DEFAULT NULL,
  `note` varchar(255) DEFAULT NULL,
  `password` varchar(255) DEFAULT NULL,
  `status` varchar(255) DEFAULT NULL,
  PRIMARY KEY (`user_id`),
  UNIQUE KEY `UK_sb8bbouer5wak8vyiiy4pf2bx` (`username`),
  UNIQUE KEY `UK_ob8kqyqqgmefl0aco34akdtpe` (`email`)
) ENGINE=InnoDB AUTO_INCREMENT=445 DEFAULT CHARSET=utf8;
/*!40101 SET character_set_client = @saved_cs_client */;

--
-- Dumping data for table `user`
--

LOCK TABLES `user` WRITE;
/*!40000 ALTER TABLE `user` DISABLE KEYS */;
INSERT INTO `user` VALUES (1,'','2022-10-07 23:15:04','xucxichbo@doivl.com','2022-11-19 15:54:23','QuanDVVAV11','https://lms-bucket-g23.s3.ap-southeast-1.amazonaws.com/xucxichbo','xucxichbo@doivl.com','Duong Vu Viet Quan2','','09024324352',NULL,'$2a$10$EaRMMJf70xsA8dr5fguwxOjMwMBzG5NMBFLGtWcYgdY.uvTwnopye','1'),(4,'xucxichbo@doivl.com','2022-12-04 13:32:10','anonymousUser','2022-12-20 14:56:47','ChungNV',NULL,'chungmanager@gmail.com','Nguyen Van Chung',NULL,'0349648229','Nguyen Van Chung - Manager 3','$2a$10$XjnKSpfwW88gEQlyqO7ZO.zECfjOiWMghLh6vm9YSdb6.QWm7kyOy','1'),(14,'xucxichbo@doivl.com','2022-12-04 13:35:18','duynvtrainer3@gmail.com','2022-12-05 09:28:01','duynv3','https://lms-bucket-g23.s3.ap-southeast-1.amazonaws.com/duynvtrainer3','duynvtrainer3@gmail.com','Nguyen Van Duy',NULL,'0349648229','Nguyen Van Duy - Trainer 3 ','$2a$10$cUd9/LC3L6jMPmx/NDah1OLu.tUnDqPm4.P4prrZh52i14hmpjNRS','1'),(24,'xucxichbo@doivl.com','2022-12-04 13:40:07','xucxichbo@doivl.com','2022-12-04 13:40:07','phongnvsupporter3',NULL,'phongnvsupporter3@gmail.com','Nguyen Van Phong',NULL,'0973422657','Nguyen Van Phong - Supporter 3',NULL,'1'),(34,'anonymousUser','2022-12-04 14:06:04','anonymousUser','2022-12-04 14:06:04','vietnguyen','https://lh3.googleusercontent.com/a/ALm5wu3ZuZCBJPMKDMaoG4ZW8Dl5rCM1Qqf8sNKpSaQV=s96-c','vietnqhe140773@gmail.com','Việt Nguyễn',NULL,NULL,NULL,'$2a$10$WRmLoIhVyH9JhwxhhW5Pi.WseTSQB8X5enairPKxQvCSu0dr5rBC.','1'),(44,'anonymousUser','2022-12-04 14:07:46','xucxichbo@doivl.com','2022-12-04 21:41:22','VietNH',NULL,'vietnh@gmail.com','Nguyen Hoang Viet','pi8ecMa5akVOuYBC0ULja3kudI2Jw3','0942830192',NULL,'$2a$10$8AliYOo0frGVoP2dNhyv4u3u7yiLaItHHhkotv00Mp5qy6mW0x4rq','-1'),(54,'anonymousUser','2022-12-04 14:13:55','anonymousUser','2022-12-04 14:13:55','vietnq02',NULL,'vietnq02@gmail.com','vietnq02','28I6jn2sKhBSvmKIHst0dM0HTLAAx7',NULL,NULL,'$2a$10$BdiDJD3gzd7dJPHmnBcwjuUfSI1E6bnhnNX5422JvOa5bJreRgWLG','-1'),(64,'anonymousUser','2022-12-04 14:14:41','hoangbd@gmail.com','2022-12-24 17:54:20','buidinhhoang','https://lms-bucket-g23.s3.ap-southeast-1.amazonaws.com/hoangbd','hoangbd@gmail.com','Bui Dinh Hoang','XyqsLQ5tGomiBoojRGBjVXTjV9QIvN',NULL,NULL,'$2a$10$anno6EOxLR4gk1ONGkuvy.p.vggBrkr6VQ7t0rs76DxEE4LZ412L.','1'),(74,'anonymousUser','2022-12-04 14:15:04','vietadmin@gmail.com','2022-12-24 17:13:04','DungPC',NULL,'dungpc@gmail.com','Pham Chi Dung','gR6ZOvU4u0vTgobSkyhOWNOAoxkgMQ','09659245106',NULL,'$2a$10$sTOoHCGm8cVeH4J00kQH6uJ9cGye//3bCHjVOkIkPkPJ7ESGQMcZS','1'),(84,'anonymousUser','2022-12-04 14:15:29','thangbd@gmail.com','2022-12-24 16:14:43','buiducthang','https://lms-bucket-g23.s3.ap-southeast-1.amazonaws.com/thangbd','thangbd@gmail.com','Bui Duc Thang','hQ7rsSpe5lBYjo1cDxvt1w1sM4UJP3',NULL,NULL,'$2a$10$zp8z7YaqA9lCKVovsPNdROdEjvjXzdXonfn6FXTCj8e3xrXqPD.Am','1'),(94,'anonymousUser','2022-12-04 14:15:51','nhungbt@gmail.com','2022-12-24 17:52:37','buithinhung','https://lms-bucket-g23.s3.ap-southeast-1.amazonaws.com/nhungbt','nhungbt@gmail.com','Bui Thi Nhung','gVst9kLrx3Q7BqwVbTZSLMmp9uBlIg',NULL,NULL,'$2a$10$WwbZSO8jVbzsGUNN0b2XgOgqXMH20Bl52yB4s6j1oyOF2qmdSbusK','1'),(104,'anonymousUser','2022-12-04 14:16:11','duypd@gmail.com','2022-12-24 18:03:19','phamducduy','https://lms-bucket-g23.s3.ap-southeast-1.amazonaws.com/duypd','duypd@gmail.com','Pham Duc Duy','B5z3Xn4Ff1Z6ZKcdAWlhtWYQs0Lx2p',NULL,NULL,'$2a$10$RfGfoNGb1/qXwmMQaj9L1OFMsr98fnIjQmVg8X.Rydj9Im0FZVAjC','1'),(114,'anonymousUser','2022-12-04 14:16:41','anpt@gmail.com','2022-12-24 18:02:08','phamthanhan','https://lms-bucket-g23.s3.ap-southeast-1.amazonaws.com/anpt','anpt@gmail.com','Pham Thanh An','M1eCTgbKYrA7LqG7H5Spew2Y9FZXkD',NULL,NULL,'$2a$10$LvDGTzxpLuxOD0HeDZD2b.2tch.B5QCLVye2a8CGrIqB6nXAzaYbu','1'),(124,'anonymousUser','2022-12-04 14:17:14','lammht@gmail.com','2022-12-24 16:12:04','hoangtunglam','https://lms-bucket-g23.s3.ap-southeast-1.amazonaws.com/lammht','lammht@gmail.com','Hoang Tung Lam',NULL,NULL,NULL,'$2a$10$BSDifRLsGcX3I84DVGo2juVOJ3gyiCZ3tflIA78zbFzR5ALgtWB0W','1'),(134,'anonymousUser','2022-12-04 14:17:50','chinq@gmail.com','2022-12-24 17:56:22','chinq','https://lms-bucket-g23.s3.ap-southeast-1.amazonaws.com/chinq','chinq@gmail.com','Nguyen Que Chi','ICDjpz4uyRCoQgXPAQBLJhOawl97tF','0123456789',NULL,'$2a$10$IowcZCkJTOvrKfjthA9nMOd8LN8yBST7rDypKKEXqhTtt/VzDNrtS','1'),(144,'anonymousUser','2022-12-04 14:19:03','ducdv@gmail.com','2022-12-24 17:59:16','dovanduc','https://lms-bucket-g23.s3.ap-southeast-1.amazonaws.com/ducdv','ducdv@gmail.com','Do Van Duc','xpmtDOH4Zyvg06ngzzIgdrhQpfTuEz',NULL,NULL,'$2a$10$FOZAhEXn7jqQnM2tMLQ.SuDJIGOC5JKGHjQ7bY8vy5VU9leIeNqYG','1'),(154,'anonymousUser','2022-12-04 14:19:27','hienpt@gmail.com','2022-12-24 17:57:47','phamthuchien','https://lms-bucket-g23.s3.ap-southeast-1.amazonaws.com/hienpt','hienpt@gmail.com','Pham Thuc Hien','2im6j4m5jGLcpAi4tWy7yjc3fNBcit',NULL,NULL,'$2a$10$oKDS0X6at13V1hnOc0RNmePsnB1SrF./MIFEd9WzEWNkxZbC9U2/e','1'),(164,'anonymousUser','2022-12-04 14:20:03','baopg@gmail.com','2022-12-24 18:00:17','phamgiabao','https://lms-bucket-g23.s3.ap-southeast-1.amazonaws.com/baopg','baopg@gmail.com','Pham Gia Bao','hSQ5Prgox070G8lDxGMihlT9ekwCEu',NULL,NULL,'$2a$10$BkLeCAXBh8sgPtGskwrVB.HPYiyr0x7WoUE4cq7yzcEhHnp2LX5Ce','1'),(174,'anonymousUser','2022-12-04 14:20:38','viettrainer@gmail.com','2022-12-08 15:26:39','vietnq','https://lms-bucket-g23.s3.ap-southeast-1.amazonaws.com/viettrainer','viettrainer@gmail.com','Nguyen Quoc Viet','xHFxnlL8kkEzz5g8CR4v9Ld4s3PXPL','09432401396',NULL,'$2a$10$/v1.QRS2dcU6rJ.nzI2BZ.1UwgtvTnie1S1AeoQmsAgKa5MIhrisq','1'),(184,'anonymousUser','2022-12-04 14:22:22','vietadmin@gmail.com','2022-12-24 16:13:11','thoai','https://lms-bucket-g23.s3.ap-southeast-1.amazonaws.com/vietadmin','vietadmin@gmail.com','Pham Thoai','bjivvOYtsgh3hjDIBuCjCi9hIObgQF','0123456789',NULL,'$2a$10$JiVmn4otOroW4gV74p5p0OWm4TpIcE7tSrhSRlaF4cMfMU7SovK8a','1'),(194,'anonymousUser','2022-12-04 14:23:52','vietmanager@gmail.com','2022-12-04 15:43:40','nguyenhuuducanh','https://lms-bucket-g23.s3.ap-southeast-1.amazonaws.com/vietmanager','vietmanager@gmail.com','Nguyen Huu Duc Anh','7FltoqA0HntQ9DdSLLoIkQEnPwUfER','0123456789',NULL,'$2a$10$WwRU3Kd8zwcD3rOeXv8BDO23l5wAvzn41c7LW5tFpLsMDFEapcvZ2','1'),(204,'anonymousUser','2022-12-04 14:24:35','xucxichbo@doivl.com','2022-12-04 14:26:36','nguyenquoctiep',NULL,'vietsupporter@gmail.com','Nguyen Quoc Tiep','Gj0bFms1S8LDmwLUwvM25WtQI4hjOm','0123456789',NULL,'$2a$10$go0mYnh3EaSg/2rCfJ15vOVaeZ4C7Kr2I0tipazQ4juqC4lGzRZh.','1'),(214,'xucxichbo@doivl.com','2022-12-04 14:40:26','xucxichbo@doivl.com','2022-12-04 14:40:26','vinhnvexpert3',NULL,'vinhnvexpert3@gmail.com','Nguyen Van Vinh',NULL,'0349642157','Nguyen Van Vinh - Expert 3',NULL,'1'),(224,'anonymousUser','2022-12-04 14:57:43','chungmanager3@gmail.com','2022-12-04 15:01:08','chungmanager3','https://lms-bucket-g23.s3.ap-southeast-1.amazonaws.com/chungmanager3','chungmanager3@gmail.com','Nguyen Van Chung','LMazs2XtwYmO0FCPZvjoAUpnWZpDcv','0349621899','Nguyen Van Chung - Manager 3','$2a$10$MuB7j7TExkq7sGaar4rjoeyJ.tynaANYKHTRKcA5tNuEMSZAygQke','1'),(234,'anonymousUser','2022-12-04 15:47:46','vietadmin@gmail.com','2022-12-04 15:48:30','nguyenthingocmai',NULL,'vietexpect@gmail.com','Nguyen Thi Ngoc Mai','M8nPDMs2Pw8v2T5tpLJIvZxogZNl39','0123456789',NULL,'$2a$10$zw2Ub4adswc5d4W/GEIHOuEOQK12rHTHRr2c6spXdTsCefVdjVlQu','1'),(244,'anonymousUser','2022-12-04 23:03:33','anonymousUser','2022-12-04 23:03:33','nguyenhuyhoang(k14hl)','https://lh3.googleusercontent.com/a/AEdFTp708nwFRfyG_gjaiaab9kFYBM9TMk1h_38lAfXS=s96-c','hoangnhhe141380@fpt.edu.vn','Nguyen Huy Hoang (K14 HL)',NULL,NULL,NULL,'$2a$10$AYI1u022Ym41WvyysGlJEODVe2diRZI/x0QGwCFXBbSI71ne9R7uC','1'),(254,'xucxichbo@doivl.com','2022-12-05 08:55:37','anonymousUser','2022-12-09 14:26:59','hoapt03',NULL,'hoapt3@gmail.com','Phan Thai Hoa',NULL,'0319624758','Trainee PTH','$2a$10$9YEvCpy2Q9Xy0vGzaUwMR.6MNNCOVjg0uV3EfcCdjv1TTwn925N/O','1'),(264,'xucxichbo@doivl.com','2022-12-05 08:56:44','giangnh3@gmail.com','2022-12-15 06:15:14','GiangNH3','https://lms-bucket-g23.s3.ap-southeast-1.amazonaws.com/giangnh3','giangnh3@gmail.com','Nguyen Hoang Giang',NULL,'0349642874','Nguyen Hoang Giang','$2a$10$YyNV93wISsUm.ZrrSIY4J.Q/H9Hc2MC3VetxC8ZURFEf2vwNvwjLW','1'),(274,'xucxichbo@doivl.com','2022-12-05 09:00:52','hangntt3@gmail.com','2022-12-05 11:22:59','hangntt3','https://lms-bucket-g23.s3.ap-southeast-1.amazonaws.com/hangntt3','hangntt3@gmail.com','Nguyen Thi Thu Hang',NULL,'0349648227','Nguyen Thi Thu Hang','$2a$10$GmrPUkHor/8ZZuaQzS4.CeuZ002rUHBY7Kznbxu9wO0wrTyxLTgGO','1'),(284,'xucxichbo@doivl.com','2022-12-05 09:01:42','xucxichbo@doivl.com','2022-12-14 03:51:50','quangvk3',NULL,'quangvk3@gmail.com','Van Khac Quang',NULL,'0349628177','Van Khac Quang',NULL,'1'),(294,'xucxichbo@doivl.com','2022-12-05 09:02:42','anonymousUser','2022-12-27 23:12:42','anhlt3',NULL,'anhlt3@gmail.com','Le Tuan Anh',NULL,'0316758421','Le Tuan Anh','$2a$10$uxmeFQSGqkERysuGpSIX4e3OMYs2z26UMLBP/QOEgTafuqV6QG9Q.','1'),(304,'xucxichbo@doivl.com','2022-12-05 09:04:06','xucxichbo@doivl.com','2022-12-05 09:04:06','nhattl3',NULL,'nhattl3@gmail.com','Tran Long Nhat',NULL,'0316245851','Tran Long Nhat',NULL,'1'),(314,'xucxichbo@doivl.com','2022-12-05 09:05:18','xucxichbo@doivl.com','2022-12-05 09:05:18','binhvd3',NULL,'binhvd3@gmail.com','Vu Dinh Binh',NULL,'0346214578','Vu Dinh Binh',NULL,'1'),(324,'xucxichbo@doivl.com','2022-12-05 09:06:08','xucxichbo@doivl.com','2022-12-05 09:06:08','ducdq3',NULL,'ducdq3@gmail.com','Dinh Quang Duc',NULL,'0162763157','Dinh Quang Duc',NULL,'1'),(334,'xucxichbo@doivl.com','2022-12-05 09:07:02','xucxichbo@doivl.com','2022-12-05 09:07:02','datvv3',NULL,'datvv3@gmail.com','Vuong Van Dat',NULL,'0349624152','Vuong Van Dat',NULL,'1'),(344,'xucxichbo@doivl.com','2022-12-05 09:07:37','anonymousUser','2022-12-19 19:14:03','davm3',NULL,'davm3@gmail.com','Vuong Minh Da',NULL,'0316425485','Vuong Minh Da','$2a$10$iW1a1ZINVoKLBkqNQ5MAnOeSOHFRRJEWFsceWjZLnEhAlP/qX/.M6','1'),(354,'xucxichbo@doivl.com','2022-12-05 09:08:50','anonymousUser','2022-12-16 08:11:30','khainv3',NULL,'khainv3@gmail.com','Nguyen Van Khai','7V3AdAr8nTc2eLlAeaRFh8kBktWiDF','0349629999','Nguyen Van Khai',NULL,'1'),(364,'xucxichbo@doivl.com','2022-12-05 09:09:35','xucxichbo@doivl.com','2022-12-05 09:09:35','diemvv3',NULL,'diemvv3@gmail.com','Vuong Van Diem',NULL,'0349227124','Vuong Van Diem',NULL,'1'),(374,'anonymousUser','2022-12-05 09:36:47','xucxichbo@doivl.com','2022-12-05 09:50:52','nguyenthihonghanh',NULL,'HanhNTH@gmail.com','Nguyễn Thị Hồng Hạnh','NyxCLU0rRWh2ogtZprH5jztfg9EVEi',NULL,NULL,'$2a$10$TJA.FQrQ5xD02aoYf6owJuNLsqLKQtwIx3VILdlMqtXMzQbvEHpNC','1'),(384,'anonymousUser','2022-12-05 09:52:11','anonymousUser','2022-12-05 09:58:37','kieucanhdinh',NULL,'DinhKC@gmail.com','Kiều Cảnh Dinh',NULL,NULL,NULL,'$2a$10$jo8z4q7SqlbBbyv3rX.7weJOKuA/LmE3GMo87y0P/fjjkDGjjAYVO','1'),(394,'anonymousUser','2022-12-05 15:07:09','anonymousUser','2022-12-05 16:05:24','nguyenhoang',NULL,'hoangnhhe141380@gmail.com','Nguyen Hoang',NULL,NULL,NULL,'$2a$10$B/.jP3CxXyKrqi8QEwB9Qe4KU5r6L9WxsEfKFEJGQGa7N1wuiJvGG','1'),(404,'viettrainer@gmail.com','2022-12-05 19:31:31','viettrainer@gmail.com','2022-12-05 19:31:31','trananh',NULL,'anhnt2@fe.edu.vn','Tran Anh',NULL,NULL,NULL,'$2a$10$UaNRyuepeoVooysbwL2ndus6vevcpTe0MHj9oNS1Xpy1ww09LIaKi','0'),(414,'viettrainer@gmail.com','2022-12-05 19:31:33','viettrainer@gmail.com','2022-12-05 19:31:33','quangvan',NULL,'vannq3@fe.edu.vn','Quang Van',NULL,NULL,NULL,'$2a$10$kefV354v4r8XZywZdgVWheajlhKzSETPJk1/JPjCE.dgkCgV6dz7i','0'),(424,'viettrainer@gmail.com','2022-12-06 16:32:51','viettrainer@gmail.com','2022-12-06 16:32:51','tranvanquyet',NULL,'quyettv@gmail.com','Tran Van Quyet',NULL,NULL,NULL,'$2a$10$7Sr/fsCaEOZx3xk3TDCuEeSIfpXaOgsG/QIE/9ITChlvktJmCmCFi','0'),(434,'anonymousUser','2022-12-08 11:30:09','anonymousUser','2022-12-08 11:30:09','hoang4',NULL,'hoangdt3@gmail.c','Hoang','mC9NfvW9De6z1USoGUOPAJ4OvXNO3Y',NULL,NULL,'$2a$10$1sdHov35KbQax8DjhduV3uKzhUq8sFGRX/ewmqW9ndU4GEwvipgh6','-1'),(444,'anonymousUser','2022-12-23 08:19:38','kiennt@fpt.edu.vn','2022-12-23 08:20:09','kiennt','https://lh3.googleusercontent.com/a/AEdFTp4UrGguHO5nwMyMKjeE5MAh4mOLOli0sXXJ4dQs=s96-c','kiennt@fpt.edu.vn','(Nguyen Trung) Kien',NULL,NULL,NULL,'$2a$10$M/eNryn7xJ6Qi1h/OoAgSO0v7m00AHN/RYPPELXEqHCRwejrLQN2u','1');
/*!40000 ALTER TABLE `user` ENABLE KEYS */;
UNLOCK TABLES;

--
-- Table structure for table `user_role`
--

DROP TABLE IF EXISTS `user_role`;
/*!40101 SET @saved_cs_client     = @@character_set_client */;
/*!40101 SET character_set_client = utf8 */;
CREATE TABLE `user_role` (
  `role_id` bigint(20) NOT NULL,
  `user_id` bigint(20) NOT NULL,
  `created_by` varchar(255) DEFAULT NULL,
  `created_date` datetime DEFAULT NULL,
  `modified_by` varchar(255) DEFAULT NULL,
  `modified_date` datetime DEFAULT NULL,
  `is_leader` bit(1) DEFAULT NULL,
  PRIMARY KEY (`role_id`,`user_id`),
  KEY `FK859n2jvi8ivhui0rl0esws6o` (`user_id`),
  CONSTRAINT `FK1sc2g2ox9c5m3j7k2horvcsmy` FOREIGN KEY (`role_id`) REFERENCES `setting` (`setting_id`),
  CONSTRAINT `FK859n2jvi8ivhui0rl0esws6o` FOREIGN KEY (`user_id`) REFERENCES `user` (`user_id`)
) ENGINE=InnoDB DEFAULT CHARSET=utf8;
/*!40101 SET character_set_client = @saved_cs_client */;

--
-- Dumping data for table `user_role`
--

LOCK TABLES `user_role` WRITE;
/*!40000 ALTER TABLE `user_role` DISABLE KEYS */;
/*!40000 ALTER TABLE `user_role` ENABLE KEYS */;
UNLOCK TABLES;

--
-- Table structure for table `user_roles`
--

DROP TABLE IF EXISTS `user_roles`;
/*!40101 SET @saved_cs_client     = @@character_set_client */;
/*!40101 SET character_set_client = utf8 */;
CREATE TABLE `user_roles` (
  `user_id` bigint(20) NOT NULL,
  `role_id` bigint(20) NOT NULL,
  KEY `FK7so15cfdoxfy1w9e9o8spfrdy` (`role_id`),
  KEY `FK55itppkw3i07do3h7qoclqd4k` (`user_id`),
  CONSTRAINT `FK55itppkw3i07do3h7qoclqd4k` FOREIGN KEY (`user_id`) REFERENCES `user` (`user_id`),
  CONSTRAINT `FK7so15cfdoxfy1w9e9o8spfrdy` FOREIGN KEY (`role_id`) REFERENCES `setting` (`setting_id`)
) ENGINE=InnoDB DEFAULT CHARSET=utf8;
/*!40101 SET character_set_client = @saved_cs_client */;

--
-- Dumping data for table `user_roles`
--

LOCK TABLES `user_roles` WRITE;
/*!40000 ALTER TABLE `user_roles` DISABLE KEYS */;
INSERT INTO `user_roles` VALUES (1,12),(14,16),(24,15),(34,13),(54,13),(64,13),(84,13),(94,13),(104,13),(114,13),(124,13),(134,13),(144,13),(154,13),(164,13),(204,15),(194,14),(184,12),(174,16),(214,17),(224,14),(234,17),(4,14),(44,13),(244,13),(254,13),(264,13),(274,13),(284,16),(294,13),(304,13),(314,13),(324,13),(334,13),(344,13),(354,13),(364,13),(374,13),(384,13),(394,13),(404,13),(414,13),(424,13),(434,13),(444,13),(74,13);
/*!40000 ALTER TABLE `user_roles` ENABLE KEYS */;
UNLOCK TABLES;

--
-- Table structure for table `web_contact`
--

DROP TABLE IF EXISTS `web_contact`;
/*!40101 SET @saved_cs_client     = @@character_set_client */;
/*!40101 SET character_set_client = utf8 */;
CREATE TABLE `web_contact` (
  `contact_id` bigint(20) NOT NULL AUTO_INCREMENT,
  `created_by` varchar(255) DEFAULT NULL,
  `created_date` datetime DEFAULT NULL,
  `modified_by` varchar(255) DEFAULT NULL,
  `modified_date` datetime DEFAULT NULL,
  `email` varchar(40) DEFAULT NULL,
  `full_name` varchar(255) DEFAULT NULL,
  `message` text,
  `mobile` varchar(255) DEFAULT NULL,
  `status` varchar(255) DEFAULT NULL,
  `category_id` bigint(20) DEFAULT NULL,
  `staff_id` bigint(20) DEFAULT NULL,
  `response` text,
  PRIMARY KEY (`contact_id`),
  KEY `FK5vib470hmeexgdgrm8hpi1sqn` (`category_id`),
  KEY `FK75it2sei0l4vtj7cobflr7q4h` (`staff_id`),
  CONSTRAINT `FK5vib470hmeexgdgrm8hpi1sqn` FOREIGN KEY (`category_id`) REFERENCES `setting` (`setting_id`),
  CONSTRAINT `FK75it2sei0l4vtj7cobflr7q4h` FOREIGN KEY (`staff_id`) REFERENCES `user` (`user_id`)
) ENGINE=InnoDB AUTO_INCREMENT=75 DEFAULT CHARSET=utf8;
/*!40101 SET character_set_client = @saved_cs_client */;

--
-- Dumping data for table `web_contact`
--

LOCK TABLES `web_contact` WRITE;
/*!40000 ALTER TABLE `web_contact` DISABLE KEYS */;
INSERT INTO `web_contact` VALUES (4,'anonymousUser','2022-12-07 13:46:32','vietsupporter@gmail.com','2022-12-07 13:49:15','mangcuttypn@gmail.com','Nguyen Quoc Viet','How can I pay tuition?','0984376592','1',114,204,NULL),(14,'anonymousUser','2022-12-14 09:38:53','anonymousUser','2022-12-14 09:38:53','mangcuttypn@gmail.com','Nguyen Quoc Viet','Tài khoản của em vẫn chưa được verify ạ','0975835276','1',114,NULL,NULL),(24,'anonymousUser','2022-12-14 09:39:45','anonymousUser','2022-12-14 09:39:45','khanhmyla@gmail.com','Bui Dinh Hoang ','Em không đăng nhập được ạ','0975835276','1',114,NULL,NULL),(34,'anonymousUser','2022-12-14 09:40:07','anonymousUser','2022-12-14 09:40:07','thangbd@gmail.com','Bui Duc Thang','Em không đăng nhập được ạ','0975835276','1',114,NULL,NULL),(44,'anonymousUser','2022-12-14 09:40:34','anonymousUser','2022-12-14 09:40:34','thangbd@gmail.com','Bui Thi Nhung','Em không xem được post ạ','0975835276','1',124,NULL,NULL),(54,'anonymousUser','2022-12-14 09:43:36','anonymousUser','2022-12-14 09:43:36','lamht@gmail.com','Hoang Tung Lam','Em không nộp được bài ạ','0975835276','1',124,NULL,NULL),(64,'anonymousUser','2022-12-14 09:43:57','anonymousUser','2022-12-14 09:43:57','dungpc@gmail.com','Pham Chi Dung','Em không nộp được bài ạ','0975835276','1',124,NULL,NULL),(74,'anonymousUser','2022-12-14 09:44:49','anonymousUser','2022-12-14 09:44:49','dungpc@gmail.com','Pham Chi Dung','Em không nộp được bài ạ','0975835276','1',124,NULL,NULL);
/*!40000 ALTER TABLE `web_contact` ENABLE KEYS */;
UNLOCK TABLES;

--
-- Table structure for table `work_eval`
--

DROP TABLE IF EXISTS `work_eval`;
/*!40101 SET @saved_cs_client     = @@character_set_client */;
/*!40101 SET character_set_client = utf8 */;
CREATE TABLE `work_eval` (
  `work_eval_id` bigint(20) NOT NULL AUTO_INCREMENT,
  `created_by` varchar(255) DEFAULT NULL,
  `created_date` datetime DEFAULT NULL,
  `modified_by` varchar(255) DEFAULT NULL,
  `modified_date` datetime DEFAULT NULL,
  `comment` varchar(255) DEFAULT NULL,
  `new_comment` varchar(255) DEFAULT NULL,
  `work_eval` bigint(20) NOT NULL,
  `complexity_id` bigint(20) DEFAULT NULL,
  `milestone_id` bigint(20) DEFAULT NULL,
  `quality_id` bigint(20) DEFAULT NULL,
  `work_id` bigint(20) DEFAULT NULL,
  `submit_id` bigint(20) DEFAULT NULL,
  PRIMARY KEY (`work_eval_id`),
  KEY `FKcl4pw8b1fdi8rboqw1hd1y6xb` (`complexity_id`),
  KEY `FKlenyjlo3y6m7ghfurgw7ipgpe` (`milestone_id`),
  KEY `FKmj75spnxrh91mvgl5ppov28pc` (`quality_id`),
  KEY `FKlxkd1ky693tr0lytig2ra9nw3` (`work_id`,`submit_id`),
  CONSTRAINT `FKcl4pw8b1fdi8rboqw1hd1y6xb` FOREIGN KEY (`complexity_id`) REFERENCES `subject_setting` (`subject_setting_id`),
  CONSTRAINT `FKlenyjlo3y6m7ghfurgw7ipgpe` FOREIGN KEY (`milestone_id`) REFERENCES `milestone` (`milestone_id`),
  CONSTRAINT `FKlxkd1ky693tr0lytig2ra9nw3` FOREIGN KEY (`work_id`, `submit_id`) REFERENCES `submit_work` (`work_id`, `submit_id`),
  CONSTRAINT `FKmj75spnxrh91mvgl5ppov28pc` FOREIGN KEY (`quality_id`) REFERENCES `subject_setting` (`subject_setting_id`)
) ENGINE=InnoDB AUTO_INCREMENT=565 DEFAULT CHARSET=utf8;
/*!40101 SET character_set_client = @saved_cs_client */;

--
-- Dumping data for table `work_eval`
--

LOCK TABLES `work_eval` WRITE;
/*!40000 ALTER TABLE `work_eval` DISABLE KEYS */;
INSERT INTO `work_eval` VALUES (74,'duynvtrainer3@gmail.com','2022-12-09 14:41:51','duynvtrainer3@gmail.com','2022-12-09 14:41:51','good',NULL,80,114,44,64,134,824),(84,'duynvtrainer3@gmail.com','2022-12-09 15:00:51','duynvtrainer3@gmail.com','2022-12-09 15:00:51','good job',NULL,120,114,54,74,134,824),(94,'duynvtrainer3@gmail.com','2022-12-09 15:01:38','duynvtrainer3@gmail.com','2022-12-09 15:01:38','good',NULL,80,114,54,64,164,914),(104,'viettrainer@gmail.com','2022-12-11 15:22:31','viettrainer@gmail.com','2022-12-11 15:22:31','good',NULL,100,194,84,224,184,2734),(114,'viettrainer@gmail.com','2022-12-11 15:24:09','viettrainer@gmail.com','2022-12-11 15:24:09','not bad',NULL,75,194,84,234,184,2854),(124,'viettrainer@gmail.com','2022-12-11 15:24:25','viettrainer@gmail.com','2022-12-11 15:24:25','bad',NULL,50,194,84,244,184,2914),(134,'duynvtrainer3@gmail.com','2022-12-11 15:27:45','duynvtrainer3@gmail.com','2022-12-11 15:27:45','not bad',NULL,80,114,24,64,194,584),(144,'duynvtrainer3@gmail.com','2022-12-11 15:28:03','duynvtrainer3@gmail.com','2022-12-11 15:28:03','bad',NULL,50,114,24,54,194,604),(154,'viettrainer@gmail.com','2022-12-14 10:02:15','viettrainer@gmail.com','2022-12-14 10:02:15','good',NULL,100,194,94,224,244,2864),(164,'duynvtrainer3@gmail.com','2022-12-15 06:59:47','duynvtrainer3@gmail.com','2022-12-15 06:59:47','Good',NULL,68,104,24,64,194,594),(174,'duynvtrainer3@gmail.com','2022-12-16 10:03:00','duynvtrainer3@gmail.com','2022-12-16 10:03:00','Good',NULL,68,104,34,64,334,704),(184,'duynvtrainer3@gmail.com','2022-12-17 14:17:51','duynvtrainer3@gmail.com','2022-12-17 14:17:51','Good',NULL,68,104,54,64,354,924),(194,'duynvtrainer3@gmail.com','2022-12-17 14:23:26','duynvtrainer3@gmail.com','2022-12-17 14:23:26','Good',NULL,50,114,44,54,144,814),(204,'duynvtrainer3@gmail.com','2022-12-18 06:56:02','duynvtrainer3@gmail.com','2022-12-18 06:56:02','Good',NULL,80,114,54,64,144,814),(214,'davm3@gmail.com','2022-12-20 15:05:20','davm3@gmail.com','2022-12-20 15:05:20','ye',NULL,30,94,44,54,154,884),(224,'duynvtrainer3@gmail.com','2022-12-20 15:07:48','duynvtrainer3@gmail.com','2022-12-20 15:07:48','update di',NULL,55,104,24,84,194,664),(234,'viettrainer@gmail.com','2022-12-22 04:09:18','viettrainer@gmail.com','2022-12-22 04:09:18','good',NULL,75,194,84,234,184,3034),(244,'viettrainer@gmail.com','2022-12-22 04:31:17','viettrainer@gmail.com','2022-12-22 04:31:17','good',NULL,75,204,94,224,234,3544),(254,'viettrainer@gmail.com','2022-12-22 04:33:48','viettrainer@gmail.com','2022-12-22 04:33:48','not bad',NULL,75,194,94,234,214,3484),(264,'viettrainer@gmail.com','2022-12-24 16:22:46','viettrainer@gmail.com','2022-12-24 16:22:46','good',NULL,200,294,164,334,674,4984),(274,'viettrainer@gmail.com','2022-12-24 16:23:07','viettrainer@gmail.com','2022-12-24 16:23:07','good',NULL,175,294,164,324,684,5184),(284,'viettrainer@gmail.com','2022-12-24 16:23:26','viettrainer@gmail.com','2022-12-24 16:23:26','bad',NULL,100,294,164,304,694,5224),(294,'viettrainer@gmail.com','2022-12-24 16:24:32','viettrainer@gmail.com','2022-12-24 16:24:32','very good',NULL,200,294,164,334,594,4904),(304,'viettrainer@gmail.com','2022-12-24 16:24:48','viettrainer@gmail.com','2022-12-24 16:24:48','not bad',NULL,150,294,164,314,604,5024),(314,'viettrainer@gmail.com','2022-12-24 16:25:33','viettrainer@gmail.com','2022-12-24 16:25:33','good',NULL,175,294,164,324,614,5064),(324,'viettrainer@gmail.com','2022-12-24 16:25:56','viettrainer@gmail.com','2022-12-24 16:25:56','too bad',NULL,100,294,164,304,624,5304),(334,'viettrainer@gmail.com','2022-12-24 16:27:00','viettrainer@gmail.com','2022-12-24 16:27:00','too bad',NULL,100,294,164,304,634,4944),(344,'viettrainer@gmail.com','2022-12-24 16:27:23','viettrainer@gmail.com','2022-12-24 16:27:23','good',NULL,175,294,164,324,644,5104),(354,'viettrainer@gmail.com','2022-12-24 16:27:31','viettrainer@gmail.com','2022-12-24 16:27:31','good',NULL,175,294,164,324,654,5144),(364,'viettrainer@gmail.com','2022-12-24 16:27:45','viettrainer@gmail.com','2022-12-24 16:27:45','very good',NULL,200,294,164,334,664,5264),(374,'viettrainer@gmail.com','2022-12-24 17:16:36','viettrainer@gmail.com','2022-12-24 17:16:36','good',NULL,100,194,104,224,814,2934),(384,'viettrainer@gmail.com','2022-12-24 18:20:14','viettrainer@gmail.com','2022-12-24 18:20:14','good',NULL,150,274,174,334,834,4914),(394,'viettrainer@gmail.com','2022-12-24 18:20:42','viettrainer@gmail.com','2022-12-24 18:20:42','good',NULL,180,284,174,334,834,4954),(404,'viettrainer@gmail.com','2022-12-24 18:21:05','viettrainer@gmail.com','2022-12-24 18:21:05','good job',NULL,150,274,174,334,834,4994),(414,'viettrainer@gmail.com','2022-12-24 18:21:33','viettrainer@gmail.com','2022-12-24 18:21:33','bad',NULL,100,264,174,334,834,5034),(424,'viettrainer@gmail.com','2022-12-24 18:21:59','viettrainer@gmail.com','2022-12-24 18:21:59','not bad',NULL,150,274,174,334,834,5074),(434,'viettrainer@gmail.com','2022-12-24 18:22:22','viettrainer@gmail.com','2022-12-24 18:22:22','good job',NULL,180,284,174,334,834,5114),(444,'viettrainer@gmail.com','2022-12-24 18:22:51','viettrainer@gmail.com','2022-12-24 18:22:51','very good',NULL,200,294,174,334,834,5154),(454,'viettrainer@gmail.com','2022-12-24 18:23:07','viettrainer@gmail.com','2022-12-24 18:23:07','bad',NULL,100,264,174,334,834,5194),(464,'viettrainer@gmail.com','2022-12-24 18:23:25','viettrainer@gmail.com','2022-12-24 18:23:25','not bad',NULL,150,274,174,334,834,5234),(474,'viettrainer@gmail.com','2022-12-24 18:23:43','viettrainer@gmail.com','2022-12-24 18:23:43','bad',NULL,100,264,174,334,834,5274),(484,'viettrainer@gmail.com','2022-12-24 18:24:02','viettrainer@gmail.com','2022-12-24 18:24:02','very good',NULL,200,294,174,334,834,5314),(494,'viettrainer@gmail.com','2022-12-28 01:35:59','viettrainer@gmail.com','2022-12-28 01:35:59','very good',NULL,200,294,184,334,844,4924),(504,'viettrainer@gmail.com','2022-12-28 01:36:14','viettrainer@gmail.com','2022-12-28 01:36:14','very good',NULL,157,284,184,324,854,5044),(514,'viettrainer@gmail.com','2022-12-28 01:36:26','viettrainer@gmail.com','2022-12-28 01:36:26','very good',NULL,112,274,184,314,864,5084),(524,'viettrainer@gmail.com','2022-12-28 01:51:20','viettrainer@gmail.com','2022-12-28 01:51:20','very good',NULL,200,294,194,334,854,5044),(534,'viettrainer@gmail.com','2022-12-28 01:51:55','viettrainer@gmail.com','2022-12-28 01:51:55','good',NULL,157,284,194,324,954,4934),(544,'viettrainer@gmail.com','2022-12-28 01:52:01','viettrainer@gmail.com','2022-12-28 01:52:01','good',NULL,175,294,194,324,964,5054),(554,'viettrainer@gmail.com','2022-12-28 01:53:31','viettrainer@gmail.com','2022-12-28 01:53:31','good',NULL,157,284,194,324,984,5334),(564,'viettrainer@gmail.com','2022-12-28 01:53:39','viettrainer@gmail.com','2022-12-28 01:53:39','good',NULL,200,294,194,334,974,5094);
/*!40000 ALTER TABLE `work_eval` ENABLE KEYS */;
UNLOCK TABLES;

--
-- Table structure for table `work_update_tbl`
--

DROP TABLE IF EXISTS `work_update_tbl`;
/*!40101 SET @saved_cs_client     = @@character_set_client */;
/*!40101 SET character_set_client = utf8 */;
CREATE TABLE `work_update_tbl` (
  `work_update_id` bigint(20) NOT NULL AUTO_INCREMENT,
  `created_by` varchar(255) DEFAULT NULL,
  `created_date` datetime DEFAULT NULL,
  `modified_by` varchar(255) DEFAULT NULL,
  `modified_date` datetime DEFAULT NULL,
  `description` varchar(255) DEFAULT NULL,
  `title` varchar(255) DEFAULT NULL,
  `update_date` date DEFAULT NULL,
  `milestone_id` bigint(20) DEFAULT NULL,
  `requirement_id` bigint(20) DEFAULT NULL,
  `submit_id` bigint(20) DEFAULT NULL,
  PRIMARY KEY (`work_update_id`),
  KEY `FKa16w5laqejhwtjpby9rhshjxm` (`milestone_id`),
  KEY `FKlugsyb14nvwj3x1g82bejgrjk` (`requirement_id`),
  KEY `FK9pvhip5y6ay2l39sw08uhervp` (`submit_id`),
  CONSTRAINT `FK9pvhip5y6ay2l39sw08uhervp` FOREIGN KEY (`submit_id`) REFERENCES `submit_tbl` (`submit_id`),
  CONSTRAINT `FKa16w5laqejhwtjpby9rhshjxm` FOREIGN KEY (`milestone_id`) REFERENCES `milestone` (`milestone_id`),
  CONSTRAINT `FKlugsyb14nvwj3x1g82bejgrjk` FOREIGN KEY (`requirement_id`) REFERENCES `issue_tbl` (`issue_id`)
) ENGINE=InnoDB AUTO_INCREMENT=85 DEFAULT CHARSET=utf8;
/*!40101 SET character_set_client = @saved_cs_client */;

--
-- Dumping data for table `work_update_tbl`
--

LOCK TABLES `work_update_tbl` WRITE;
/*!40000 ALTER TABLE `work_update_tbl` DISABLE KEYS */;
INSERT INTO `work_update_tbl` VALUES (34,'giangnh3@gmail.com','2022-12-16 09:55:06','giangnh3@gmail.com','2022-12-16 09:55:06','Complete','Fix bugs','2022-12-16',34,194,594),(44,'giangnh3@gmail.com','2022-12-17 09:55:42','giangnh3@gmail.com','2022-12-17 09:55:42','Login with Google Account','Fix bug Login','2022-12-17',34,194,594),(54,'davm3@gmail.com','2022-12-20 15:09:25','davm3@gmail.com','2022-12-20 15:09:25','update content','update 1','2022-12-20',34,194,664),(64,'davm3@gmail.com','2022-12-20 16:18:19','davm3@gmail.com','2022-12-20 16:18:19','update round 1','update round 1','2022-12-20',44,154,884),(74,'lammht@gmail.com','2022-12-23 11:22:58','lammht@gmail.com','2022-12-23 11:22:58','Em đã Fix xong hết bug ạ','Em đã Fix xong hết bug ạ','2022-12-23',134,214,3484),(84,'nhungbt@gmail.com','2022-12-28 01:49:56','nhungbt@gmail.com','2022-12-28 01:49:56','Em đã bổ sung những phần còn thiếu','Em đã bổ sung những phần còn thiếu','2022-12-28',184,854,5044);
/*!40000 ALTER TABLE `work_update_tbl` ENABLE KEYS */;
UNLOCK TABLES;

--
-- Dumping routines for database 'heroku_740a305870b5dd6'
--
/*!40103 SET TIME_ZONE=@OLD_TIME_ZONE */;

/*!40101 SET SQL_MODE=@OLD_SQL_MODE */;
/*!40014 SET FOREIGN_KEY_CHECKS=@OLD_FOREIGN_KEY_CHECKS */;
/*!40014 SET UNIQUE_CHECKS=@OLD_UNIQUE_CHECKS */;
/*!40101 SET CHARACTER_SET_CLIENT=@OLD_CHARACTER_SET_CLIENT */;
/*!40101 SET CHARACTER_SET_RESULTS=@OLD_CHARACTER_SET_RESULTS */;
/*!40101 SET COLLATION_CONNECTION=@OLD_COLLATION_CONNECTION */;
/*!40111 SET SQL_NOTES=@OLD_SQL_NOTES */;

-- Dump completed on 2023-03-20  3:47:48
